,Mahalanobis,is_outlier_99pct
19006,11489.450994921039,True
1914,4095.060431364639,True
3364,2676.7617380785305,True
16669,1895.1178023325974,True
11862,1290.829262600659,True
15360,999.0675308129114,True
12447,930.4244243723041,True
1102,656.8649532651611,True
1913,654.9483720392524,True
9880,626.1469608704997,True
1240,584.6322274251435,True
9676,575.535469386437,True
1912,519.5746157824138,True
11707,513.5517749448214,True
2395,467.2330912176642,True
20113,418.55208612787055,True
13034,413.3107900479868,True
1872,390.3836783376677,True
3086,380.49122433667225,True
1926,271.361029518962,True
13950,267.6168865338066,True
19736,267.38546814290993,True
20094,217.87692131492057,True
13965,202.7352904373116,True
10080,197.0579896564468,True
13139,188.9987345665766,True
1239,180.0346498725906,True
3258,174.21090039736566,True
6057,164.4003586632426,True
18681,154.8507699856665,True
13973,154.16455310684728,True
6066,154.08381960885808,True
1867,153.99262857943,True
13943,143.07922189765426,True
2397,135.55487548777072,True
19977,134.8103387491927,True
12390,125.30224595650634,True
1925,123.87682446255994,True
13964,123.60169632861273,True
1024,122.46730045346757,True
19976,116.04998171961044,True
12215,114.8274610853537,True
11849,113.88201455564861,True
9019,111.87675070996872,True
1238,111.78350321507524,True
2511,107.46366833719225,True
1234,107.1664445973387,True
11708,105.882154222705,True
10082,103.91696694939135,True
9681,103.17568286594556,True
922,103.08328644544837,True
2396,101.01397044562174,True
11725,100.03027561916707,True
9678,96.6984594023999,True
9744,96.26770019976148,True
10077,94.83542900201768,True
12623,94.53184609438941,True
13971,94.38075590088968,True
13912,92.01598599528566,True
1566,90.959412669847,True
10067,90.03413009924222,True
9122,89.39062399299408,True
19975,89.13585663950902,True
10079,87.03858297678714,True
13911,86.24226349967881,True
20093,84.86475100065881,True
9697,83.36234467643988,True
9451,82.96391519236491,True
5538,82.17123075416252,True
11706,78.36484603191182,True
4559,77.98366931567001,True
6338,76.51718338461973,True
13923,76.48547467093007,True
11722,74.37059548886046,True
11713,73.53608893295663,True
19435,73.3364096197951,True
11866,71.79028570342467,True
13958,70.22030521109765,True
11834,69.89381361606631,True
12430,69.8036456632145,True
18985,68.91466986945052,True
19536,68.26309405202353,True
19807,67.4623262365851,True
13176,66.59907135103822,True
9145,66.03738407606846,True
13387,63.648274154557924,True
17858,63.19015676025094,True
4352,63.17676641398589,True
17118,61.860368277624566,True
9370,61.174016269342,True
18501,60.744019667712564,True
19789,59.33745788263493,True
6065,58.75066653790902,True
9183,58.71065078543349,True
10081,58.540090337372305,True
12106,58.37489874742065,True
11705,57.502179064072344,True
12137,57.14006647252522,True
9018,57.10816701781972,True
10405,56.690113886253116,True
12201,56.67362764849952,True
9166,55.798677947585865,True
13382,55.61375093736356,True
4604,55.54409530430846,True
16171,54.4504693757542,True
15413,54.30231825047075,True
8878,54.06780224818858,True
12152,53.83919138805373,True
12132,53.757504318873224,True
17170,53.61097885604942,True
6736,53.199754737155004,True
9193,53.09271558546298,True
6061,52.96675343936183,True
8848,52.7543429731082,True
9666,52.71649622128224,True
13919,52.346279186023516,True
2776,51.758363209868136,True
5242,51.151388930368775,True
5275,51.07524476796717,True
8854,50.892439855487446,True
3603,50.71702255408173,True
4626,50.67718847890278,True
6591,50.42426728548246,True
11714,50.27670806328603,True
1889,50.236248112858085,True
19802,50.073058281820416,True
8849,49.694805550398534,True
4606,49.656098572818756,True
16828,49.5091281891946,True
14553,49.251589096683595,True
18858,49.24588806271959,True
13945,49.16844298543182,True
8846,48.97737019536849,True
6727,48.58580966282045,True
5248,48.57762935410857,True
11720,48.35967204769997,True
18052,48.102206131310865,True
2398,48.082219239688676,True
6592,47.90592242485704,True
10673,47.81812266608615,True
11912,47.61348890747938,True
8853,47.43322461454895,True
1010,47.1985116412153,True
13080,46.98432792232234,True
6391,46.925758238346134,True
10760,46.89336256052388,True
6297,46.816207814114904,True
5257,46.777735241955405,True
17166,46.76222762100284,True
17770,46.641672399233215,True
18363,46.5080702523928,True
19806,45.6752252988614,True
9663,45.601356002126714,True
12109,45.52436406428362,True
13947,45.19451348548163,True
5281,45.11242763387599,True
11520,45.09234128260294,True
5247,44.881667244417265,True
5291,44.55596145483278,True
12214,44.54145639070515,True
16915,44.46679169979393,True
12303,44.42679157381148,True
15241,44.42077967362507,True
12119,44.35900964577447,True
6055,44.13078922136459,True
13956,44.10438946988593,True
11775,44.051640029655,True
8805,44.01824710636325,True
5494,43.983438639164234,True
9135,43.65812003523638,True
15337,43.32461374778832,True
1910,43.07745894394601,True
13942,42.968412662995696,True
15698,42.68081094841242,True
13928,42.66106137839719,True
8847,42.579455630653705,True
17111,42.43288012973176,True
8851,42.39671986547378,True
4616,42.25694994824279,True
13927,42.20457717418892,True
8850,42.11694891720651,True
16910,41.990855643860094,True
5260,41.96163893804137,True
19362,41.911013137707585,True
13374,41.16471547614745,True
17107,41.15142292521555,True
13886,40.744291562976514,True
9659,40.526831984649505,True
12394,40.24690961829273,True
11870,40.107684044104026,True
10483,39.78310152628629,True
864,39.77640608281981,True
17777,39.547033918527525,True
11828,39.337309039274906,True
13961,39.00806062359511,True
5921,38.835767355113454,True
1060,38.81372320121896,True
13929,38.484703011830966,True
8876,38.47720364254079,True
5964,38.27680265023375,True
13889,38.257522981570474,True
865,38.235609986864844,True
12814,38.135739973316646,True
20530,37.90867966522035,True
4220,37.82436738609891,True
12067,37.793282120207095,True
18504,37.73300204503549,True
4229,37.542518509518494,True
9662,36.88724323720568,True
18341,36.85749230712186,True
13924,36.68323482728772,True
17162,36.65351498997657,True
3348,36.605033302548975,True
710,36.52548020031991,True
10076,36.32380990433395,True
17690,36.32341437627493,True
3349,36.25159255812489,True
9133,36.209007787780976,True
1583,36.194318550202034,True
4636,35.82532154940634,True
9661,35.77717366127116,True
3177,35.73510365317083,True
13979,35.67837716857646,True
2799,35.58050468318338,True
570,35.4132551766307,True
20629,35.38713367488001,True
13848,35.19066919920966,True
1645,35.00748098648648,True
11848,34.72853387385227,True
11831,34.72314598809152,True
15231,34.63638731385061,True
5272,34.546472798974754,True
13788,34.32170840452786,True
10084,34.01968611793828,True
10749,33.97201790992882,True
13370,33.946042736114045,True
3358,33.89225366099032,True
5253,33.86965300204984,True
13900,33.59682889069514,True
5258,33.48334312548854,True
12817,33.337990758116206,True
18823,33.25363283556975,True
6731,33.25047291014117,True
6329,33.17150796576144,True
13926,33.13424939565203,True
11989,33.105908185595155,True
13930,32.99497075785327,True
18745,32.91122510658998,True
511,32.84863233309709,True
11710,32.7843744618999,True
854,32.541689284355456,True
871,32.486848656815006,True
9081,32.46695258109693,True
18209,32.26480415173336,True
3359,32.118693133447,True
20074,32.07204148772431,True
5924,32.06525160788,True
5244,32.05177482332833,True
4116,31.97512492129352,True
4042,31.90003444911609,True
5256,31.858932068477454,True
15220,31.754790327868147,True
8467,31.737033580440404,True
1700,31.617786483027317,True
12671,31.523999880056238,True
11721,31.21675367953936,True
16175,31.04294860254204,True
17310,30.888738083088505,True
9716,30.841898304677816,True
14543,30.750960865302183,True
2779,30.750531800157916,True
4047,30.734737312958583,True
13379,30.628647046547837,True
8804,30.507682011883624,True
2800,30.34240715214642,True
1646,30.17438622957824,True
17113,30.072082500025772,True
15215,29.913249375124316,True
4035,29.733879848280488,True
18875,29.724614746766804,True
12405,29.716858016194283,True
13922,29.70094277598506,True
15779,29.698148799923686,True
10517,29.53076386868225,True
3126,29.497062332702257,True
3346,29.39556145818654,True
13978,29.345607944499356,True
14558,29.296992984540424,True
13970,29.276317197827325,True
514,29.255178502606228,True
5361,29.170583939975216,True
12307,28.97221414794421,True
12006,28.88140448041348,True
11865,28.841026095504404,True
13221,28.822593900888283,True
3368,28.804389245945746,True
19780,28.72976163672163,True
16913,28.69212674426195,True
13361,28.63800069351562,True
20112,28.62975358586478,True
20163,28.56109174961567,True
3648,28.523622791132258,True
9316,28.42185001219108,True
3942,28.32995291995814,True
8716,28.300448437362096,True
18354,28.270068435775613,True
9154,28.221297272263392,True
1233,28.22026413990419,True
5243,28.16587411364732,True
18362,28.154133904189305,True
15061,28.045141150610803,True
14209,28.033968277371137,True
10458,27.998179513199076,True
512,27.97935243797439,True
12458,27.792695724406993,True
13944,27.779997563195792,True
13742,27.76587566057445,True
18859,27.7481914211205,True
17845,27.68887072515267,True
19803,27.66070134928438,True
9167,27.606960376507057,True
10078,27.55233220628597,True
3357,27.500011249149804,True
9670,27.344722098885182,True
5318,27.333744045970143,True
11728,27.28686219909762,True
986,27.257325424986647,True
18824,27.176166011961406,True
3356,27.155223666793034,True
18361,27.15130531140987,True
12191,27.140491817568734,True
13887,27.105466845177375,True
8874,27.066213435384217,True
3363,27.052840242168436,True
3317,27.047143643809214,True
20563,27.02545788015886,True
3347,27.00275664805281,True
20353,26.95309264415093,True
6726,26.928624581144003,True
6724,26.797304471252357,True
1021,26.766614368292547,True
12454,26.76127027439958,True
11729,26.652646852378343,True
5493,26.558659833386688,True
9170,26.460227110938884,True
6712,26.402931570035072,True
13181,26.33379278360884,True
13051,26.245761417545825,True
3355,26.221236986647344,True
9013,26.179575537781407,True
14486,26.073776397174214,True
4093,26.034854132289716,True
20440,25.98782601258659,True
15049,25.949910317428305,True
1564,25.90117262038317,True
13099,25.815843247009347,True
3362,25.741283918685372,True
3345,25.697885021818248,True
10948,25.613949865859677,True
3621,25.480429828431365,True
13976,25.41425322747503,True
5628,25.36646968816653,True
2963,25.317148175159403,True
8578,25.242292760570606,True
18366,25.136047818742256,True
9159,25.128550847228215,True
18980,25.119449768324277,True
13885,25.034921202111512,True
9185,24.84340825712512,True
13878,24.8332064046149,True
8794,24.790316689207437,True
8717,24.56643217865801,True
12115,24.55927452909603,True
11867,24.46486164994538,True
18857,24.44823864911111,True
1586,24.342409873727945,True
18837,24.127414867383163,True
12361,24.08362243334966,True
18327,24.081979095891537,True
3360,24.015312713855117,True
3367,24.00774996395603,True
11853,23.990217684032206,True
20544,23.90194488748633,True
12446,23.827212577260752,True
12444,23.696840461735558,True
15697,23.63458154869525,True
12129,23.61776172474925,True
12114,23.616843070358147,True
9671,23.609405787995637,True
3365,23.570012728820817,True
15629,23.546730978927087,True
16011,23.448161261020843,True
510,23.418401226334836,True
4492,23.358800263331506,True
4622,23.33576184498268,True
17551,23.291399683132703,True
18814,23.226163859513512,True
2775,23.191291662504085,True
5540,23.099145049649692,True
15203,23.042667197477975,True
3361,23.039887583324283,True
9381,23.032351710179647,True
16908,23.02484738904733,True
5360,22.956813498973563,True
12365,22.94357577778682,True
13959,22.9344873722619,True
13715,22.871723230367955,True
1868,22.850345364128334,True
6518,22.818674017892583,True
3369,22.808081632632934,True
11490,22.805955517197667,True
16839,22.805428905602334,True
16020,22.721898291920446,True
6516,22.700226567937364,True
12457,22.67958956241369,True
5728,22.615337216084697,True
12948,22.59935625540864,True
11856,22.514900290674102,True
12954,22.48205937540067,True
15659,22.41877049382919,True
11505,22.40758863381269,True
9010,22.336325691808504,True
12376,22.31777347555763,True
12451,22.26229678989754,True
15524,22.260711729642335,True
10759,22.211868005622918,True
18813,22.19111449439975,True
19616,22.184743571202375,True
11719,22.110285516919298,True
19452,22.1016403714146,True
20436,22.099386940332185,True
6287,22.05901675574401,True
2778,22.02588725459939,True
6576,22.01948335437115,True
5724,21.971855995765853,True
12450,21.929183514864377,True
3858,21.92523959596356,True
3292,21.907348400260318,True
4266,21.895233464797695,True
12703,21.875373145339864,True
18818,21.87379733724576,True
5252,21.774584098195515,True
11727,21.755522254162287,True
1871,21.697387741538943,True
5298,21.603922898146216,True
16606,21.599787316703413,True
9881,21.569354228127324,True
18825,21.542711722074287,True
13378,21.542147746974578,True
17824,21.531259242808442,True
10682,21.490306670364554,True
9286,21.44686508061079,True
12349,21.417705342211953,True
18847,21.41456854847553,True
2656,21.39922435265308,True
10742,21.378085437575045,True
12453,21.29887238808206,True
9677,21.27758323297552,True
8882,21.267575813732076,True
14329,21.26271527761901,True
16598,21.25813198514989,True
12456,21.215544071113825,True
13383,21.207928711941342,True
869,21.187712917981884,True
13920,21.18339254958984,True
15785,21.142105663825035,True
6720,21.11014931163556,True
20316,21.10415823734102,True
9004,21.007436371422017,True
14417,21.001547439106098,True
20424,20.98880344334325,True
18815,20.985590240541384,True
131,20.94936093210712,True
1621,20.947064771573977,True
9748,20.929483821798247,True
20278,20.854829035613978,True
5264,20.85390163836674,True
13834,20.82387610088528,True
15996,20.82269320040229,True
19800,20.79680666324532,True
10745,20.720454294984183,True
16019,20.707505400799555,True
15691,20.697804043903602,True
15117,20.697434368187437,True
18817,20.66208288912398,True
15114,20.64963993868738,True
10075,20.5815766374949,True
12077,20.54200184119987,True
17460,20.42367392303419,True
13132,20.384594602899,True
10764,20.37659546899752,True
12227,20.354846523277637,True
15786,20.345140533919235,True
10539,20.33709156564163,True
3344,20.285682818060643,True
17457,20.28338037586201,True
13182,20.269349356175432,True
18835,20.216225466665872,True
17855,20.20374250975342,True
10644,20.203495863614958,True
1560,20.18708228820541,True
6073,20.18601225562191,True
16911,20.166591751496505,True
18828,20.162401050078113,True
18827,20.157887593492866,True
16420,20.1509049570271,True
1879,20.133856114396405,True
6725,20.131737829255698,True
11723,20.072304685415386,False
12460,20.069114151351776,False
9064,20.067524304117207,False
16137,20.051704894524107,False
8792,20.043773657205648,False
1930,20.028893932253276,False
4677,20.01598623791202,False
6343,20.007651692042415,False
12372,19.994584536411985,False
5249,19.985940503803434,False
8809,19.95075490662775,False
6728,19.934679761922776,False
18836,19.915106806078217,False
18850,19.895649102105608,False
12455,19.892441721109932,False
12040,19.888246677798936,False
12448,19.876872993105366,False
5254,19.85098244621093,False
12452,19.84326442585312,False
5269,19.81776915770936,False
20336,19.804181954323983,False
20427,19.704448315801088,False
1617,19.70023291320357,False
13957,19.699672097992433,False
12097,19.691863407436266,False
18355,19.668925063990493,False
12441,19.66070067513523,False
9031,19.607336077214253,False
17754,19.597090920045424,False
11869,19.505029921331975,False
10073,19.46002278294987,False
15183,19.3971138628373,False
16672,19.396214831007047,False
11724,19.381261099089457,False
4558,19.34668274483576,False
11855,19.333181481339675,False
17761,19.314430910416547,False
2538,19.251131120661135,False
18826,19.22575637838187,False
4319,19.191371308680335,False
11711,19.179916364133472,False
9672,19.178438528861307,False
17109,19.16873743939746,False
9036,19.161873471248388,False
18834,19.111264657298754,False
18821,19.035107931849737,False
2763,19.01068548421034,False
11861,18.984633213471696,False
12411,18.945764917319178,False
13898,18.93260078331754,False
15594,18.80009135929942,False
13999,18.764343129196405,False
10910,18.743901654638428,False
12218,18.73314291956573,False
12484,18.726625396128924,False
2213,18.71952977678005,False
13177,18.714844115951458,False
8800,18.6871362346506,False
10068,18.668555798328434,False
16918,18.65982207997417,False
18811,18.57070895181826,False
11852,18.559975921070496,False
11519,18.52050652281162,False
2999,18.49060784815977,False
17164,18.484905522937108,False
10724,18.380042579343677,False
15235,18.33860997140409,False
13399,18.271855383252642,False
18838,18.271434017872078,False
15688,18.252347388187808,False
8768,18.234244521372226,False
18809,18.2262148347197,False
18812,18.19051150077852,False
11860,18.188479800275932,False
1899,18.1721006967526,False
16711,18.163599051059844,False
11007,18.16241241213095,False
13946,18.13257740269706,False
18856,18.11631005405206,False
11785,18.09963929419304,False
5368,18.07582566215344,False
11854,18.049930256353687,False
10664,17.998114613367367,False
16559,17.997773036639394,False
1636,17.98880519290507,False
17161,17.981202702947023,False
8795,17.974987718408173,False
18799,17.885391738155935,False
18845,17.881238174377522,False
17073,17.870055822899566,False
12543,17.86896144989258,False
17820,17.868465369657272,False
5271,17.867319280072984,False
18853,17.856854795382397,False
12449,17.83383084699834,False
1882,17.820947765716166,False
18851,17.754404299994224,False
18848,17.749833610459426,False
16170,17.74583929546691,False
15694,17.712259259597957,False
16996,17.702256703914976,False
11982,17.693861125943275,False
11868,17.672000525691278,False
4111,17.666033975150004,False
12306,17.661078245749586,False
4550,17.65703226530787,False
2792,17.6286344882508,False
17185,17.612993241078726,False
3413,17.578106852498806,False
995,17.563927964516644,False
11859,17.5269496318326,False
12354,17.50754487582163,False
12325,17.50696703003285,False
13422,17.497832056690463,False
1877,17.490784806167763,False
18833,17.4559101892038,False
19574,17.443525366681776,False
11851,17.44173352851646,False
17420,17.421756544639845,False
12278,17.42009271583804,False
10402,17.39956110961763,False
1903,17.381344118822515,False
18816,17.323549507633388,False
18798,17.26587140763814,False
17441,17.263583256553673,False
11846,17.248966666854976,False
18852,17.2358590804638,False
2769,17.23561174057805,False
4552,17.206979555631726,False
1582,17.166662417645263,False
20529,17.14980818279048,False
17445,17.127923697038895,False
11970,17.12116749265526,False
10069,17.101698627355418,False
12422,17.073007367301507,False
9669,17.05644209130285,False
3167,17.034002459338083,False
2790,17.017214438049923,False
2780,16.95999447952388,False
18849,16.955886848096988,False
4670,16.95136350572081,False
18055,16.943871886334733,False
8311,16.92858787441842,False
1633,16.924434833291635,False
18841,16.916705585949586,False
12126,16.886541563226558,False
13403,16.859198178437218,False
9794,16.856723736597665,False
15660,16.84908927706836,False
9679,16.846979438828182,False
13975,16.845517131829325,False
15233,16.824288098541945,False
17415,16.823226927359432,False
18462,16.811911716660298,False
13053,16.80521051661009,False
9378,16.792872706815515,False
11008,16.77890761984019,False
18348,16.75863479819667,False
10999,16.75474960670656,False
11857,16.71426545814856,False
11704,16.681223447985715,False
9128,16.594101715633816,False
18079,16.58936988806942,False
16851,16.589357347948006,False
10401,16.584538619236135,False
780,16.563821913998027,False
17421,16.56216363447111,False
13423,16.56150543839291,False
10071,16.542281445418322,False
10717,16.536469463592532,False
11712,16.521198134274442,False
1892,16.50778706532417,False
5738,16.470108736594142,False
14686,16.459158825641325,False
18822,16.435497372901246,False
6556,16.417400806038522,False
1881,16.412668258292346,False
17322,16.403223306033453,False
4264,16.400260422798798,False
17173,16.326709420154216,False
1053,16.294842687314258,False
4645,16.288474966282063,False
4050,16.26814216317123,False
10464,16.265874871330382,False
18795,16.218692479709105,False
9027,16.21813916744065,False
13787,16.2150889329951,False
18855,16.20255475990914,False
9084,16.19810622901517,False
14674,16.178926434964403,False
11845,16.163971507785966,False
18353,16.154029035146777,False
9673,16.14112259286264,False
1644,16.122396453322132,False
799,16.112629760599525,False
9355,16.108177113511594,False
11718,16.10483207402959,False
1563,16.088091107650868,False
1887,16.08472784957591,False
17330,16.054890034676276,False
18087,16.05010781470665,False
1059,16.040949770194455,False
13041,16.0322507895492,False
17341,16.028139590280976,False
11746,16.027148001326243,False
20335,16.026435166014355,False
20305,16.012974964104107,False
10054,15.982356045347128,False
17171,15.962077430774283,False
1906,15.950536301361941,False
4056,15.940437834349625,False
17405,15.93760030056595,False
5246,15.91813817925973,False
17672,15.91309054401286,False
12084,15.912839295906231,False
15790,15.897019718407323,False
10417,15.896763519450282,False
10934,15.894249761195265,False
5292,15.881309957328883,False
9356,15.879656539338708,False
17443,15.876201047205418,False
18846,15.874371215530317,False
18800,15.848747290953376,False
2787,15.82790161656039,False
1637,15.819138170882544,False
494,15.797334407514432,False
18351,15.791943372541603,False
17348,15.78328929364448,False
10336,15.747989033664933,False
15997,15.746440188993088,False
13892,15.741909837289521,False
10744,15.739594093317326,False
1874,15.707417459675842,False
12443,15.675704903216282,False
15544,15.671537557813561,False
10063,15.641196715179118,False
2791,15.63893181528934,False
6732,15.611839216787669,False
1235,15.609943058005417,False
18819,15.602884995290392,False
16909,15.586799383785607,False
9354,15.576861686553313,False
18829,15.571446251367714,False
10716,15.570363286013961,False
17442,15.563457433487768,False
2784,15.562648463446326,False
1878,15.555980259111061,False
1886,15.53394180971744,False
12196,15.517502760410185,False
4070,15.494761857859359,False
15887,15.489644794989639,False
16727,15.468352485692764,False
1039,15.468204763870823,False
14482,15.460951237095795,False
2107,15.45268583488051,False
15538,15.443842088465335,False
17338,15.44258425494491,False
8520,15.434039226793617,False
1880,15.424387025388558,False
11842,15.422211469669088,False
13939,15.403241426395763,False
11864,15.375027386674754,False
12359,15.372614878071118,False
1593,15.357104681661296,False
6729,15.354732331930647,False
18805,15.346250549198592,False
18520,15.318155733312931,False
10661,15.316027753885997,False
2521,15.308887398857678,False
13226,15.295740446567756,False
1873,15.276739268928194,False
10057,15.264592475482562,False
9352,15.244374152149723,False
14348,15.239311143378501,False
2294,15.225571784962735,False
17425,15.225137937696232,False
10728,15.18805306780207,False
12127,15.147534503237361,False
15152,15.1384090847961,False
1893,15.118416266467566,False
1900,15.104595064982634,False
13424,15.09665978412163,False
20426,15.092036090409046,False
2788,15.0673404118056,False
11840,15.065698826936128,False
8806,15.065584890441851,False
11041,15.040476039568532,False
996,15.027326039814069,False
2311,15.024036555039244,False
18066,15.00448254108047,False
2761,14.99973403037478,False
1904,14.992183365206431,False
8793,14.988845363025357,False
867,14.98608335234924,False
2969,14.971465016227636,False
2975,14.964108121957198,False
20121,14.956004267115548,False
18081,14.952572131837325,False
2768,14.933560469090935,False
18562,14.922522191228424,False
2710,14.88690533311346,False
1565,14.848184635723138,False
1885,14.837558271245737,False
18053,14.821562299978282,False
18832,14.82123216168165,False
18325,14.819281050594682,False
18720,14.814060273424122,False
18830,14.811826775389473,False
16818,14.809958892852183,False
17136,14.80977293792264,False
18067,14.800672946472986,False
18298,14.783426792392216,False
20270,14.775150327739308,False
6915,14.773211226505097,False
10070,14.76426922891695,False
9131,14.739902237717525,False
5280,14.728095826586355,False
16135,14.71410032088504,False
15491,14.704213885918383,False
11515,14.698432202345321,False
1924,14.689230680984052,False
15286,14.672949998361839,False
9579,14.650635998476778,False
3607,14.646847450862797,False
1884,14.64040275969548,False
16636,14.605034275806748,False
9791,14.596076475570218,False
11745,14.595426544928348,False
12445,14.587749438007975,False
10484,14.572422068860234,False
4588,14.55726686881668,False
13960,14.549566324780296,False
1864,14.538197880128145,False
14756,14.525351079683297,False
2004,14.506355833596425,False
4638,14.50233837840803,False
4583,14.500153147066875,False
15627,14.497877433580832,False
16940,14.489106137541235,False
10527,14.48891227057667,False
9667,14.485664049927014,False
6557,14.484280956121658,False
11521,14.481552710286625,False
3293,14.463759783365818,False
8733,14.45286292420228,False
4014,14.44715508149961,False
1067,14.442547906281439,False
12396,14.434631534141257,False
155,14.432161780462751,False
16820,14.427201525542607,False
1883,14.373717329250287,False
18281,14.367579304122527,False
20380,14.366623071496461,False
9382,14.363513567284778,False
10312,14.36115431356734,False
18619,14.360684696933237,False
13816,14.357251032419315,False
13045,14.356211540276473,False
12002,14.333837102793694,False
1591,14.270127442630457,False
10921,14.26448108736787,False
2774,14.26184065020573,False
9423,14.232877698085243,False
10066,14.22515765049069,False
18287,14.221224511241031,False
20091,14.210778432481742,False
1602,14.208434836389713,False
18437,14.20841084913103,False
9709,14.203806145375985,False
15574,14.193138739386384,False
19658,14.1890830835223,False
18724,14.185099252562829,False
18694,14.183548014727808,False
9675,14.165920700725374,False
12305,14.152608706325363,False
4077,14.150437348792018,False
16845,14.15003218489398,False
18283,14.138337036310663,False
407,14.13785828756329,False
1058,14.128017013332897,False
12406,14.123777417888217,False
10618,14.122898312207042,False
1875,14.106330581996898,False
8728,14.10628237557796,False
1896,14.09893824930947,False
517,14.098140339282642,False
10318,14.0795314826344,False
18942,14.076141965064526,False
17964,14.04699425578001,False
15689,14.041279725719711,False
7617,14.033506009059131,False
12258,14.013292403428812,False
17157,14.012081274038064,False
1022,14.005298043277106,False
17368,13.999054517806158,False
17418,13.990321159700526,False
9011,13.984696432723414,False
4267,13.97904487919285,False
6578,13.97418033862268,False
1888,13.972624553157262,False
9399,13.970528678521074,False
12433,13.968209125003849,False
10041,13.96272703902245,False
283,13.949624981395239,False
3313,13.937062057473085,False
10032,13.93206271345613,False
15232,13.915895413910789,False
13402,13.910773231613353,False
4018,13.909481021277266,False
17426,13.908069407060585,False
1497,13.904120056165112,False
552,13.90220019385147,False
2711,13.902164090616889,False
6226,13.898132715040303,False
17444,13.894768948841113,False
15523,13.87215923559661,False
6389,13.869426000845907,False
887,13.868094501321771,False
4568,13.860451450028535,False
5506,13.850768015478458,False
18843,13.815095554450934,False
87,13.807549130253593,False
12658,13.80751164443652,False
10055,13.806439375177051,False
11469,13.773179560481388,False
17385,13.75244149548803,False
17138,13.749946535527013,False
6401,13.730791257535245,False
9168,13.730337774148918,False
9386,13.717958880721019,False
1191,13.704512164380262,False
185,13.693685586965746,False
1907,13.682964794669797,False
1895,13.68176721100669,False
19552,13.639961380045541,False
17359,13.63687206563954,False
12547,13.607719232320637,False
16914,13.596464573875279,False
14007,13.588561012664634,False
1908,13.55788947514975,False
18544,13.551680002468702,False
10391,13.546486555511752,False
8802,13.545850484709817,False
17156,13.542724232004888,False
13918,13.5389507346689,False
3276,13.535053023228718,False
63,13.502622277762342,False
17891,13.489684449358565,False
11998,13.478624228436127,False
18559,13.475584647617573,False
17167,13.469501401168342,False
9692,13.465644291503878,False
9789,13.463536377040446,False
18356,13.454851576205364,False
5968,13.429739760884543,False
4350,13.428344659376659,False
15741,13.413353543965123,False
12138,13.3906989797163,False
1902,13.390512609720377,False
8790,13.378712270291754,False
2643,13.375578869728571,False
1876,13.372609932292095,False
8869,13.370066662006593,False
4603,13.362092919859347,False
6204,13.351039864279397,False
19750,13.328859723204229,False
6070,13.314612408871072,False
8799,13.308916091534313,False
2793,13.302593973450863,False
18069,13.302064481456384,False
1897,13.285764897459101,False
17337,13.279221615000946,False
6344,13.275375056257374,False
20367,13.262397287168682,False
18725,13.253526893764096,False
1898,13.24838266909998,False
19865,13.24303045897796,False
1894,13.232497031822115,False
12333,13.229125628768477,False
3308,13.186650642297112,False
19810,13.185118493554828,False
17335,13.182113676344434,False
4263,13.172961244995992,False
15626,13.170967956082851,False
20527,13.160185723995578,False
20070,13.148280995294614,False
18842,13.142340801289361,False
17112,13.133048592099964,False
18277,13.122586326380413,False
17360,13.121901653105509,False
15153,13.110806847401884,False
4601,13.087659427764777,False
10667,13.083207599307904,False
17132,13.082990855813637,False
18714,13.069774765767619,False
18503,13.062451008200256,False
4627,13.061207677585484,False
18796,13.06016796230934,False
1082,13.046234395087978,False
16995,13.026419096228953,False
10317,13.024301646309926,False
12661,13.022056808632609,False
18061,13.020728324749292,False
11042,13.020393021024603,False
2786,13.012802499633658,False
17399,13.010645826140356,False
9703,13.008083920188856,False
12135,13.002269583773787,False
3981,12.994646088514136,False
1081,12.98502705896804,False
18377,12.980322092707556,False
12144,12.978934810065693,False
9441,12.976890322765126,False
1917,12.976608125614412,False
3320,12.968091559582312,False
1083,12.965926127327034,False
18707,12.949286857701892,False
12395,12.946478621772577,False
13179,12.94291089745612,False
3095,12.94269056030695,False
18844,12.930598387712443,False
1561,12.928984509492912,False
17334,12.927004230592864,False
15692,12.925522787511142,False
12672,12.922942334254117,False
1890,12.919101180807191,False
18059,12.91014162211537,False
508,12.90417403088718,False
9850,12.899249459957584,False
18767,12.88482268123693,False
15108,12.875614552933506,False
11901,12.862741542377913,False
17384,12.85905475130458,False
13049,12.852492510398786,False
5279,12.845075292955253,False
20352,12.84339757780966,False
18802,12.839889694410594,False
17528,12.838172763466961,False
16566,12.835477544618755,False
10757,12.829617381123217,False
9853,12.825966501754092,False
18911,12.808399564589505,False
18220,12.806742601392713,False
14687,12.805126793460055,False
10797,12.8029021469236,False
15791,12.789565007391984,False
1165,12.77841284201065,False
12041,12.775752406286134,False
3790,12.773329870405698,False
95,12.750702579247033,False
10009,12.742573372357153,False
6691,12.740050170126546,False
11780,12.734123110964301,False
1085,12.72732907764483,False
13962,12.726016097001821,False
10332,12.72223574767618,False
6594,12.709783124128357,False
5492,12.701172518998016,False
11961,12.698493431924188,False
15158,12.696897909963647,False
11177,12.692709952043883,False
17412,12.685430301906694,False
1803,12.676384496626405,False
18280,12.674321490243493,False
17393,12.67316822508705,False
15788,12.653618968985146,False
12368,12.64904714442283,False
14325,12.646513825141247,False
16643,12.638793692842192,False
16612,12.63646796816462,False
1080,12.614439308590864,False
8642,12.614298154193763,False
1590,12.608204841357786,False
18043,12.599513720321244,False
18709,12.597727046762433,False
16185,12.595304214693954,False
13913,12.58148261509556,False
10670,12.5757415504528,False
12421,12.566106190011517,False
923,12.565528823903698,False
16987,12.565080907893034,False
7130,12.555863136544183,False
18326,12.554738024012998,False
9805,12.551220791462487,False
18381,12.545963629844266,False
15634,12.545626094258603,False
985,12.529029859004496,False
16642,12.51685616648166,False
20282,12.490876011878568,False
17347,12.490723683247321,False
14913,12.485881848808761,False
12691,12.480685979562416,False
8796,12.465264506148955,False
1558,12.464975521708407,False
17333,12.460290142828791,False
10040,12.45716661023364,False
13934,12.437071227545449,False
18360,12.436187099714793,False
4614,12.433489112370491,False
14008,12.427256784170712,False
7864,12.42683216016546,False
5273,12.424626494626407,False
15655,12.421097564750653,False
2025,12.419157558456103,False
1335,12.416851391437413,False
1589,12.407479253012525,False
13376,12.392297329722735,False
12000,12.391292586486967,False
19163,12.387564727614842,False
17315,12.387316998591778,False
15653,12.372871322180673,False
17160,12.371127340259576,False
17435,12.370871008759774,False
10842,12.354703008413177,False
18755,12.353849446912267,False
889,12.347854592930226,False
7357,12.346573736286278,False
10854,12.333441032626052,False
9351,12.327760082157766,False
17451,12.323559347753672,False
20333,12.277818068699341,False
13316,12.274250916809763,False
10319,12.273243377596561,False
1585,12.271445225930933,False
17427,12.267275268243898,False
18762,12.266406220215067,False
11829,12.261419770145219,False
1146,12.259022610020008,False
4262,12.25747425322195,False
3103,12.256501196863711,False
15683,12.255503529334842,False
17074,12.249342052894255,False
14491,12.245478902739217,False
9471,12.237844111900863,False
16860,12.235845896203095,False
10725,12.23262750701081,False
9283,12.229228394261098,False
16680,12.226392882640816,False
6303,12.224445934095474,False
17336,12.218310026992896,False
2581,12.217998051380519,False
18804,12.213364269752828,False
16993,12.192560840034291,False
20110,12.189639284916016,False
13519,12.183386705002437,False
6289,12.182335012689641,False
9773,12.172237168418011,False
9285,12.168070625038872,False
20322,12.167141623276907,False
18803,12.160015161066294,False
18927,12.15799319492751,False
17351,12.154466716326265,False
12116,12.149593485741573,False
5342,12.145811606281713,False
14324,12.13861399581254,False
9099,12.125307008655891,False
9450,12.124810000083047,False
10472,12.104987901847249,False
2795,12.099055625987193,False
18717,12.097608498127304,False
15451,12.09497346350358,False
1074,12.094103412387518,False
6024,12.091714184774847,False
6593,12.071480850804422,False
5983,12.065894161491409,False
14326,12.06157628975367,False
20428,12.048516200017415,False
12329,12.04653295363441,False
10490,12.043730201969193,False
1055,12.042062175964166,False
1909,12.039526251944556,False
2770,12.036461707006715,False
15737,12.032241160976543,False
617,12.024435680827,False
8817,12.018556738048687,False
509,12.010370639489317,False
15656,12.007486599363968,False
17382,12.003884461586129,False
17813,12.00257191790418,False
2297,11.999079398462767,False
12366,11.993049655433042,False
366,11.992338542930755,False
10763,11.988697576204384,False
4154,11.985344923788539,False
1574,11.976474149040705,False
4234,11.970076394497212,False
4353,11.96938081021062,False
18722,11.958069901014678,False
4593,11.957203700808304,False
11349,11.954596757929911,False
4611,11.951929644155905,False
17429,11.951459364341419,False
17525,11.946969086729002,False
15579,11.944492899746576,False
6502,11.940190242558602,False
16674,11.938677692401775,False
16698,11.937372976921672,False
15310,11.937262781370356,False
17377,11.905151202375759,False
18323,11.902898909227783,False
6374,11.902696375728391,False
1078,11.88337456490308,False
4587,11.882499778611368,False
10011,11.877827593314993,False
17838,11.867889684099065,False
12481,11.8616081867398,False
19792,11.854649669897611,False
6719,11.853862744335503,False
18340,11.848471040877563,False
17717,11.847139609062905,False
870,11.839916524444046,False
16632,11.8394973644732,False
16893,11.83826495808702,False
3953,11.834696283653233,False
15678,11.826755910377797,False
18444,11.823462713337818,False
2785,11.82296688872291,False
13899,11.819774399832344,False
12733,11.805069380515882,False
15654,11.802075616759844,False
17839,11.800170235445778,False
17576,11.796295664993837,False
18757,11.79093643335948,False
976,11.787813813416996,False
7848,11.787537622511326,False
18769,11.776026198385598,False
17187,11.775174461281267,False
10968,11.76876959870135,False
15059,11.767522012581802,False
2798,11.76708081000776,False
19735,11.764967419159568,False
2693,11.754835645597243,False
2655,11.753118247438202,False
12386,11.749266230497154,False
516,11.746554429830521,False
16615,11.743571755978609,False
12404,11.734885150700075,False
11066,11.732120888176553,False
18171,11.718381011363828,False
18970,11.712643973459407,False
19170,11.704216945374197,False
17416,11.698243567453806,False
19794,11.69194469473062,False
11210,11.688692142964932,False
19751,11.68329113696424,False
2692,11.681409254952506,False
11083,11.680323479028605,False
972,11.67480956348935,False
9380,11.673952933409694,False
9123,11.667527267902411,False
13935,11.648628040327136,False
11993,11.644736855385808,False
18719,11.643343012714851,False
4244,11.637253780372697,False
3542,11.622438355337607,False
522,11.620595433801375,False
18761,11.620453986612421,False
4557,11.618965300599431,False
17070,11.615710637124534,False
12732,11.61225089603062,False
17191,11.60406382746211,False
19791,11.603719501589765,False
10400,11.602835293413824,False
7412,11.60207977815259,False
18831,11.597249246359006,False
10723,11.595310642034395,False
19318,11.587295212512092,False
1541,11.576813639819683,False
20389,11.576061636380155,False
15970,11.575780880345995,False
9939,11.555521979754497,False
17403,11.554384782877758,False
18797,11.547053710048043,False
10536,11.537709562748745,False
18766,11.526314652114669,False
10169,11.525570674497216,False
19515,11.520392395956303,False
5752,11.516624542949721,False
18738,11.516336848272484,False
8879,11.51411122551296,False
1508,11.51385042458491,False
15661,11.511941097322929,False
17428,11.503948550573027,False
10324,11.502825812198916,False
988,11.499814283364984,False
18759,11.498319966576297,False
18716,11.497199996318365,False
8900,11.488144889122996,False
7369,11.48460922164818,False
16678,11.474952314595242,False
4582,11.468106361585345,False
16745,11.467080538891237,False
13808,11.466286744773315,False
14824,11.466277057636674,False
9136,11.466186318916218,False
154,11.461490660534757,False
10015,11.460839040224236,False
18076,11.457341381265678,False
1511,11.449361720142974,False
18763,11.448896428033404,False
19421,11.426813250138018,False
2215,11.414572503439766,False
10064,11.413542444411975,False
12488,11.409112649323323,False
17494,11.405414244799285,False
10947,11.403712418013463,False
16433,11.40081417669645,False
4560,11.400496774487223,False
16015,11.398703940116835,False
9766,11.397884289590493,False
20102,11.397677085508102,False
15155,11.396527855474936,False
13606,11.39633453243949,False
77,11.394145574475871,False
18710,11.392499570155078,False
14933,11.39109201590128,False
18730,11.387946622262028,False
16917,11.384582203713023,False
1164,11.383242679943605,False
18723,11.380615401812818,False
10520,11.37577125736254,False
11738,11.356680389715983,False
1149,11.345535555421943,False
1236,11.329067446750525,False
11755,11.323639965642148,False
13459,11.31954008770439,False
11009,11.313278408828884,False
10572,11.312611450993295,False
20200,11.310301897532606,False
17063,11.309469875883924,False
1132,11.305678488049978,False
1982,11.301756961703447,False
3871,11.300462104798706,False
14922,11.292993763273419,False
18701,11.288207718203008,False
2587,11.285052021831916,False
10043,11.278548726542514,False
20153,11.273115928771697,False
2658,11.27073450494888,False
16702,11.266413538986022,False
17193,11.263831510054612,False
5266,11.260542875923825,False
9339,11.260446278311282,False
10997,11.25805092010838,False
9367,11.252434037764825,False
2668,11.251854401202042,False
17363,11.242143984071042,False
13917,11.23796289870086,False
16712,11.222593646696888,False
9401,11.216136478827908,False
17772,11.201827952480148,False
6585,11.189421634007822,False
17447,11.18670687509597,False
18330,11.185620152190232,False
17328,11.176662118990176,False
18760,11.175393121825717,False
15777,11.174115865681086,False
2653,11.173604556076981,False
1720,11.171838624517303,False
4586,11.170634980662573,False
13969,11.170497506389182,False
8862,11.164588147362629,False
3829,11.158991661327848,False
9319,11.15856452897941,False
3554,11.14382585872247,False
17436,11.141576953924163,False
11758,11.133325459706231,False
4554,11.128865563904391,False
10042,11.126890044883558,False
3109,11.124822421536098,False
1106,11.120689134956336,False
2563,11.119743705220564,False
18041,11.106812297189883,False
12736,11.105651779257638,False
18698,11.095458530341158,False
5295,11.092558283390794,False
1854,11.089971108318274,False
14431,11.089715766448405,False
12363,11.085020406753975,False
16622,11.084288827389319,False
10571,11.082015625470248,False
12871,11.077809541220276,False
404,11.066233180806428,False
2,11.065965333034345,False
14948,11.064514172069273,False
19795,11.063856599104469,False
19147,11.063544615577179,False
16688,11.06125088499015,False
868,11.06107951435166,False
12377,11.054999996889439,False
18756,11.050586012866113,False
16788,11.049059444830139,False
18728,11.047114921936469,False
13714,11.046857744460294,False
7624,11.042143313703646,False
10570,11.039395610698474,False
2670,11.038258295568117,False
12649,11.037172517402421,False
535,11.036810994023103,False
18696,11.034162711913964,False
17321,11.025738718464488,False
13678,11.022977596413597,False
13474,11.012733613245702,False
4624,11.007807666366157,False
17369,11.004907105014127,False
15305,11.003937916447452,False
13223,11.00387518315219,False
13360,11.00372654269189,False
9385,11.00142482945938,False
16173,10.997857088130353,False
18861,10.993909493358883,False
5986,10.984233836221662,False
13507,10.982839304246653,False
18469,10.973327418218627,False
18768,10.973018452813545,False
9784,10.963472914015828,False
1860,10.9619681625026,False
365,10.96133504116223,False
16531,10.959770693809006,False
17068,10.956752980810148,False
18168,10.950526787148117,False
14010,10.949159888085505,False
14718,10.948092369926515,False
17769,10.947565061134458,False
10580,10.944551036274262,False
17711,10.938319001127375,False
10839,10.935157326705905,False
15672,10.934429424436763,False
10415,10.93384697707901,False
18727,10.933550760853631,False
1506,10.932280574943851,False
16018,10.93106230483075,False
9384,10.924168376125236,False
158,10.92279013398322,False
16999,10.918610174809302,False
15702,10.915856723704064,False
17344,10.913821121619907,False
1380,10.912142074378385,False
2654,10.898886099571214,False
17146,10.898365740856345,False
18753,10.895318766136931,False
12347,10.893508212415162,False
18699,10.892332119273114,False
12122,10.892229265791809,False
1852,10.870418722212492,False
12318,10.86169393512692,False
16593,10.858852636685697,False
86,10.858184539015326,False
2694,10.855770378894896,False
18697,10.852306432207236,False
12432,10.850148861473633,False
1118,10.8333233458407,False
18350,10.824815700131923,False
2510,10.816357665970067,False
16686,10.811896435746577,False
15228,10.809441397502802,False
1175,10.802818545828183,False
19784,10.798132941089232,False
20092,10.797483511871883,False
9177,10.796479950772838,False
4592,10.791661704224918,False
19370,10.78871207460075,False
3560,10.78589398428371,False
493,10.778834948518089,False
12403,10.77760187088153,False
17450,10.776701348014303,False
12039,10.774378469144672,False
14928,10.774225254936947,False
17067,10.773247359187145,False
14358,10.764306705862364,False
2596,10.758546401613266,False
18744,10.75616443903391,False
17432,10.754937781524033,False
16835,10.748298335461874,False
14557,10.748094713230016,False
2665,10.73930118219889,False
1977,10.736197519000449,False
20248,10.734465602931422,False
17314,10.732398037090032,False
20378,10.724498146562688,False
1859,10.719942327366951,False
10537,10.719452287160362,False
17486,10.718876531330693,False
13366,10.714956036247866,False
12437,10.707083963437604,False
15526,10.706927749549688,False
9804,10.706481894090258,False
14546,10.706464144823043,False
16217,10.705002924971879,False
12409,10.699157308631175,False
6636,10.698947905781939,False
17400,10.695194391904165,False
18751,10.692076376298626,False
779,10.689407259246867,False
2713,10.688527664743638,False
17454,10.687624836272292,False
2544,10.68709632318997,False
18711,10.686592495933606,False
10722,10.686131898008654,False
1090,10.6853534907784,False
9118,10.67955512469025,False
15646,10.677449909982057,False
10852,10.675680388080593,False
9048,10.671804847531327,False
12192,10.669828156845082,False
17339,10.667675836898232,False
1167,10.66149074636215,False
15307,10.661121363643032,False
18708,10.652081148404168,False
2657,10.651018821942742,False
1030,10.648447778137953,False
883,10.647704669811304,False
4581,10.646109123738688,False
14675,10.645977684764853,False
18758,10.643697564002633,False
18736,10.643692342652518,False
16635,10.643180284150212,False
1076,10.63950002530429,False
959,10.635980788883844,False
10148,10.633189322797548,False
16707,10.622028251518014,False
8883,10.619477389054069,False
18328,10.617887565287296,False
403,10.617391042293434,False
15783,10.614774151337748,False
18705,10.611831803502138,False
4584,10.611259228112562,False
17677,10.610161858869523,False
14779,10.603545241969234,False
1079,10.600112057488122,False
20627,10.59661613715263,False
8923,10.592839869487404,False
16613,10.591900758899017,False
14803,10.589901097919562,False
18038,10.589213217139005,False
5355,10.588307560048808,False
2737,10.58799734274529,False
15704,10.587562974572418,False
12212,10.586224543029187,False
16172,10.585535833512036,False
13180,10.58439502034831,False
13362,10.58323040412725,False
16720,10.582265368706087,False
7487,10.580974233533464,False
4315,10.577272223258564,False
3645,10.569623131206217,False
18713,10.56555017492665,False
16679,10.565505879929614,False
14481,10.56290987835184,False
20620,10.560833278678075,False
7271,10.556727453110128,False
1802,10.55601439816568,False
882,10.545345171870679,False
4253,10.54364318870475,False
156,10.541421108396936,False
1159,10.534621576841793,False
17147,10.533770681113186,False
17989,10.532157823721597,False
17433,10.529561105065707,False
1858,10.524893817907824,False
17389,10.522342037816436,False
2773,10.519607846508396,False
15782,10.518188489408384,False
13921,10.51465283570781,False
4589,10.51077862849709,False
10335,10.509980125159611,False
18741,10.508730412313788,False
12636,10.50866420480251,False
12436,10.50600267270967,False
18750,10.502245464558715,False
18928,10.502085664713341,False
11518,10.498046402484569,False
7266,10.495014970298898,False
20250,10.492154169056649,False
14006,10.48348480425805,False
17424,10.481981608447505,False
12819,10.475938358364907,False
18743,10.469149220819435,False
15636,10.4688323639722,False
12338,10.46469046531575,False
10024,10.462223867674066,False
953,10.459278434513525,False
16639,10.458258877416487,False
6058,10.457930487727584,False
17458,10.455983876149572,False
17294,10.454953330230731,False
5781,10.454178610067373,False
16619,10.450232825473934,False
10339,10.446284008271014,False
10681,10.442429023147906,False
3130,10.436719056894024,False
14938,10.435937165533934,False
6124,10.434458469112618,False
12423,10.434155705207965,False
4288,10.429454039566103,False
5315,10.429438517772994,False
17345,10.423499562353244,False
16681,10.423001514772576,False
3081,10.420799228173951,False
15343,10.41812692176103,False
8227,10.41709991955538,False
9747,10.41513998691176,False
17153,10.414577891693632,False
9997,10.4115316358572,False
20592,10.40775808555021,False
18740,10.407432652464784,False
68,10.405751172077542,False
18195,10.403684286903438,False
17295,10.39476156511158,False
12662,10.393069402134632,False
6918,10.388801019378,False
17430,10.387313131056864,False
18791,10.385464981165036,False
14761,10.38529499081339,False
16671,10.385089871827113,False
437,10.383727959201417,False
16997,10.381706661642523,False
10614,10.381582305336721,False
18712,10.365227137189134,False
12718,10.363658841359667,False
17826,10.362583799216074,False
252,10.35798815950605,False
1104,10.357592282710261,False
18291,10.357462141152586,False
18737,10.357123690856401,False
17356,10.356467285509007,False
14760,10.345309409309504,False
13807,10.343960324418886,False
2021,10.342981782126298,False
406,10.342496797959852,False
20068,10.341232662076404,False
9284,10.340173243623205,False
20507,10.33659955789987,False
12989,10.335536018396438,False
13894,10.334549810451541,False
1103,10.334530852366136,False
12011,10.329591701186228,False
13607,10.328595787605675,False
5553,10.324739700243008,False
5625,10.32411260623007,False
3622,10.323192202548869,False
2539,10.323081960887329,False
10439,10.319257473473462,False
3004,10.317152822922013,False
18718,10.312904966516072,False
2765,10.308375384667794,False
12323,10.308193877632142,False
18765,10.30394155620207,False
4637,10.302870049058159,False
13368,10.302168398130567,False
1655,10.299850493845602,False
10038,10.292623134062858,False
14283,10.29260386147333,False
13968,10.29218563939417,False
10044,10.291396975498635,False
8572,10.27965552913681,False
2227,10.278481230673533,False
19412,10.277480462589548,False
17532,10.277354369900785,False
12540,10.274505205385875,False
9025,10.26875265691646,False
2598,10.267671123904048,False
14029,10.266594400736611,False
1853,10.266231652469372,False
12308,10.263392294666126,False
11433,10.261485685935742,False
15222,10.261158706309867,False
15283,10.260605306818803,False
19805,10.256010069779052,False
16699,10.255927673904855,False
18189,10.255763198427072,False
2541,10.251988170405511,False
18742,10.25053653007506,False
12520,10.249820101704934,False
1856,10.244383963900155,False
10713,10.23975163864776,False
2762,10.23726766079934,False
13074,10.234167587830221,False
19331,10.232382826563175,False
2543,10.230851437906864,False
4643,10.23007117734131,False
11730,10.223505652825107,False
18388,10.221619419347256,False
5349,10.220253351042167,False
12734,10.217623068498277,False
1112,10.215451362314244,False
17417,10.206958356054308,False
17050,10.201461541832604,False
8863,10.200107650729962,False
16789,10.199771326487129,False
12156,10.198524287281607,False
13995,10.19644085158368,False
17991,10.192688041895586,False
1108,10.189825411983659,False
1850,10.189745608884273,False
13821,10.186343339441791,False
4599,10.184533096975102,False
15450,10.183237228910533,False
2562,10.180988401439954,False
15593,10.179963950025208,False
19428,10.175398044511118,False
12508,10.17537803654286,False
18702,10.171013186423096,False
12487,10.169123366507424,False
17358,10.163996416463238,False
17455,10.15960157232917,False
19423,10.156926101360451,False
11731,10.155800510431774,False
1638,10.151474657665805,False
13773,10.143950227157921,False
3101,10.143636228974767,False
12497,10.142805157600733,False
10691,10.141570420256702,False
17165,10.14069375137375,False
3286,10.14035400654371,False
16620,10.13523874805521,False
16629,10.134072833829189,False
10037,10.130854863992042,False
14527,10.127272072398105,False
1057,10.125817885355424,False
18226,10.11613061405351,False
14005,10.113050874745197,False
17401,10.109297525709861,False
18463,10.105109245504334,False
1694,10.10300540795875,False
18963,10.095723953616506,False
5801,10.094817228515334,False
10059,10.093607194785918,False
1663,10.090642938078236,False
12721,10.086654490012657,False
17386,10.086347651957889,False
1425,10.080312761994913,False
2226,10.076977263599373,False
19456,10.076571774670276,False
18782,10.076240121607874,False
18270,10.07568810779114,False
10512,10.07434547305144,False
9330,10.065137732903711,False
9035,10.063725403907164,False
18706,10.058323395250266,False
18704,10.056737602648354,False
12117,10.052021963402362,False
15498,10.051689951117206,False
2685,10.050156166801578,False
16809,10.048316027088616,False
14320,10.047404588215203,False
18739,10.044850123303544,False
11754,10.04336618248593,False
12267,10.042467918569695,False
19046,10.038635363629904,False
5844,10.032515444729531,False
2706,10.02794666369665,False
8577,10.026533086892158,False
10840,10.024845341595917,False
14327,10.022803489081236,False
1545,10.019937352172889,False
12382,10.01971799211792,False
19742,10.01656295019551,False
19337,10.014050186553835,False
19244,10.01392130038677,False
1133,10.013518876704488,False
12859,10.013489158053517,False
17362,10.00971329162331,False
13016,10.003427907610966,False
10056,9.999031836783967,False
1143,9.995394796777878,False
5753,9.990979848811513,False
17453,9.988720738588587,False
18077,9.988397345353954,False
17491,9.986296711828636,False
4299,9.984272316903736,False
15195,9.984138078328483,False
4181,9.98031356634839,False
15219,9.979841144839778,False
1628,9.978787854826786,False
16630,9.973695063780427,False
1851,9.973346137714515,False
10018,9.972831755092509,False
15425,9.972362507828771,False
10637,9.966348811265629,False
3608,9.965380625362359,False
18777,9.965310813917,False
18715,9.962702392310216,False
11357,9.962067420225585,False
10370,9.961609020527428,False
9870,9.960515764571443,False
17419,9.956334479268241,False
1125,9.95569958617741,False
75,9.953126457787258,False
16666,9.95195524566273,False
19749,9.941205574055264,False
12674,9.936070569243297,False
16701,9.935531763946631,False
12442,9.927448737890636,False
1556,9.927017659094583,False
5633,9.919868139534614,False
9989,9.919328840373058,False
17627,9.917459305747675,False
12415,9.914855364764627,False
17355,9.910762329711016,False
2756,9.909316433298326,False
11743,9.907993451666727,False
1855,9.90750956940947,False
14501,9.905908173242187,False
1138,9.905234795292193,False
1861,9.904732627339783,False
18748,9.90195452677963,False
10026,9.897683565564314,False
8418,9.896828452788029,False
9718,9.895927199212313,False
2742,9.892049581818906,False
20223,9.887765172887189,False
78,9.88658808719962,False
17529,9.884239483218739,False
875,9.879447638570438,False
11891,9.876064330329108,False
1659,9.876047874961666,False
17676,9.86831946682753,False
1928,9.865090938566851,False
17976,9.865061508381508,False
13910,9.854563405968312,False
16673,9.852655137045808,False
11999,9.843182792470632,False
19739,9.841406475718646,False
16626,9.841014333052739,False
11001,9.840024729576335,False
16696,9.83648858040636,False
17844,9.83644460337505,False
10524,9.830221222755545,False
4099,9.829122365312223,False
10005,9.827827662237265,False
17446,9.825293509417834,False
1857,9.823771679004977,False
5804,9.823382566018916,False
2542,9.822408542144068,False
1109,9.819649288100685,False
2733,9.815783995446338,False
6770,9.813858625563359,False
18649,9.809653530433485,False
17449,9.807080330256227,False
18946,9.806786400915138,False
1863,9.805598966911045,False
10061,9.803304867541796,False
12216,9.803135706898015,False
15795,9.79326400138579,False
12322,9.792960623728819,False
18778,9.792269141663901,False
10326,9.791866993649496,False
1113,9.77684406912331,False
2669,9.776098422090257,False
6697,9.774353679141594,False
18773,9.77106446054459,False
10333,9.76876218373532,False
1152,9.76864383688311,False
10292,9.765313425254595,False
5608,9.763758835710803,False
9033,9.763548232905979,False
1678,9.763311323693493,False
14821,9.758779324337194,False
17088,9.757999335178786,False
16728,9.75483717959968,False
13043,9.75468384952796,False
15784,9.749958862261167,False
17343,9.747034216808373,False
10619,9.745689097941487,False
9749,9.743495827523393,False
18779,9.742340564375784,False
18775,9.73916157755528,False
10530,9.73843451603642,False
3149,9.724493427399736,False
18164,9.722975428814479,False
15792,9.722774123533906,False
18989,9.72262097252562,False
18071,9.721614959219496,False
18881,9.719686136086146,False
14357,9.716114779524665,False
4585,9.715485889567947,False
7656,9.705003349038142,False
9187,9.704328591043652,False
9007,9.703095558636415,False
18734,9.702212999798896,False
16594,9.69986655592283,False
18780,9.698147837569024,False
17431,9.697743275531476,False
8835,9.696977612731823,False
1088,9.696162143163457,False
18376,9.690795173607967,False
5310,9.687953719847904,False
9458,9.684977247747508,False
4300,9.683539406354168,False
8219,9.681274378259918,False
20626,9.676996311734776,False
19720,9.675403808990392,False
405,9.674859449407297,False
18733,9.667407113593697,False
13010,9.664826003866583,False
4232,9.662405288030934,False
1156,9.661507556626855,False
18793,9.65643849747973,False
19738,9.65510215207205,False
13115,9.65411432495523,False
65,9.649488207725028,False
15868,9.64910892320332,False
7373,9.643584423506805,False
12118,9.64235919749,False
8586,9.642190454468382,False
18784,9.639818989271767,False
20636,9.637921784837125,False
1134,9.634520132414425,False
9130,9.632376643901285,False
9273,9.632103927876457,False
2584,9.630715121748501,False
16641,9.628118461510939,False
15177,9.62598566528632,False
2593,9.624842999242716,False
10048,9.62458791914479,False
1246,9.620947572494318,False
18088,9.620150775691389,False
5265,9.61496329880432,False
8465,9.613547375314646,False
2601,9.613286149686981,False
1828,9.607932324327896,False
18770,9.607044889327902,False
20123,9.605641997956123,False
10904,9.6024907206511,False
12313,9.601592391631849,False
13757,9.600652773025793,False
8808,9.59892168441948,False
20204,9.598359692465142,False
2321,9.597813526299388,False
15666,9.597588891427286,False
2744,9.593517605419688,False
16732,9.59335259037027,False
415,9.593288534393512,False
16017,9.584836700566388,False
5618,9.583323622761705,False
15667,9.5827829296291,False
2586,9.58268328202157,False
10564,9.577238328683496,False
19759,9.5767230687655,False
13242,9.576683690127116,False
10750,9.575104121985518,False
10051,9.574527991615813,False
8884,9.574372656127707,False
126,9.570391910697268,False
17250,9.567963194400079,False
19001,9.566817476971714,False
18228,9.565674283392092,False
18068,9.56451735613828,False
73,9.564274826099798,False
9015,9.563870599514434,False
8636,9.560226765480135,False
1948,9.554353952119863,False
20181,9.554322897810064,False
16903,9.552237669779196,False
11039,9.551822984317555,False
15355,9.549162267120959,False
14812,9.54853220096483,False
14672,9.54770699258956,False
13713,9.54368448440757,False
7726,9.539891104513671,False
10062,9.538152707514996,False
11809,9.535157926045876,False
18747,9.533710041046966,False
18783,9.530646857737498,False
18046,9.530201787634097,False
14328,9.530170369355524,False
9777,9.527035673970445,False
20297,9.523154418769424,False
10952,9.52234478923181,False
14934,9.518432694692843,False
18227,9.508470847562652,False
16693,9.504629056654052,False
2978,9.502273007420442,False
18785,9.501482036145799,False
1124,9.500555831903121,False
3114,9.500347094723137,False
9342,9.499069625496388,False
12440,9.49897067980412,False
1956,9.494717672756238,False
17303,9.49205898960091,False
12874,9.490256795118182,False
16675,9.490217381989444,False
4956,9.487940412968015,False
2535,9.482190211746705,False
10016,9.481533310014711,False
2696,9.479417635567884,False
4613,9.477890294072433,False
18792,9.47749622663325,False
16692,9.475507466049963,False
15194,9.471129717076526,False
14962,9.46851681651528,False
17352,9.467035120824763,False
18732,9.46096284836041,False
19775,9.4577677731629,False
6395,9.456824963413158,False
1139,9.455030612568002,False
18912,9.45384392676932,False
1122,9.442824894786224,False
12489,9.439435822022308,False
876,9.437459589720817,False
8432,9.436284971096828,False
16184,9.4335305699612,False
15568,9.433452649863165,False
1110,9.428427971624716,False
61,9.427721698093105,False
15154,9.423616690720333,False
2122,9.423121114102674,False
15623,9.414150262798996,False
13814,9.411764522702999,False
16783,9.410475437790678,False
12552,9.410383843963366,False
14628,9.404465210059128,False
1934,9.40196956807069,False
13842,9.396219068704662,False
18749,9.39509496905304,False
4426,9.394638988687475,False
1140,9.389026814364527,False
18532,9.388767133436936,False
3695,9.384972908664277,False
3809,9.384279861469365,False
5471,9.383422491181996,False
14716,9.380566395048515,False
17408,9.3729839070016,False
18955,9.360069827849031,False
1181,9.358911220569086,False
18789,9.354694422886215,False
5808,9.354555460079862,False
1105,9.35454976199723,False
5367,9.35390382726093,False
13579,9.353169051743233,False
10058,9.352699457328338,False
13806,9.351049754488134,False
1120,9.349413037937612,False
12509,9.349026364290552,False
17380,9.345320103026129,False
16658,9.344976497586934,False
4607,9.344422674930852,False
17319,9.344036970219962,False
16691,9.341386080353928,False
4301,9.334965560443221,False
15651,9.334369579721386,False
4167,9.333614031654989,False
17920,9.331884856172294,False
1054,9.330809948384022,False
18389,9.328208122053233,False
4633,9.326471647741396,False
4864,9.325845954100307,False
10553,9.3230354037416,False
663,9.322648402042992,False
14349,9.31288090407668,False
13014,9.310874651486156,False
18787,9.310011517843424,False
1,9.306359686127852,False
1107,9.303320795752356,False
9994,9.301705532570201,False
1945,9.300970348987185,False
15717,9.298752169079542,False
15676,9.297827554176623,False
19522,9.296646617410975,False
18238,9.295186569881286,False
4612,9.292792106470234,False
9809,9.292040546509698,False
2735,9.291831550162875,False
3102,9.291462749439646,False
1921,9.280066660562383,False
16204,9.275508852846809,False
19258,9.271766658528389,False
3096,9.271529639364687,False
1064,9.26786329534932,False
20423,9.265339095299531,False
12102,9.259830011916954,False
17448,9.253203895838293,False
10551,9.250993922271654,False
5213,9.248587743294264,False
12477,9.246339998616476,False
13100,9.244893397206752,False
3537,9.243781465159168,False
1075,9.242692485549991,False
1068,9.239089586253757,False
124,9.237684562428344,False
521,9.23489460527534,False
20315,9.232298519384633,False
20229,9.225132886843406,False
17685,9.224409868575894,False
13243,9.220432755627744,False
10513,9.216215740202596,False
8659,9.2156258801446,False
15390,9.213779810113259,False
13236,9.206345191058649,False
1865,9.1975916598497,False
19157,9.19698032470049,False
17919,9.193186119551985,False
17340,9.192288359431549,False
10425,9.191492661185276,False
11702,9.190187125625869,False
15705,9.188716137037588,False
3963,9.188583043704957,False
6288,9.18620828251495,False
15818,9.184681683109979,False
7619,9.178430747033651,False
2747,9.175798686155325,False
1151,9.172661824252993,False
4703,9.167113926606664,False
15896,9.165506873500341,False
9879,9.161705642620563,False
15298,9.161696530233248,False
20408,9.15181635355194,False
16556,9.148858188081238,False
8316,9.147822877716864,False
16994,9.145295013814458,False
1424,9.144807204047773,False
6611,9.144550499512127,False
10017,9.14310936127573,False
1101,9.142823041166787,False
676,9.14010787510838,False
18097,9.13969868144852,False
4248,9.13739764100029,False
15686,9.13620975545611,False
1964,9.132274134187458,False
18296,9.132088421703328,False
19003,9.131888071345246,False
20101,9.125564420053422,False
2661,9.123513318088115,False
9021,9.122168339124991,False
4294,9.121126095887611,False
16567,9.120822895351031,False
8815,9.120609983944972,False
12125,9.11996616519724,False
12518,9.115646009109886,False
636,9.107293957754333,False
16648,9.101808382094037,False
14822,9.100567929945143,False
2528,9.09492251588969,False
17479,9.09463531860009,False
4631,9.085501622300697,False
13896,9.085177553116008,False
2691,9.084738815204268,False
19677,9.081702171082828,False
12140,9.079048367611755,False
18384,9.078896632187153,False
5636,9.075503513174203,False
15674,9.073298553873721,False
15587,9.069007201278188,False
9417,9.066994651875182,False
15192,9.065684056238965,False
515,9.064716277928897,False
11819,9.064233710399042,False
19113,9.062347226009638,False
19793,9.061963043222594,False
12351,9.06110806572898,False
17210,9.060468938877898,False
16591,9.059723941363178,False
12470,9.058543026114055,False
18464,9.056432251563809,False
3311,9.055144431950337,False
5299,9.053432065852082,False
1073,9.050929985303867,False
8635,9.050154698215792,False
20543,9.04967982255897,False
8918,9.049476725271468,False
18575,9.049301657791343,False
1127,9.046158799210893,False
1200,9.044098046205583,False
19755,9.04356942503184,False
17327,9.041463858141192,False
8877,9.040278826982616,False
14082,9.039481423699613,False
15640,9.037961237760147,False
19752,9.036573592204757,False
11830,9.03631739297757,False
10028,9.036206837979204,False
15681,9.035113701708276,False
4635,9.034700445624132,False
2667,9.032770345184591,False
19333,9.031739585821978,False
10582,9.029113139201627,False
2683,9.027172564674018,False
3996,9.026974921477803,False
11818,9.024501985474366,False
10362,9.024163588919475,False
17357,9.02173863653378,False
2715,9.019062209802094,False
14984,9.018661645112886,False
1111,9.017312145490962,False
19746,9.014767043873915,False
3330,9.0104791970314,False
13953,9.009081884389055,False
16660,9.008895407439194,False
14094,9.008631450367613,False
4862,9.003287657049311,False
9628,9.001816718697082,False
12211,9.00064685717441,False
1145,8.997112504146216,False
5730,8.996616240123766,False
17925,8.991908738702694,False
16668,8.991335140966992,False
5531,8.990193892574489,False
16568,8.980751922018511,False
5936,8.980554676606113,False
9882,8.98040381790656,False
320,8.977826432512959,False
18788,8.977565812166432,False
8232,8.97635361129928,False
4755,8.975143767353828,False
11765,8.973666933225616,False
10377,8.973413003543817,False
16670,8.971958183915307,False
83,8.970166404979373,False
15291,8.969190637487042,False
1069,8.965541763371046,False
15007,8.96544426719292,False
19758,8.965214181379455,False
2600,8.964781498310337,False
8646,8.964764321863223,False
15520,8.962349696785466,False
12545,8.961240910840512,False
19785,8.952268538196122,False
2582,8.948633540361449,False
2651,8.94842215067812,False
18424,8.94779655098321,False
10025,8.946112391798643,False
13688,8.942927162000176,False
9752,8.942906986911456,False
10002,8.940527062188387,False
706,8.937543424162982,False
12392,8.936886304683297,False
2567,8.93550935310602,False
2666,8.927356846270307,False
490,8.925644135472384,False
12625,8.924958956396981,False
19106,8.923970070132484,False
13235,8.922622679906357,False
10031,8.92199156536681,False
11893,8.919013023650745,False
11736,8.917619639176056,False
1932,8.915265103385874,False
6639,8.905627658264088,False
13994,8.905083917343013,False
11200,8.903819631287362,False
12263,8.902285982542967,False
19790,8.901651355189657,False
10403,8.901406575583675,False
1129,8.900591274123492,False
5982,8.899644545996583,False
13884,8.89961631574889,False
17434,8.898929037908351,False
4562,8.897169924221288,False
20437,8.895798077061704,False
1629,8.89147791807768,False
2031,8.890739107902121,False
14083,8.890035997397309,False
9799,8.886928957028786,False
19733,8.886810176119978,False
10014,8.886043006053214,False
10616,8.883069398704633,False
10631,8.881795775651328,False
10000,8.879130981883602,False
9495,8.877827753692813,False
1915,8.87629369526912,False
16621,8.873997221842437,False
1115,8.871748791072168,False
2700,8.870665304947124,False
4354,8.866953832379105,False
4268,8.86416469210725,False
20637,8.862554836244994,False
7847,8.861913502845685,False
18603,8.861512590110678,False
16022,8.861221635405295,False
15700,8.858342600375959,False
9608,8.857941411334068,False
11089,8.856010217043096,False
19796,8.85289183365639,False
19159,8.852102371322829,False
19754,8.848765266261207,False
10820,8.845012182917522,False
14506,8.84425912716625,False
18042,8.842955141315494,False
18588,8.8428228741548,False
1972,8.842795009660431,False
9413,8.84039501773903,False
16634,8.837128216145288,False
4241,8.836293886867944,False
3001,8.835668137899395,False
4813,8.83553842372583,False
15866,8.831258302426008,False
9516,8.825743590850848,False
17827,8.825691671076473,False
1958,8.825520949122811,False
16633,8.821819245088028,False
1970,8.821036791624019,False
10053,8.820798984796895,False
17461,8.820404524096167,False
9996,8.819228955707644,False
15739,8.81916552728446,False
12379,8.818408574450473,False
16236,8.817617714933164,False
15589,8.816926430279473,False
13237,8.816351168929529,False
4340,8.81354524958612,False
1965,8.813184157521343,False
420,8.812277519194744,False
1130,8.808759737332823,False
4440,8.80852536906924,False
8655,8.807034940539305,False
85,8.806546126612044,False
9499,8.804791654887865,False
12342,8.802980081136088,False
1142,8.802420030135478,False
9023,8.79983869531056,False
2594,8.799768688727077,False
12224,8.799140373424201,False
14655,8.799069870141718,False
9810,8.79771933887889,False
1623,8.79679992644536,False
11815,8.795372828890514,False
14332,8.794051741320141,False
14317,8.792089056630122,False
19107,8.791650586390146,False
5806,8.790653526235996,False
8314,8.790235760064023,False
17252,8.787425702207662,False
16990,8.786725135324696,False
19787,8.783873018328734,False
10188,8.7832080208721,False
13859,8.783032792152786,False
19359,8.78288853421095,False
13731,8.782769478429321,False
1148,8.780335842365826,False
1927,8.780066242573927,False
1318,8.77839836749251,False
3117,8.77705888695998,False
19783,8.773275134736956,False
6756,8.772964893544877,False
13184,8.77294160795428,False
577,8.767899719072851,False
13380,8.76684446114289,False
6733,8.762465683388584,False
10481,8.758308847730607,False
13983,8.757921649868534,False
1161,8.757336143746716,False
9279,8.756806321374572,False
10408,8.756200919128418,False
5313,8.75556594234342,False
7905,8.75401683520429,False
12208,8.752448286795245,False
16797,8.752039194404112,False
12673,8.749427517497672,False
2723,8.747054191959364,False
15251,8.739757521314026,False
1963,8.73527591339533,False
11837,8.733801051680317,False
141,8.731253604261711,False
18146,8.731229559880669,False
20589,8.730252926472733,False
16756,8.729618795537576,False
18290,8.7290486086183,False
13623,8.728232125213252,False
11900,8.727916716752663,False
1653,8.725942975902008,False
518,8.72502837489845,False
9886,8.724963657054943,False
17366,8.724716175346703,False
1975,8.724450717197776,False
11737,8.72334715758836,False
10046,8.722531523088474,False
2620,8.721041075460576,False
1126,8.717827759487054,False
1177,8.717325981189516,False
10748,8.715214544345383,False
12915,8.71117205892985,False
13903,8.708969829920918,False
11348,8.706932262670055,False
1254,8.70557809579113,False
20539,8.70365619769602,False
15770,8.7029992940552,False
2604,8.701524726697976,False
10505,8.700976058170276,False
9855,8.70054497618797,False
18667,8.694908644697161,False
794,8.694210629838876,False
14860,8.694104647658204,False
18358,8.690306763582479,False
16898,8.687342594532812,False
13949,8.686470388722483,False
12418,8.685661909427218,False
4209,8.685131033131217,False
9310,8.684783633253575,False
15548,8.68140477247518,False
2671,8.68014841985832,False
1183,8.679080334357918,False
62,8.678771416861974,False
14556,8.677599903289392,False
3007,8.67227112091422,False
1116,8.671111702715292,False
204,8.670386836235068,False
10534,8.669923377500325,False
12854,8.669713953284646,False
10020,8.669295148680863,False
16608,8.66807453253261,False
9836,8.664754333908878,False
2222,8.664526459087016,False
15414,8.66180947235792,False
14419,8.660290662561886,False
3112,8.656172441255753,False
3266,8.655313248562546,False
18336,8.654241770897766,False
10060,8.653414404432908,False
12478,8.651469185038636,False
1154,8.649519085544602,False
2674,8.648600399922248,False
2561,8.647504649373097,False
2675,8.646394609276655,False
15347,8.64565960503803,False
9173,8.644879706258486,False
6113,8.639079753983479,False
16649,8.638337441715084,False
13954,8.63690601568973,False
11802,8.634603086599771,False
1070,8.634338919005033,False
16351,8.628859825113054,False
17296,8.628230256210706,False
2547,8.627093114830842,False
1091,8.626910002456606,False
1128,8.626655098871288,False
18403,8.62583189933997,False
17970,8.625427043542743,False
1121,8.625353044782216,False
12479,8.624975968972993,False
232,8.624644361991995,False
18949,8.6246046051412,False
10006,8.623491819870516,False
10715,8.62294248186274,False
13867,8.622284231333344,False
16916,8.617330045621735,False
14039,8.617059849773458,False
13895,8.61649830726695,False
19380,8.614516167213157,False
4303,8.61356625270734,False
18972,8.613009108323398,False
14551,8.612751650099863,False
13813,8.612739549781752,False
4965,8.6111080497669,False
16662,8.61061541650857,False
458,8.607765335527688,False
1117,8.60662491199608,False
9455,8.605910391576955,False
17289,8.604120567891856,False
1922,8.600892812676044,False
5255,8.596184672501504,False
11331,8.59361970718415,False
12867,8.59280893931227,False
2732,8.588586514610832,False
13580,8.585182387119938,False
11826,8.579597987489183,False
8222,8.57940393936783,False
6713,8.579323443388466,False
12519,8.57615576708943,False
13750,8.575434106100934,False
16677,8.575340723620148,False
18190,8.573037597894212,False
19760,8.570195284470984,False
4071,8.568992927318613,False
12816,8.5684729625158,False
12812,8.566451721101481,False
2556,8.563351546606079,False
3338,8.562705760734413,False
10601,8.562532698586665,False
13429,8.561347898745993,False
11784,8.558292825560422,False
14647,8.55782525092294,False
12219,8.557137365208705,False
19459,8.556550468398937,False
1176,8.555993433012294,False
1960,8.555675594646036,False
12407,8.554210514671377,False
945,8.553674392136564,False
20331,8.549382516228338,False
18278,8.549129257843086,False
4869,8.548453284715144,False
15204,8.548339566207938,False
9865,8.548245147554193,False
17234,8.547719643734682,False
1569,8.54757348006793,False
15813,8.547236064207352,False
11791,8.54673068412532,False
3278,8.54514650976619,False
16840,8.543716818917563,False
2717,8.542760616635917,False
2603,8.539602248708277,False
19650,8.53819293165192,False
9361,8.536378092295987,False
15645,8.534938520730666,False
4615,8.53042186033302,False
18646,8.527850718215253,False
2738,8.5267978011079,False
13726,8.526625442590053,False
19756,8.525783444174252,False
17182,8.521035010609252,False
15503,8.520355253161165,False
17409,8.52023125322677,False
15042,8.517764607671225,False
888,8.512959322574494,False
18274,8.512535069835621,False
575,8.51236830578463,False
2515,8.511200788759833,False
12717,8.5108617739343,False
16385,8.508981282603674,False
18938,8.50841814880083,False
19734,8.505704097676947,False
12431,8.505222008050954,False
9755,8.504107599935463,False
1260,8.500329213341633,False
18909,8.500043091839302,False
2689,8.499988401511555,False
11522,8.497608715154271,False
12254,8.494579337660356,False
19753,8.493303294653078,False
10666,8.4930969126405,False
80,8.491990719888673,False
13997,8.489817693662463,False
4067,8.48476520865809,False
2741,8.482378201492907,False
1095,8.482255524242731,False
3583,8.48149446187421,False
20487,8.481169203374911,False
15862,8.479664610075758,False
15592,8.479566026734531,False
1131,8.477497007543441,False
17373,8.476607703784092,False
13229,8.476589793979588,False
14981,8.474774302433051,False
5420,8.472267146387905,False
12282,8.471323444721799,False
10047,8.470386775472743,False
17414,8.469758509161057,False
6324,8.468237336682247,False
4402,8.467977598459028,False
2707,8.466170089964056,False
15816,8.466040812824863,False
2772,8.462800558479088,False
924,8.461174632029937,False
1946,8.460192448790377,False
17586,8.45938346327515,False
8755,8.459317116281833,False
2198,8.458924906431456,False
9807,8.453335810241903,False
12548,8.452307620587305,False
4875,8.451033123282397,False
11762,8.448268195994533,False
15113,8.447594755691222,False
17179,8.446965081627884,False
9158,8.446325248148723,False
12402,8.44605771983774,False
10972,8.443456954130777,False
13904,8.442874743832597,False
10003,8.442308788183091,False
18297,8.440021599670676,False
12341,8.438423055088794,False
16722,8.43718242076978,False
12494,8.434965650003662,False
8278,8.433726320390162,False
10522,8.433638302673476,False
12346,8.433162661025259,False
10467,8.431555341372713,False
10566,8.426869564259432,False
20359,8.42675475092172,False
13768,8.426444570429029,False
4289,8.42613568367381,False
1208,8.424890149138474,False
17456,8.42275861394396,False
17349,8.418016938878742,False
11779,8.416717526014267,False
11416,8.416406200343065,False
13596,8.414512241585415,False
16708,8.413714298355865,False
10393,8.413026580857537,False
11734,8.411638922839142,False
10338,8.409975404512064,False
20377,8.40672484738629,False
19334,8.40661716761019,False
2339,8.406199340694288,False
16436,8.406148929142587,False
94,8.403333407898309,False
12362,8.40258409587798,False
16706,8.402542602970529,False
17365,8.399721335182317,False
19703,8.399490810232827,False
4945,8.398165987274586,False
13183,8.395805264141528,False
3333,8.395503195081249,False
13002,8.394435060663342,False
9840,8.389547600692008,False
17313,8.38947779725914,False
18333,8.388070422761375,False
15729,8.387010502756343,False
91,8.386329564070007,False
18549,8.38551584900944,False
9896,8.384847068808755,False
10001,8.383888916687365,False
17440,8.382376491640208,False
19747,8.380594356714088,False
1141,8.376741023086732,False
14337,8.375433878752904,False
10220,8.37507236163674,False
10668,8.374808033566826,False
9419,8.37365123188799,False
18434,8.371280766620249,False
16683,8.369526273574905,False
4968,8.36678323595894,False
1966,8.363399872412776,False
10889,8.362813498467172,False
2971,8.361017333476815,False
9281,8.360058325730517,False
2697,8.359517843214284,False
19771,8.354932593565232,False
2721,8.353802996551025,False
17692,8.352958890879886,False
5845,8.352914193261714,False
15703,8.352656788605298,False
9991,8.351972851439134,False
15793,8.349868828023467,False
19762,8.348682999584828,False
10622,8.345326202226403,False
3322,8.344042723456381,False
2961,8.343453359301245,False
15037,8.341831530316856,False
14333,8.340176282164235,False
16410,8.339024506264707,False
19529,8.335855424344107,False
2629,8.334227059388844,False
20158,8.33418106304332,False
13554,8.33116327108841,False
17184,8.330044300874723,False
11407,8.32985507903518,False
18546,8.328643748107137,False
12383,8.326168714804542,False
14306,8.32382648679809,False
18286,8.323330695408004,False
13992,8.321538914218394,False
9405,8.321139570870804,False
12486,8.320640787411381,False
12434,8.319514074481933,False
4658,8.319299938673785,False
11778,8.315476197360525,False
19320,8.314249374581408,False
7502,8.311569973769412,False
18339,8.30909690922634,False
10568,8.308751244387075,False
946,8.308602410038493,False
13042,8.307578718221958,False
2686,8.30718487328599,False
20501,8.304213366023616,False
14009,8.301506865435382,False
9593,8.30111697941053,False
11817,8.29952897190035,False
4462,8.299414140956733,False
989,8.29245055145476,False
16360,8.291584449122107,False
4649,8.28920007457353,False
2599,8.288904685570259,False
12413,8.288851047649494,False
12476,8.288330540145346,False
10640,8.28806301631702,False
702,8.286197565230498,False
19732,8.285963591141702,False
18581,8.285275617441407,False
13392,8.284181705729438,False
4632,8.283855111402962,False
20639,8.282502541560767,False
2746,8.282071705776747,False
9998,8.281875415223862,False
704,8.281079553081138,False
11753,8.280185928814532,False
17379,8.279881087169354,False
16992,8.279326438755458,False
19241,8.278838994787804,False
16618,8.276849822956798,False
14484,8.273922381957732,False
3327,8.273243983244846,False
19779,8.272732035471357,False
17317,8.271740629769639,False
10343,8.270424936677479,False
12019,8.269371312849483,False
6911,8.268731531111744,False
4287,8.267578063318528,False
9323,8.263631040184695,False
15644,8.262745939968394,False
19782,8.260859370110914,False
12493,8.254881126427804,False
19737,8.253033960404789,False
5319,8.252898399819163,False
5270,8.252337750816682,False
12466,8.25158854231156,False
2739,8.25035677412486,False
15926,8.24990555502436,False
12120,8.246564330771935,False
18602,8.246185355344211,False
9389,8.245826987391602,False
16884,8.244606827694348,False
70,8.242204081890492,False
7272,8.239681479393214,False
1568,8.239282452705865,False
14260,8.237550928511933,False
15742,8.23295149305607,False
17471,8.231325287634412,False
17985,8.229819310385455,False
19583,8.22932572117958,False
1100,8.225004953543062,False
16697,8.224512250140576,False
10065,8.224448807862537,False
13640,8.224448514172238,False
15628,8.224160463915187,False
2664,8.22411120314528,False
11774,8.22342601838621,False
7263,8.221831925212372,False
17324,8.220729309279296,False
3476,8.219753348520834,False
2681,8.2195055822881,False
9299,8.212359039264543,False
5555,8.210992085581776,False
18058,8.210494131528746,False
12439,8.207941196219323,False
10004,8.207771161324345,False
15889,8.20658804202976,False
3546,8.205219195547727,False
12491,8.204975808091291,False
2672,8.203903043928747,False
17159,8.203221550820336,False
1094,8.20189439171267,False
1524,8.201168783389415,False
2695,8.19928368242309,False
15588,8.198157263354785,False
18638,8.196834196497154,False
10599,8.19605138866087,False
15048,8.194350396456743,False
11902,8.193397504613905,False
12142,8.192041957208218,False
19767,8.191191047362437,False
8376,8.189671721006263,False
12685,8.184571393112591,False
18378,8.178008795246035,False
19179,8.177931008776117,False
7265,8.176634821734247,False
9828,8.176383910640132,False
1976,8.174519774034039,False
17266,8.174295198317648,False
11750,8.173690587726735,False
1229,8.171836284727853,False
20388,8.170688331676473,False
19090,8.170338524709596,False
17993,8.16983636401483,False
9030,8.169392951526847,False
12420,8.168189383279962,False
14269,8.163781803581523,False
16402,8.16218001775444,False
20082,8.158420383722747,False
18390,8.155841451621589,False
12369,8.154084617235778,False
18490,8.152207655958318,False
2566,8.149291041892575,False
1072,8.147694547597562,False
2618,8.145043623339468,False
4675,8.144561786215801,False
1933,8.144470361721531,False
11822,8.143710051322763,False
19761,8.143366962269592,False
19363,8.14306499501922,False
10565,8.14132795670336,False
1648,8.140931184487009,False
17774,8.14064739308816,False
1969,8.138047015965087,False
20438,8.136677590085693,False
16082,8.136126903136777,False
1180,8.130035884183242,False
15740,8.126844062677616,False
13427,8.123567937539013,False
1752,8.123061831927537,False
13858,8.122507187906761,False
13238,8.12165416506203,False
15631,8.121521777670354,False
9420,8.11977247015631,False
8250,8.116349200232113,False
12385,8.112033756523974,False
8924,8.111758957810222,False
4335,8.111640948638694,False
17423,8.111179618272892,False
12483,8.110053772525998,False
2967,8.107085769078596,False
14147,8.102993786152272,False
10050,8.102843731251113,False
1584,8.10101738980229,False
10298,8.10045304872578,False
4270,8.09748518518616,False
17912,8.093099531140897,False
19765,8.091929228664231,False
15814,8.09113321608403,False
14078,8.090660807880175,False
10328,8.090371961959086,False
9026,8.089982141215664,False
12505,8.089685515610316,False
17144,8.089621518676292,False
13466,8.089328751201755,False
10626,8.088558248868054,False
15796,8.087454879085628,False
15201,8.087338001897658,False
2565,8.086379007224131,False
8304,8.086194364094759,False
8235,8.085704733943665,False
2764,8.082262117136668,False
19339,8.080515369569962,False
8638,8.07772155699588,False
17422,8.076016926851729,False
15817,8.075717426044708,False
8628,8.07304447954734,False
461,8.072408277890371,False
9827,8.071039349646934,False
14755,8.070452847333451,False
18939,8.069654966493438,False
1179,8.066749991658495,False
15576,8.065267769519519,False
2619,8.064101341634576,False
3316,8.063455924996772,False
17350,8.057194829400686,False
17906,8.055223965687622,False
11816,8.05438178352038,False
17478,8.053552192892372,False
5935,8.053147668136337,False
13988,8.052822109413967,False
8759,8.052112280673562,False
14676,8.050905546481953,False
5487,8.049558430295285,False
18206,8.048380176878903,False
12416,8.047408943847188,False
18180,8.045134113922552,False
12337,8.04355050983712,False
3296,8.041685034227788,False
10669,8.041201924586868,False
9502,8.040274503428222,False
2646,8.039012705958676,False
18572,8.038830856003512,False
3120,8.038372546055106,False
20103,8.035913705420315,False
16741,8.035365649543703,False
9885,8.034076838095011,False
2901,8.033192367000797,False
17045,8.032269575003099,False
12676,8.031535965725027,False
3791,8.02952800039862,False
1919,8.028567851633795,False
2639,8.026565886275733,False
6690,8.02609050738975,False
17688,8.025615253191777,False
4686,8.024189880912564,False
15046,8.023888170953708,False
19777,8.022401339947615,False
1849,8.022393229685292,False
9798,8.01945428024532,False
11789,8.017261319573345,False
11605,8.016760154537327,False
4663,8.01565292217721,False
4397,8.012574507924484,False
17439,8.01131022146416,False
13754,8.010849393857484,False
74,8.008886681225137,False
14243,8.006859812304311,False
15058,8.006744381304824,False
9160,8.002852263467986,False
3301,8.00131860204052,False
9489,8.000741824907703,False
2630,8.000638265877626,False
7931,7.99847704424143,False
12213,7.996313745216255,False
15187,7.994342714361574,False
16687,7.994153312564055,False
15787,7.99344719121145,False
8568,7.991744818005076,False
16894,7.990363699466624,False
11354,7.989315497805981,False
11904,7.987907168028996,False
14554,7.987884399968029,False
12500,7.987654705737583,False
8283,7.986023476037837,False
536,7.985117640450724,False
9498,7.985102823840343,False
16336,7.982543781631105,False
11878,7.982123825105531,False
5383,7.981730176363525,False
17201,7.981214075350116,False
6584,7.979659064292076,False
19768,7.979436551693665,False
4524,7.979362487707077,False
15857,7.9789037132805625,False
10777,7.9781798119918665,False
5786,7.976009047744758,False
20508,7.975110592006413,False
18677,7.974909601845704,False
19158,7.9746502675277995,False
13763,7.973752924465305,False
5630,7.971316921262776,False
1935,7.969850014242879,False
12474,7.966912818772667,False
3104,7.966312432003175,False
17702,7.965668232440676,False
16004,7.963812987152181,False
5495,7.962261055799662,False
4839,7.961998188847419,False
13152,7.960755170749069,False
16941,7.96070983247796,False
1160,7.959200287337028,False
6390,7.958629895688748,False
12553,7.958493873877269,False
2749,7.957319802401546,False
15641,7.95380421626189,False
19709,7.952338203536559,False
10379,7.9521171828749155,False
18334,7.950029858389268,False
12161,7.9491594962229915,False
12502,7.947415552107362,False
16816,7.946894940368976,False
2517,7.946144918245686,False
10012,7.943098971673215,False
13907,7.939109348777077,False
92,7.938751945231697,False
17163,7.936720713584303,False
17398,7.934939550919859,False
4561,7.933554597952608,False
18056,7.933130035780952,False
2690,7.932481328017907,False
12429,7.932030824543428,False
16695,7.931811553128357,False
9715,7.929287278506054,False
5294,7.928825896838459,False
15707,7.927133553036812,False
2682,7.926656601181961,False
1178,7.9241478358207615,False
5720,7.923535100061096,False
18623,7.921663923129529,False
8984,7.921574422098075,False
19365,7.920856027937354,False
5704,7.916935271694051,False
13891,7.916098681748348,False
17316,7.915130572030122,False
14983,7.914233234952729,False
13738,7.913819794657724,False
6971,7.9136191407227745,False
9512,7.910683618143203,False
15461,7.910569699890193,False
2597,7.90998470807882,False
11836,7.909934448682403,False
1136,7.9091504601921265,False
5537,7.908803671890878,False
18931,7.906758427261277,False
1923,7.906340368874492,False
10372,7.905297222463911,False
16388,7.903413811822476,False
2745,7.902978938013714,False
18404,7.901940327000447,False
12285,7.901413431870196,False
10161,7.89969113560371,False
18585,7.899078519174388,False
17326,7.898003635900951,False
6543,7.89781537404565,False
10023,7.895043175679965,False
8803,7.894635680424237,False
1304,7.891390996387845,False
69,7.890957055350391,False
19168,7.890524574375863,False
3556,7.889293486381403,False
17835,7.888928142288753,False
2728,7.88719190502912,False
7592,7.885934031767169,False
1971,7.884352411510639,False
17579,7.883312659810486,False
20442,7.8802868408935876,False
11756,7.880090611698786,False
16136,7.879880250339172,False
1172,7.878957933763321,False
16416,7.878581084399242,False
4075,7.878213935040105,False
16933,7.877692406203035,False
14723,7.876542654201614,False
17695,7.875326037472514,False
17001,7.87426026364919,False
20630,7.8708279477322085,False
1170,7.869912142136956,False
13936,7.869343178248009,False
12048,7.868676796758307,False
13893,7.867287560862962,False
9822,7.864417086497834,False
3555,7.862838898344778,False
12541,7.861366329910167,False
1189,7.861343768870039,False
9412,7.857079254628996,False
8637,7.856731102638589,False
2007,7.8555156896264355,False
122,7.8542339843304765,False
2720,7.853461271393115,False
18285,7.853406787619635,False
19266,7.8512275227697685,False
3284,7.850773140106185,False
14239,7.849492798683441,False
14682,7.849123584437063,False
2729,7.84899150696177,False
2589,7.845457414506178,False
18632,7.844996528128211,False
13013,7.843639347517174,False
18372,7.843460949642179,False
5922,7.843060717635805,False
5931,7.841681273253932,False
7313,7.841269454407673,False
15540,7.8402804461820494,False
12475,7.8399631423246605,False
17367,7.839764377817035,False
7581,7.83945929961824,False
4342,7.837562785364005,False
10507,7.835994324734376,False
5739,7.834993256622004,False
12624,7.8340356627684,False
14555,7.833376003280194,False
19788,7.832937710577525,False
13991,7.830712412400933,False
17090,7.829636651049315,False
2548,7.828965006671524,False
14900,7.828927051450666,False
10251,7.82876970238424,False
416,7.828737579811008,False
16345,7.82873616103591,False
12043,7.828237696421056,False
16597,7.827852815314934,False
12202,7.824669154301837,False
4709,7.823098548790162,False
12866,7.8218476149314915,False
19367,7.821254497470925,False
18092,7.818692241023967,False
18234,7.818157668820728,False
9515,7.818014449159229,False
12334,7.8157087253652335,False
20328,7.81513735182647,False
15566,7.813438642626166,False
2906,7.810491524270473,False
5766,7.810037813531631,False
2103,7.8087711356243314,False
5388,7.806743962089476,False
19270,7.806679511232614,False
10526,7.805844199739478,False
15797,7.805460232350683,False
1639,7.802134615426035,False
6638,7.801112821123357,False
13831,7.798273740159126,False
17773,7.797947517872622,False
699,7.79779943886122,False
8999,7.797707876549401,False
18329,7.796685356168768,False
18541,7.795585909931573,False
11776,7.795329972169802,False
10521,7.791054380992911,False
14627,7.788799157033317,False
9940,7.787945741815545,False
9721,7.787274801236505,False
2719,7.786514573624817,False
3540,7.784887824365862,False
18385,7.784361056229783,False
17320,7.780738937822013,False
10035,7.776529441514611,False
19744,7.776031146950272,False
10543,7.775065671651147,False
1089,7.774810985929795,False
1253,7.774439611949898,False
135,7.773697847365409,False
12516,7.773478653935206,False
13883,7.773408706325498,False
17969,7.771219172921352,False
10714,7.771149312251594,False
4573,7.769845017586618,False
5389,7.769139620291325,False
6710,7.768192233928344,False
4346,7.767738966552054,False
6291,7.7676499250057525,False
18167,7.766693167963887,False
1188,7.763568807054698,False
6700,7.763306233025501,False
20360,7.762536474194721,False
12424,7.761077507743561,False
160,7.759999684559794,False
2679,7.759131610860365,False
4990,7.759096708582618,False
2716,7.759068160035731,False
13998,7.755242434251729,False
12187,7.754927175133982,False
16,7.754337835821797,False
10334,7.753463113598942,False
14823,7.752557858278593,False
20107,7.7503758359708215,False
9493,7.749298132139355,False
4424,7.749121401220417,False
20075,7.747223903124541,False
14288,7.7465563480406185,False
11835,7.744071353084368,False
10949,7.7428421565526415,False
17476,7.741909040330439,False
19798,7.741173666718481,False
19103,7.739870397929623,False
1327,7.735745622303949,False
18547,7.734645346429913,False
12956,7.730124839973477,False
3543,7.729513495855192,False
4483,7.728012153675713,False
2688,7.724579371636349,False
17040,7.723546576084843,False
13627,7.721259059919481,False
16689,7.721206438891741,False
16667,7.720527831622292,False
16721,7.720061758636552,False
1262,7.718038507533345,False
12513,7.716907632752028,False
16010,7.714261195881162,False
13475,7.713258800549806,False
12704,7.712360345752909,False
67,7.711750871144201,False
19395,7.711633236529148,False
9100,7.710844338652186,False
13659,7.7068126532171295,False
2273,7.705387265964993,False
17635,7.7045124373378995,False
18934,7.703783349876195,False
1228,7.701304582751575,False
13857,7.701292238314404,False
4349,7.700892276761603,False
12918,7.700870532117848,False
12312,7.6999558039939675,False
13102,7.699665525705286,False
9869,7.6991190797575335,False
18193,7.6991086327088425,False
15856,7.698882743259222,False
15650,7.6968021334869405,False
20073,7.69016531014851,False
15038,7.6893429286465445,False
2673,7.6868708296721415,False
15638,7.686759229764732,False
10625,7.6852062171734135,False
2755,7.683485060249907,False
1399,7.682903205499109,False
12331,7.682459671575263,False
8754,7.682234014498853,False
1252,7.6822304162352975,False
1137,7.680532764907717,False
4039,7.679508885931835,False
17720,7.679018429127063,False
12496,7.675897114053146,False
15635,7.673009035446958,False
1550,7.671513182565898,False
18947,7.671208275429699,False
10482,7.670469562939647,False
2726,7.6700006830958,False
11641,7.668589144714814,False
12327,7.6682632596713685,False
1309,7.665866011880455,False
2079,7.665805957733675,False
5276,7.665500337912652,False
13937,7.663109414395375,False
19523,7.660568939962016,False
18936,7.659220865572453,False
12065,7.6590122662575055,False
1387,7.655139852418026,False
1155,7.655094965211444,False
11579,7.652770915513292,False
16191,7.65269508537674,False
1938,7.652566290201122,False
19721,7.651244035262632,False
15675,7.651184123002729,False
10456,7.649258801229312,False
18387,7.647914039837712,False
15738,7.647713156789072,False
12358,7.644375057425879,False
12095,7.641789095518836,False
17374,7.639837773179693,False
6060,7.639337839389969,False
1939,7.636610926963226,False
2612,7.636049414111795,False
15111,7.632279100277381,False
12397,7.631542571684072,False
17459,7.629906696370946,False
1186,7.628555183809022,False
13761,7.625774672960465,False
12364,7.624380623974712,False
2634,7.624132772961289,False
3298,7.623794555147047,False
14783,7.623531150980979,False
4595,7.623031892617691,False
11608,7.619711772979318,False
12539,7.619616075296971,False
17213,7.619046635612657,False
1185,7.618291988605824,False
3118,7.617951823829779,False
4701,7.617273768502148,False
14936,7.6169532427673605,False
14350,7.6158903427197835,False
1652,7.611688930119662,False
10471,7.610858554213718,False
4052,7.604782571257692,False
1168,7.604738609257794,False
11005,7.6046409226978176,False
3249,7.601710889582953,False
17378,7.6008905806633305,False
2758,7.599473968818579,False
12688,7.598288722245111,False
18416,7.597566905249579,False
17251,7.596310770954074,False
1989,7.59573587946111,False
20407,7.594521904048091,False
18375,7.5938609382956805,False
15820,7.592187468580926,False
19576,7.5909072527975825,False
17480,7.590492723204743,False
15745,7.59006190786733,False
9884,7.589506495589506,False
12501,7.587375741928218,False
19324,7.587035267928769,False
5757,7.5869790945966695,False
18331,7.586140164407274,False
17085,7.585601546419304,False
16599,7.584781442060251,False
16628,7.584738046443308,False
1184,7.584057387354049,False
18526,7.583923741299928,False
1728,7.582539688377281,False
1626,7.581453532552474,False
10390,7.5801768291688045,False
11194,7.579433629976899,False
17893,7.578300467183511,False
9461,7.577741151932976,False
5321,7.577696217080666,False
9803,7.577107910477079,False
16985,7.576463787681055,False
5558,7.574449065458994,False
15643,7.57401877028218,False
17072,7.573986110165519,False
3336,7.570498674359754,False
18892,7.569349656448685,False
11201,7.569282221215991,False
9993,7.567722746104894,False
11810,7.5648301324536,False
1477,7.564674996457883,False
16640,7.5627153992465335,False
14344,7.562253248182241,False
5245,7.562081109785826,False
2759,7.562008201774887,False
16616,7.561271483564513,False
1654,7.560095189674107,False
12350,7.559099159248582,False
12410,7.55868612546244,False
2614,7.555418155726123,False
10410,7.554997119473021,False
19524,7.554090585798327,False
14508,7.553953149418069,False
1174,7.553703976479204,False
17361,7.553538021082979,False
2750,7.552555077198985,False
18496,7.552473975611539,False
18215,7.55232665931152,False
2606,7.551647670617925,False
19013,7.550809949488399,False
16736,7.549427598935848,False
1562,7.548465389152847,False
66,7.545626209914849,False
455,7.544994942222457,False
15340,7.544078676209853,False
13571,7.5428484439624555,False
1256,7.541540951985571,False
11477,7.5414125977223465,False
15822,7.538874514115463,False
19729,7.538506795207049,False
14130,7.5373981694541445,False
18433,7.537085221525679,False
12210,7.536343176629032,False
981,7.535570687497285,False
2592,7.535280338649095,False
1203,7.534862050144641,False
18063,7.533435635244879,False
6581,7.533068766720286,False
1033,7.532633490490481,False
13639,7.531909465947475,False
12499,7.529329941931142,False
9843,7.52818469864974,False
15586,7.527810563117502,False
17188,7.5266267828124,False
3959,7.526243636075666,False
17323,7.524253955431132,False
13732,7.522875871252388,False
2718,7.522344382330477,False
17047,7.521439001189723,False
561,7.52061255769334,False
2536,7.520327730504652,False
11021,7.519468309234455,False
8234,7.5177040721084865,False
17186,7.514955286154397,False
17438,7.5143704679119825,False
5807,7.513701425327013,False
18338,7.513524143228237,False
12498,7.509992186936831,False
13861,7.50907545510454,False
19774,7.508653035704539,False
1062,7.508601146094858,False
15630,7.508401719652396,False
15483,7.50775366677724,False
938,7.5003226513531915,False
19525,7.499238024444222,False
13589,7.4983064531571175,False
13426,7.498121039307416,False
10409,7.498090574823239,False
15769,7.497674780126081,False
674,7.496501070193928,False
12940,7.494780345711271,False
2615,7.489502935336432,False
3841,7.48618431185248,False
14502,7.485726048546642,False
13675,7.483669388260818,False
1984,7.481233508997279,False
8787,7.477923563827051,False
17624,7.474377272608793,False
6091,7.473268087353135,False
2974,7.472289951418537,False
5987,7.471035958630734,False
9824,7.469779583496474,False
16610,7.4693527018691865,False
6018,7.46675401077377,False
15444,7.463425331397394,False
17404,7.462828850894118,False
302,7.460301547911793,False
13759,7.460263649630501,False
500,7.458001271560654,False
9496,7.457311834746292,False
17247,7.456916722826193,False
5267,7.4565246218459995,False
9878,7.454810271657231,False
20503,7.452994146728958,False
11825,7.452365253513497,False
3325,7.451298945134642,False
15948,7.451212828468899,False
16582,7.449480582726045,False
4551,7.449203656932519,False
12435,7.447713187973317,False
15258,7.447626491431941,False
19274,7.446945732517921,False
14937,7.446507780090027,False
13802,7.445589731223748,False
9480,7.444336791784263,False
5932,7.442683600210021,False
1173,7.441323492459423,False
20603,7.440201669650417,False
2607,7.43985124978397,False
3099,7.437747928540581,False
13874,7.435689052103212,False
3279,7.4353521711894786,False
14797,7.4341407548667195,False
4273,7.433000850779043,False
6755,7.432850321027145,False
19722,7.432339607076434,False
17098,7.430249445190924,False
3108,7.4300754650969,False
16645,7.429670841442168,False
15762,7.428045779303522,False
12340,7.427317040640645,False
5192,7.425921811228045,False
9488,7.424815545464124,False
9695,7.423495939512721,False
19778,7.423032029857467,False
419,7.418593339409419,False
13574,7.416010434627971,False
1725,7.411816204290863,False
17467,7.410666822998566,False
1953,7.410374216549645,False
3131,7.409744260076422,False
7351,7.409701596134348,False
5814,7.408402867274239,False
700,7.407524721044405,False
9393,7.406887245882679,False
2705,7.4063822640601416,False
2757,7.404170699577929,False
18232,7.403340374553265,False
11744,7.40296202935087,False
9520,7.400582834478442,False
12248,7.399831009453338,False
1955,7.3995158080071075,False
2628,7.398120701184624,False
4642,7.396650671574543,False
14336,7.396467781225507,False
16685,7.396274659730377,False
20088,7.395517763354778,False
17568,7.395352196300547,False
14335,7.394292333365529,False
19670,7.392764382550276,False
19104,7.3871046766210675,False
1098,7.3851432751431325,False
4395,7.384342802001541,False
19773,7.383573848477203,False
12529,7.381859795837563,False
10829,7.381307730783547,False
1150,7.381188357353695,False
9472,7.3803865654436756,False
12367,7.38035687373913,False
16397,7.3801364847267905,False
2613,7.380128366618365,False
18524,7.37964522585628,False
18940,7.378753248953487,False
8249,7.378234621855,False
4002,7.3759312850730385,False
17004,7.374704944983604,False
8206,7.374243436617386,False
2086,7.372318876958976,False
504,7.368544621073763,False
12264,7.367573214925972,False
15763,7.36731193440672,False
19679,7.36528383223923,False
17226,7.364310264392294,False
2573,7.363975649403379,False
11806,7.361750582212411,False
16383,7.360931662019909,False
14330,7.357332741598642,False
18073,7.35726891236266,False
15744,7.356943022420431,False
4290,7.355557245623233,False
199,7.355188221636098,False
15647,7.352155147525973,False
12757,7.351625204891424,False
15191,7.350628470807396,False
2590,7.3477145355821705,False
15616,7.347290219099923,False
6416,7.34710977280128,False
4597,7.34631604486222,False
10905,7.343919794043686,False
20327,7.34107404171408,False
20625,7.3407914024339345,False
3097,7.3407379825329615,False
18600,7.340455995518401,False
14465,7.339776832307349,False
9470,7.339742654711088,False
9833,7.338650711703502,False
2564,7.338267896983943,False
1689,7.337961073313993,False
6734,7.336301922618684,False
15883,7.3362452348794776,False
1577,7.335804568143202,False
4029,7.332029697684083,False
14799,7.331108162969468,False
8987,7.327393518805373,False
12408,7.326361354408064,False
12677,7.325880856148996,False
17229,7.325597201773201,False
11811,7.325590202516194,False
1587,7.324214860527045,False
5278,7.3233086981377244,False
15746,7.320450667835001,False
17196,7.319940028173572,False
8252,7.319612110104281,False
10621,7.319590887297903,False
14473,7.319019963953043,False
17585,7.318131781916112,False
18573,7.317876108586368,False
2610,7.313943312330153,False
14123,7.313749699384073,False
1936,7.313643642527701,False
17021,7.31360943598599,False
6879,7.313398807125789,False
9089,7.311861288383108,False
13902,7.311503837986685,False
18214,7.310944960624534,False
9742,7.310601011291431,False
10563,7.3073960710885455,False
3267,7.307341282284202,False
2636,7.306843815671833,False
12506,7.302657858284648,False
9396,7.300849254643978,False
1197,7.300068216816097,False
11432,7.299783321912067,False
17719,7.299524619044821,False
13812,7.299128226560661,False
10646,7.290628678015594,False
10658,7.2902642493457686,False
1538,7.289716574750527,False
18922,7.288841060501616,False
1616,7.288757397891325,False
1918,7.287273657069778,False
14404,7.28692477862818,False
13033,7.286638689260622,False
13369,7.286281236311047,False
14833,7.285227763648049,False
12955,7.283707053101644,False
7160,7.28287840091939,False
3814,7.281758490061608,False
3329,7.281323266690489,False
18432,7.279981419769097,False
6634,7.279440742285871,False
9858,7.279026180208271,False
1967,7.2784561939990216,False
14818,7.278313510376565,False
11431,7.277898788925389,False
11763,7.277798454273884,False
12314,7.2770219314651,False
2734,7.276044969002683,False
9694,7.27570383036771,False
9821,7.2734954326220596,False
18566,7.272991709129849,False
17407,7.272238961519542,False
11697,7.271113875380692,False
1169,7.269114570475951,False
10460,7.268983157463083,False
17172,7.2689420385132095,False
4866,7.267894789345217,False
9856,7.267765745831927,False
15462,7.267332544261701,False
1244,7.266730114629176,False
3116,7.266411203840927,False
15669,7.26434596894131,False
2627,7.262805388709545,False
6296,7.262661938058558,False
9648,7.26199677699892,False
9785,7.260358729721662,False
12538,7.260146836719986,False
13981,7.259605158776882,False
14896,7.259319701229153,False
3272,7.255298222993645,False
4840,7.2544883639967885,False
10800,7.25355969534546,False
2649,7.252582416524575,False
18507,7.251776563244088,False
9483,7.251524977084852,False
17468,7.2504295742437375,False
1920,7.249833627555182,False
19675,7.248423739711582,False
13590,7.247556873918627,False
5241,7.244143541028109,False
9899,7.243425860361514,False
19716,7.243212957935063,False
417,7.24266993185282,False
11884,7.242577584359042,False
1190,7.241929813838336,False
14322,7.240475423685977,False
10426,7.239604001632726,False
14234,7.2385234708253074,False
15528,7.236490881819558,False
9414,7.235936625744527,False
13951,7.23571059497299,False
10399,7.235691952825742,False
17545,7.234916072900633,False
5261,7.234824939403005,False
9425,7.234403811362986,False
5300,7.234072125221662,False
5119,7.232518696909105,False
9990,7.232484798520853,False
13810,7.2320768263981545,False
14512,7.230082095660681,False
16774,7.22915586171384,False
15229,7.22836589116482,False
10544,7.225370036374524,False
15768,7.223448362738695,False
15047,7.223441677368442,False
19254,7.222546232141047,False
17396,7.221148913968487,False
9734,7.220828291406838,False
18155,7.219045967639298,False
11824,7.21538699240621,False
13739,7.215234093378922,False
19684,7.213882717197363,False
20537,7.213671267606296,False
1641,7.2136061422541635,False
15475,7.212016841824864,False
11739,7.2107372342134015,False
1225,7.209463274998006,False
712,7.20907381266535,False
14295,7.2085051554750805,False
9522,7.206786459128207,False
3008,7.206337297280042,False
14166,7.205614859962463,False
1386,7.202827575913228,False
12603,7.19942476528447,False
10627,7.198298800108404,False
17564,7.195227917850974,False
14125,7.195151982985502,False
7888,7.194743754757349,False
13747,7.194195986919123,False
9795,7.192940620567977,False
12317,7.1928209965559,False
2550,7.1925690265196565,False
15708,7.192330121023625,False
4553,7.189501056731726,False
16013,7.18930660257109,False
1949,7.187553270596095,False
1661,7.187324825539106,False
18382,7.1871514760406185,False
1578,7.186462505629719,False
12252,7.1849738643203445,False
17490,7.184245104641983,False
12184,7.182760725691045,False
5363,7.181874582776947,False
10218,7.181562620306777,False
2520,7.180963203814919,False
206,7.179394296667587,False
2094,7.178662428568991,False
9919,7.178151083243421,False
16647,7.177772180746405,False
16665,7.177505118288843,False
11606,7.176183240969825,False
16723,7.175359227172906,False
9851,7.174024995749559,False
13137,7.1731307826575685,False
11814,7.170079618468426,False
12203,7.1698792174058985,False
13830,7.169373028520174,False
20354,7.1671278515059464,False
4820,7.166291400582516,False
1093,7.166103114092275,False
9315,7.162822015446235,False
81,7.162752441377986,False
11777,7.162720211394325,False
9233,7.161555322307218,False
14225,7.161339437999211,False
19772,7.161338770248742,False
3561,7.160741385345249,False
13239,7.160535029641631,False
368,7.1591304611236595,False
13389,7.157636861065575,False
14626,7.156177998380361,False
16239,7.154270381643783,False
17463,7.1515085791464195,False
9487,7.150644571362321,False
17388,7.150496695334039,False
5014,7.146770136895812,False
5353,7.146731203026688,False
10248,7.146393080419819,False
2216,7.145818954220644,False
622,7.144152958826654,False
3291,7.141656757385128,False
10816,7.1407381658174796,False
9848,7.139714746623106,False
18060,7.138900779508019,False
2574,7.138868762523195,False
14369,7.138651241176429,False
6438,7.1382793935250275,False
9473,7.136967585547861,False
7645,7.13696261118705,False
18655,7.136350775959288,False
15591,7.136131886731672,False
10628,7.133256470707195,False
14275,7.132091194204904,False
3575,7.131528826965,False
19335,7.1309266331094,False
14918,7.1302962971012285,False
11812,7.129295916137406,False
13837,7.1266917375320435,False
14084,7.126091517171833,False
12360,7.120562548603239,False
18186,7.118510156774629,False
2552,7.117224397276004,False
13400,7.116360578982098,False
7851,7.116341245107782,False
17988,7.1146424334032545,False
9860,7.111538207301826,False
15850,7.111336205136876,False
14898,7.110462369976883,False
14253,7.110433871317941,False
4259,7.109942345250741,False
4486,7.10987665807006,False
58,7.10772192224065,False
5847,7.1054163218507815,False
9464,7.10527971360753,False
9818,7.104160859407132,False
15197,7.103846978309478,False
9108,7.1031797564524854,False
16027,7.102445144230334,False
761,7.102144361302164,False
17887,7.101063905532099,False
10600,7.100533761692999,False
19686,7.099886550436359,False
10576,7.0997745446703515,False
20395,7.098584792872951,False
10535,7.098495357121618,False
6029,7.0979708592587745,False
84,7.096991129456633,False
17275,7.096743834460797,False
8218,7.093196424665476,False
12343,7.092902362131422,False
15844,7.092766201056708,False
1025,7.091786873421638,False
18264,7.090581311662242,False
9619,7.088997338905488,False
16358,7.0880951501205205,False
13108,7.08667422968003,False
11384,7.085909915637312,False
13795,7.08303954676399,False
16193,7.081188900983922,False
338,7.080176276806586,False
11897,7.0778059508109,False
10860,7.0764472187268375,False
13687,7.07618547695019,False
12277,7.075527184922196,False
15182,7.074085012600324,False
10549,7.073867652734369,False
15947,7.073815570035439,False
13001,7.073284593506949,False
1985,7.072954713621815,False
8084,7.072773667401346,False
6348,7.072728102832845,False
1515,7.071616602764168,False
13758,7.0709944714245045,False
1996,7.070380451745029,False
10302,7.069625060878395,False
14246,7.06895944255782,False
12938,7.068645214889991,False
10758,7.068128003873984,False
18054,7.067655241367834,False
19204,7.0667100504620475,False
4131,7.0633314615299225,False
1485,7.062783954933942,False
4272,7.061544236005049,False
13853,7.059436809837074,False
11483,7.057701344157603,False
12869,7.0576168240465815,False
4281,7.057275326201042,False
8294,7.057214523827182,False
18050,7.056571802123349,False
12417,7.055042048722747,False
17527,7.053545019865445,False
17178,7.052289076271297,False
9603,7.051425342611008,False
2704,7.0513486123141895,False
17873,7.051085108153341,False
19427,7.050038573907494,False
19727,7.04938957982979,False
20590,7.047095409429275,False
104,7.046453464718525,False
17069,7.044329581528203,False
20189,7.042824352049547,False
13201,7.042693226295961,False
5020,7.0423805936480335,False
10533,7.0417426418056275,False
2514,7.040494213682983,False
18083,7.040444707650408,False
1555,7.039873661223012,False
9374,7.039193728536757,False
10506,7.038979982354993,False
10698,7.038825120194798,False
3098,7.038785457361132,False
20317,7.03871743717934,False
3990,7.038034564086592,False
13811,7.037226089579507,False
13793,7.036727050283844,False
17544,7.036514804488823,False
12804,7.036232731007478,False
4970,7.036192326781719,False
17728,7.0355701779009525,False
4419,7.033425641841622,False
13092,7.032583563668028,False
10735,7.03195166643362,False
1695,7.0314994454333934,False
15728,7.030995876688397,False
17742,7.030134514514326,False
2722,7.029641307543532,False
2513,7.028309160884229,False
29,7.027292263212884,False
3003,7.026332588915838,False
11682,7.024439881032119,False
20109,7.021603845056518,False
8644,7.021479207420471,False
9186,7.0208344500129485,False
11905,7.019793041490491,False
10635,7.01975505129518,False
1980,7.019630053041859,False
16014,7.019394186213821,False
1171,7.018384654666606,False
1553,7.017838034291125,False
17272,7.0168840825272385,False
10694,7.015801346773084,False
9379,7.014539806317211,False
20631,7.013951927630005,False
2588,7.013396791771747,False
2087,7.012924342097755,False
1559,7.012170840266137,False
5429,7.0118042686304465,False
2731,7.011472004651189,False
10739,7.0112927281021555,False
16322,7.0102941499964695,False
965,7.00879894530241,False
6333,7.007798180299073,False
13805,7.0074913624317094,False
12533,7.0069072143226006,False
18267,7.00495478075479,False
13880,7.004815844974165,False
3666,7.00425551189336,False
14904,7.003241655733884,False
18977,7.0020178630078,False
15575,7.001152436434346,False
20593,7.000052092548316,False
8643,6.9997712000447905,False
16663,6.999015844846486,False
6640,6.9970562148699145,False
5326,6.996352423586313,False
13396,6.996245591573111,False
33,6.995382235208448,False
10636,6.9947345566483055,False
966,6.9942163532487545,False
17293,6.993443554570227,False
16058,6.993200921263309,False
16007,6.99310781879147,False
15880,6.9905953732832575,False
13032,6.988527068755078,False
10643,6.986152695069833,False
12294,6.985260448626963,False
18599,6.98516874732791,False
886,6.984938037622479,False
17066,6.984855821455303,False
5004,6.98484299639698,False
1187,6.984773656987283,False
13019,6.984671139158319,False
4233,6.984584526561026,False
14437,6.984398119983629,False
105,6.983724323953201,False
5803,6.982362937481854,False
3692,6.981842080654509,False
4108,6.981088045441448,False
13233,6.980357693596168,False
955,6.979952207389362,False
20195,6.975093070921139,False
2089,6.974410458855881,False
10474,6.9738431753297805,False
1046,6.972394839437903,False
4861,6.969720952767322,False
17370,6.966907126253393,False
8998,6.9659820431037165,False
12352,6.965962049875287,False
9359,6.964759943747175,False
3260,6.963671359227018,False
307,6.963199610604656,False
10291,6.963062090093785,False
195,6.962362279704134,False
785,6.9622577706558815,False
13760,6.961820437347631,False
2708,6.957848502045493,False
9604,6.957588295406785,False
17771,6.956346271835539,False
18905,6.955109769444807,False
616,6.954566251488842,False
14212,6.952373568150713,False
613,6.951881975161605,False
17651,6.950508807758176,False
15443,6.94953186983864,False
10855,6.948635767303133,False
15761,6.948070061595395,False
15794,6.942864780920765,False
9454,6.941798894997586,False
15915,6.941491639439105,False
9776,6.939684076008204,False
15781,6.937639165114813,False
17056,6.936514489482919,False
4292,6.931443441021102,False
310,6.9295159785290235,False
5620,6.929076750398261,False
15452,6.928994248853566,False
15839,6.928577700992827,False
13021,6.928308121925477,False
4544,6.927284897105113,False
12737,6.925255355544983,False
2568,6.924885532232018,False
12381,6.92434573822846,False
4366,6.9242105140289425,False
13843,6.921190486696729,False
14552,6.920930996114452,False
16859,6.920151495259134,False
20591,6.919368524025222,False
4676,6.918705096379329,False
12157,6.917990292458822,False
12100,6.917484719661992,False
5574,6.915824955093585,False
3283,6.914803766503081,False
2537,6.912617432388702,False
17402,6.911865873121085,False
4647,6.911575226672147,False
5575,6.911428032638646,False
306,6.910951753283731,False
15760,6.91006745956609,False
15670,6.909746974438551,False
16930,6.909616163074999,False
10804,6.907077699618539,False
12790,6.906606688988449,False
15639,6.9062090203400786,False
16650,6.905560694462029,False
23,6.9052384914750515,False
18455,6.904815435314178,False
1668,6.90425264448109,False
9756,6.904243501362076,False
2310,6.904230310907036,False
14319,6.903055519376502,False
11493,6.9030527586255,False
14296,6.90007954604242,False
17866,6.899438260398231,False
17462,6.8994348697151615,False
1961,6.898189557900871,False
1937,6.898111125307507,False
5740,6.897147437551983,False
9269,6.894142755715205,False
4236,6.89378209211185,False
1469,6.893555273336705,False
14545,6.892627726744933,False
15696,6.892476862928817,False
15415,6.891418055672185,False
537,6.891081044670543,False
1987,6.89047510399327,False
17567,6.889811550643364,False
16684,6.887037780086493,False
7489,6.886630285660633,False
15456,6.886181282790505,False
13996,6.88528402258904,False
13751,6.884855050638712,False
18418,6.884589215308952,False
16892,6.884250399411886,False
1635,6.883494553751486,False
16241,6.883484021854652,False
14203,6.882576735852496,False
97,6.880992164105239,False
3110,6.88022859432115,False
18488,6.877157933432829,False
93,6.875627787446275,False
14096,6.875179277614456,False
16538,6.874850039672052,False
211,6.874702106380935,False
16901,6.874618794022162,False
18685,6.872251194989435,False
15710,6.871071545837578,False
12393,6.870979146263075,False
89,6.8708321657554094,False
1618,6.869474576243926,False
16142,6.868712007565318,False
14018,6.868663088041187,False
11627,6.867245009035731,False
12335,6.86602734210625,False
9830,6.86598071108596,False
16484,6.865899435309673,False
14290,6.865761645536879,False
13169,6.863416727858429,False
3319,6.8603907811706115,False
14807,6.85982060808082,False
10412,6.858343471625585,False
19220,6.858189161805306,False
10887,6.857091135247453,False
1220,6.855567859666708,False
116,6.854391678761711,False
15449,6.853916899145219,False
10427,6.85121616733418,False
6877,6.850355351886485,False
9524,6.849713982725014,False
2333,6.848659545142142,False
15185,6.846852727898056,False
16189,6.844519413357216,False
3557,6.844283807177874,False
14613,6.844064202059342,False
12268,6.843665217153147,False
13645,6.8429900224570055,False
9911,6.842764729158869,False
14715,6.842615462558703,False
1423,6.8424168225112405,False
9148,6.8419314871604,False
19694,6.841496935914222,False
14804,6.840864044843633,False
14287,6.839682829513777,False
5347,6.838797898581942,False
498,6.838270999195519,False
10558,6.8380577595256,False
14121,6.837843450326131,False
13234,6.837455376070905,False
964,6.836761550700561,False
56,6.835256064496781,False
18062,6.83504269589357,False
13741,6.832876798882216,False
343,6.831915152690787,False
5517,6.83144985132305,False
6147,6.828371369386416,False
4308,6.827890264791881,False
9506,6.826972956470801,False
10996,6.8259444753057625,False
20602,6.825242571433369,False
19369,6.82464983262776,False
12904,6.824374078210283,False
2650,6.82403167720387,False
19813,6.822343515053649,False
3483,6.819631871506535,False
4873,6.819368432902217,False
2609,6.819035070079174,False
3321,6.8162441897148085,False
10633,6.815886373330826,False
19723,6.814591515032578,False
11495,6.814368797474512,False
17410,6.813610654768531,False
14268,6.813045206986823,False
2109,6.812626517827473,False
15642,6.812447231262459,False
3121,6.811350109298139,False
1016,6.811022255779074,False
5003,6.810697284838094,False
15988,6.81057448473312,False
2644,6.810549866671337,False
15701,6.810137642900081,False
14947,6.808482525703205,False
10479,6.807121185985145,False
12206,6.806270810378951,False
1656,6.803433320630308,False
6555,6.801387073786109,False
15598,6.801239550408734,False
12103,6.8005790664189725,False
12400,6.800562617428671,False
5088,6.799879925268818,False
11885,6.797827563364761,False
18676,6.797167785039123,False
20570,6.795549662151578,False
15477,6.7953967592196385,False
14911,6.79524509237136,False
14194,6.794506292436528,False
9930,6.792197248391009,False
9730,6.791302092245757,False
16780,6.791289007111862,False
7850,6.790967287430286,False
15202,6.7909636054415214,False
15331,6.790116480835022,False
1231,6.789056045490972,False
19442,6.787275789010487,False
3119,6.78675314901626,False
3789,6.786220694791181,False
16771,6.784493960092224,False
9518,6.784153692914185,False
3750,6.7834681278120215,False
12566,6.783114219314345,False
9707,6.781846439288732,False
10211,6.780670305206438,False
13535,6.780491020075382,False
18235,6.779007098638983,False
14238,6.778862529821413,False
17724,6.778578091670005,False
1036,6.778352117273087,False
19776,6.778190322382329,False
2219,6.7764380248680816,False
15853,6.77424241846197,False
1782,6.773783844942498,False
12183,6.773122737232255,False
12702,6.772425534453502,False
1405,6.771883107171175,False
14773,6.77188297793697,False
18560,6.77175897598564,False
8576,6.771093508263961,False
15416,6.770277894288109,False
11821,6.769534319806108,False
9360,6.769015637335469,False
495,6.7679546365991,False
19989,6.7679207459061885,False
18129,6.767366311383863,False
18110,6.767361029790697,False
20429,6.765938682425832,False
4416,6.764399512705062,False
18997,6.763816267916237,False
22,6.76297335151977,False
19712,6.762343699244266,False
6341,6.762077136515623,False
9112,6.761970809234891,False
13130,6.760495026920647,False
2553,6.758760139218964,False
13232,6.757816638125141,False
19133,6.756756910667036,False
17811,6.754416221145463,False
5387,6.751280257320773,False
15648,6.750017588222175,False
9823,6.749937564648687,False
13984,6.748131961639961,False
5075,6.745087052472011,False
3574,6.745078225530912,False
9497,6.743053666950921,False
11383,6.741379692180588,False
10617,6.741256989411414,False
20406,6.740506114152433,False
8788,6.738109250080814,False
13683,6.737002432794541,False
10532,6.736825045829147,False
17394,6.735952547969498,False
18493,6.735472569744978,False
20632,6.735447371821837,False
15611,6.7348389913850575,False
18643,6.733814501340624,False
2611,6.733747474445664,False
18106,6.731033159243368,False
1941,6.730676126496852,False
13881,6.72721197450793,False
15010,6.726469014108198,False
17807,6.726149436886843,False
1509,6.725708572520496,False
9476,6.725382864142553,False
14466,6.72487979881823,False
8080,6.724542737007614,False
15673,6.724086064550324,False
7291,6.7230441452653995,False
10615,6.719874433712262,False
20193,6.718935435664873,False
20134,6.718665817554997,False
9124,6.717757564818449,False
14652,6.7161717775709,False
6715,6.716167906138041,False
10446,6.715072137477269,False
15776,6.713505878985686,False
16024,6.713419238626617,False
15677,6.709888494441769,False
12330,6.7089511309477725,False
1037,6.708153953259398,False
19439,6.707663964891792,False
6850,6.706437245282658,False
53,6.7059170255738,False
18413,6.7058219114963435,False
15671,6.705121330547858,False
11772,6.7048665772726395,False
18628,6.7036791563693345,False
15632,6.703581952209548,False
11879,6.703264073898599,False
3378,6.702822046097607,False
9808,6.702592511803688,False
1992,6.702110462464219,False
3190,6.701559258708118,False
12616,6.7010314896762075,False
20447,6.699532942110704,False
14793,6.697673570572574,False
18,6.694506500518205,False
3036,6.6942265817649975,False
15240,6.693454823404654,False
12937,6.692762994259432,False
13231,6.692241978545554,False
17000,6.69177721189628,False
12139,6.690801081386558,False
2340,6.690710033496942,False
6825,6.686127603252463,False
4679,6.685981069012843,False
838,6.685537641285546,False
13694,6.685142185211031,False
9290,6.685052792576757,False
17304,6.6846863712278095,False
98,6.684594510707587,False
16303,6.683019774548712,False
12179,6.6806790909698375,False
5923,6.678508569655787,False
12841,6.678399618976556,False
10896,6.677411952820736,False
13173,6.676169632412835,False
17342,6.6757944980185275,False
1226,6.675776297789566,False
9820,6.675009553964112,False
5309,6.6749714382159695,False
17789,6.674652001676641,False
10258,6.673853581882828,False
18039,6.671925879086424,False
2529,6.671564347304946,False
6037,6.670501501104532,False
9494,6.670395435436006,False
16656,6.6703821219495225,False
3107,6.668746023298537,False
13832,6.668222839507144,False
13986,6.668074993739676,False
8861,6.667038321612995,False
36,6.662609533239719,False
17255,6.6623448799957155,False
17209,6.662137401384522,False
2709,6.6621120867809935,False
18064,6.661688652075167,False
19183,6.660838993767712,False
82,6.660313778758841,False
4943,6.6596796306279495,False
1333,6.659327176989155,False
6657,6.6592108789103,False
16125,6.65831880024516,False
11748,6.655971049072099,False
16140,6.654878189483247,False
209,6.654640053519074,False
18345,6.65328758719417,False
16725,6.652173618452672,False
20225,6.651178579702551,False
15665,6.6499129009944085,False
9719,6.649849263897815,False
5509,6.6493037861999955,False
20096,6.648461764283723,False
15944,6.648031307722773,False
15978,6.648010302407924,False
15504,6.646359530231307,False
20208,6.645588508235477,False
13026,6.6454180387667465,False
15983,6.645063906642951,False
5829,6.644960670870719,False
8415,6.644142196680852,False
9456,6.643745920391321,False
14237,6.642849897952162,False
9698,6.641374216043726,False
7985,6.639305961324477,False
3952,6.638612722836957,False
1192,6.637820263308162,False
18172,6.636421311480901,False
6028,6.635454277832199,False
3016,6.6353402265639385,False
13586,6.635196166332614,False
10308,6.634925537147361,False
19268,6.634633164944221,False
5121,6.6335620701949445,False
2530,6.63324055164667,False
821,6.631715379198722,False
9783,6.6310938026687785,False
14670,6.6310422317837805,False
18031,6.630258188894887,False
13977,6.629993261784502,False
519,6.629797002311193,False
17956,6.6296273546404585,False
7394,6.629138874472349,False
9482,6.62850839531864,False
16654,6.6282732986362305,False
157,6.627803610727714,False
10361,6.627680508158234,False
15695,6.626770716880429,False
9101,6.626493314614736,False
6768,6.625747313924251,False
4986,6.625248799513733,False
6718,6.624663676080352,False
2625,6.624250760219681,False
6909,6.623816629179718,False
17181,6.622393148896833,False
15832,6.621528953246772,False
11807,6.621171239192538,False
14848,6.620895321729139,False
16907,6.620047263743155,False
153,6.619927360791639,False
12373,6.619029407685641,False
14304,6.6185230996341895,False
16352,6.618449578449437,False
16998,6.617408887327558,False
19169,6.617138795930453,False
14852,6.617104290655101,False
18626,6.61670915638658,False
1785,6.616426178518569,False
17802,6.6161725909885,False
12298,6.614274499815343,False
15826,6.612112084172518,False
16784,6.611468764723893,False
314,6.610609329411627,False
10359,6.610300738562518,False
3775,6.609465342193891,False
2569,6.607311220313164,False
71,6.604276878857181,False
15668,6.602694709539955,False
2580,6.601723114802468,False
19769,6.600811871871972,False
18200,6.600398195773634,False
3300,6.6003744259124275,False
10605,6.6002683788968906,False
20090,6.60007876126454,False
1096,6.600069390745263,False
8305,6.598813764923815,False
16195,6.597801576651928,False
10303,6.597592598022929,False
17257,6.596421423815181,False
8216,6.5959580017035355,False
15189,6.595949377116004,False
5056,6.595762848151596,False
6628,6.594578189344326,False
13467,6.593912220095042,False
2572,6.593593887731565,False
18373,6.593220132520285,False
15239,6.5931954307316465,False
9467,6.591649650501203,False
27,6.591027682754255,False
12523,6.590036348141601,False
15394,6.588573789887994,False
16611,6.587420791766206,False
309,6.5871133780562,False
2591,6.586059362984457,False
18141,6.584778538182916,False
8582,6.582761148409356,False
12388,6.5826838648351185,False
18641,6.58204685169747,False
12990,6.581820293225527,False
18379,6.580579159215287,False
1942,6.580159424765728,False
227,6.580062636324412,False
17698,6.579408567734662,False
3893,6.577136345343101,False
8257,6.5770224179538195,False
19662,6.57666051722286,False
12225,6.576246101242294,False
117,6.575872528084609,False
1193,6.573477534883498,False
18686,6.573276309187657,False
19492,6.572419964286438,False
1954,6.572256402804312,False
12485,6.572144670372206,False
7708,6.571392126340787,False
6711,6.571221775283517,False
15747,6.57076434535097,False
3646,6.570393315571516,False
19715,6.569472054276927,False
10569,6.56889770380121,False
12935,6.5685959204714655,False
17263,6.567759187580341,False
8791,6.565864548503982,False
436,6.565132284585728,False
15625,6.565091666017636,False
19203,6.564937557658368,False
2362,6.56419559186615,False
1195,6.564010225934059,False
17273,6.563365836019296,False
16422,6.562794259438282,False
6030,6.561060780664018,False
9754,6.560744590809588,False
4038,6.5605032246344575,False
2228,6.560421391992166,False
18598,6.559442225134605,False
268,6.558876295788574,False
9028,6.555992409448662,False
8295,6.555972224221578,False
18213,6.555841314459402,False
12073,6.55537379447351,False
1287,6.553775534789732,False
18522,6.553707434599611,False
15748,6.553055809760332,False
15963,6.55136363613847,False
19257,6.550520237612183,False
17730,6.550324792597164,False
12907,6.549945005559166,False
15649,6.5490816530506315,False
1950,6.54881382784491,False
13815,6.547841138688042,False
20431,6.546527414161351,False
413,6.545526616375344,False
12744,6.544847526018295,False
12469,6.5440325372378085,False
2576,6.543550088186244,False
8991,6.543236898313117,False
13664,6.54312025932059,False
17022,6.542342935351462,False
145,6.542263584601944,False
15560,6.541044480060789,False
13038,6.540780106357089,False
18017,6.54034257278621,False
14338,6.53983099141383,False
6767,6.538877556775225,False
11742,6.538130784532508,False
9883,6.537746261358985,False
1513,6.53727361107152,False
19186,6.536924386899651,False
7568,6.534427735689707,False
3051,6.533494993581325,False
14226,6.532745814847005,False
15098,6.532386961201414,False
9156,6.532175214495206,False
13397,6.53143497352811,False
18489,6.531233281270338,False
2555,6.530049376715262,False
4661,6.527740658899594,False
18666,6.5252415488213895,False
16414,6.523826631400005,False
16682,6.523487746661851,False
9764,6.522673566120849,False
863,6.522385438409099,False
319,6.522035817198454,False
2994,6.51870396445197,False
3288,6.518219549958742,False
20310,6.517235017241823,False
20117,6.516955330398963,False
20382,6.516116995330401,False
19226,6.515970519547892,False
10244,6.515203059610305,False
6521,6.514969230791203,False
18175,6.50855168510698,False
4648,6.508020269061946,False
11813,6.507865137094882,False
5381,6.507320885111266,False
4594,6.506286001862458,False
15724,6.506083908841871,False
16156,6.505584758075724,False
16657,6.505455627454875,False
12560,6.504254949120078,False
15722,6.504004013437704,False
16028,6.502078452367245,False
13164,6.500874442689007,False
15918,6.4995738005633275,False
10680,6.49909463675581,False
18446,6.498526808793549,False
2560,6.498454740484831,False
5302,6.498250593011754,False
15619,6.497898826327461,False
935,6.495970347281824,False
9308,6.495706172363439,False
14625,6.4951357122441,False
18633,6.49497542048767,False
5149,6.49489270437584,False
1250,6.494875066550799,False
13770,6.494816876289953,False
16905,6.494078031258756,False
18425,6.494041317670679,False
2083,6.491637229381944,False
12875,6.4910839801369296,False
9291,6.490961837068543,False
15872,6.4899499959558575,False
1721,6.4886900192271195,False
18542,6.487018764980913,False
10397,6.486840368879757,False
8248,6.48679270475472,False
502,6.4861182309327035,False
12070,6.485081871381688,False
55,6.483471968888072,False
16625,6.483212021524674,False
16211,6.4827669374299255,False
19077,6.482525982014431,False
1241,6.482220013501479,False
13990,6.481552758194366,False
15780,6.479450421907609,False
18565,6.4792071443700925,False
5450,6.47910509709572,False
16382,6.4788683121394355,False
20598,6.478362989314551,False
2357,6.474580400258899,False
17803,6.4744380868395055,False
14040,6.472902139691168,False
9346,6.472778872552869,False
1845,6.471197089616679,False
16714,6.470769309568421,False
15376,6.470370216808607,False
16731,6.468608787661724,False
15837,6.4682405601229025,False
1206,6.468111451479523,False
14241,6.467400835840229,False
13472,6.467148050381303,False
37,6.466971151315821,False
15687,6.466196334451247,False
4849,6.465804953207185,False
12747,6.464668395576863,False
8667,6.464186664325009,False
13145,6.463108816393355,False
2632,6.462162662089291,False
1498,6.462120009696902,False
2336,6.460170034632455,False
2645,6.459107655062944,False
2557,6.456832364306592,False
12348,6.456196412901203,False
2132,6.455294264049297,False
17739,6.454188692552712,False
18188,6.454167262400053,False
12818,6.45258667402309,False
17101,6.451876399734491,False
13862,6.449869781036475,False
9817,6.449680873802332,False
2022,6.4472672168529686,False
8584,6.447183128760521,False
16335,6.446525279560792,False
1943,6.444449061420458,False
15910,6.4438675402421275,False
4944,6.4426809484834315,False
14172,6.442567197232399,False
19248,6.442334850212571,False
4297,6.442113993490359,False
1421,6.441344054797459,False
12945,6.440969408287887,False
172,6.44050379108295,False
14356,6.440480723850083,False
2623,6.438605191256379,False
9832,6.438066727545278,False
2662,6.437113680990571,False
9802,6.43563763620724,False
345,6.435622143591301,False
15892,6.433457798291501,False
8571,6.433044726708637,False
17249,6.432983757791852,False
10546,6.432491907791576,False
15732,6.432015347237108,False
17104,6.431535332843149,False
9540,6.431025844096542,False
14334,6.428594513494905,False
17470,6.427411492855232,False
9775,6.426554726145644,False
9205,6.425747636277596,False
20599,6.424013077613051,False
17837,6.4237234737289715,False
5648,6.4232119786990225,False
19725,6.422705150683113,False
11534,6.421668961756019,False
10531,6.41980766022214,False
15096,6.419488098478357,False
4245,6.417032799691291,False
14285,6.4151887107051,False
12997,6.413130341971383,False
18229,6.412828521897362,False
10589,6.411009386431932,False
20076,6.408933496307575,False
13587,6.408529220382291,False
15620,6.407967733682089,False
8942,6.407325855596532,False
11820,6.406045040301561,False
17607,6.405811298831107,False
250,6.405094920055568,False
9468,6.401235740705921,False
18279,6.400823590627766,False
16659,6.400775731849936,False
16761,6.400709241862014,False
18621,6.400593279306214,False
19682,6.400209649906516,False
17010,6.399902282610862,False
3309,6.398789156881536,False
3647,6.398715292561942,False
2575,6.39754578666183,False
39,6.395237396547497,False
13364,6.393985977660268,False
4363,6.393854692733791,False
269,6.392570824659744,False
20321,6.391659724359454,False
12167,6.390270200539275,False
2379,6.386637018930444,False
5365,6.385846323042248,False
5097,6.385221467820678,False
15463,6.383642128513161,False
13070,6.383404045800892,False
1916,6.382658941719945,False
1479,6.382486325802469,False
14479,6.382444770778723,False
2314,6.381787074829444,False
350,6.38171722026375,False
12249,6.381679752233822,False
32,6.381278815280822,False
19713,6.380599564544541,False
19045,6.380455533549981,False
2648,6.379903916538311,False
20616,6.377777242291497,False
15709,6.3775799428628765,False
9743,6.377294885006924,False
15906,6.375548259385596,False
10604,6.375391901063662,False
2631,6.373325024415074,False
13067,6.371480768024726,False
2349,6.371422127942893,False
2253,6.369831644006641,False
14516,6.3689593053701286,False
10940,6.368712891513345,False
13642,6.36841294677126,False
20621,6.367665676547998,False
9200,6.367358406581394,False
11781,6.367123690322132,False
3140,6.36505629597338,False
362,6.364876006843641,False
13476,6.364754293475034,False
14017,6.363964344619459,False
15943,6.363366218500838,False
13766,6.362320504189231,False
6552,6.362113913187623,False
5336,6.361935272371136,False
2642,6.361322459259519,False
5606,6.359480942577807,False
19310,6.359260993547959,False
10573,6.357979069026012,False
1786,6.357539303808091,False
5821,6.356453045650594,False
13111,6.354249566470642,False
4942,6.354077657887032,False
15599,6.353510499949145,False
9765,6.352449653214415,False
20302,6.351966648729702,False
17817,6.350370974094092,False
6370,6.3503519848097385,False
17747,6.3482230149698,False
4576,6.348143128328975,False
2337,6.347326201084179,False
12930,6.3472929085955085,False
12175,6.347286833921519,False
16078,6.347025957593713,False
9199,6.346878069568441,False
19578,6.346517328757419,False
12228,6.343317411728055,False
10974,6.342655695117345,False
4112,6.342510754364696,False
12370,6.3394740291625915,False
15946,6.33872988142471,False
3305,6.338582013710425,False
2410,6.338515592578331,False
4971,6.33740976769493,False
13594,6.336540620381806,False
4665,6.335499636468144,False
4076,6.335144096993862,False
17169,6.33477764231937,False
1395,6.334360530648791,False
9601,6.334083057027524,False
3992,6.3329604717900985,False
3052,6.331295613110365,False
1567,6.331046542039072,False
13259,6.330337846953595,False
16717,6.3296901431928205,False
8652,6.329102666707934,False
6579,6.328546881063346,False
16077,6.325940128166096,False
13172,6.325839244014918,False
13989,6.325513248503032,False
2098,6.324318493541394,False
7099,6.323340302542935,False
16338,6.321170031998077,False
17723,6.320544826037689,False
5605,6.320278954503223,False
20160,6.3202502434968695,False
14636,6.3199294301427145,False
1015,6.319471839363936,False
9793,6.319400386806092,False
20622,6.318967140294435,False
13797,6.318096540750986,False
20624,6.317636032959545,False
11797,6.317110030725204,False
2595,6.316243068316346,False
12583,6.315953291402054,False
20174,6.315840309078047,False
11751,6.315763853412327,False
2082,6.3150003716506165,False
17086,6.3146528253079595,False
8798,6.312425708529525,False
17768,6.311689756345772,False
7986,6.310319048874982,False
18941,6.31029441621679,False
16690,6.308841201555236,False
4235,6.308758843075001,False
9296,6.308323369651177,False
17531,6.307597204467553,False
2488,6.306328383876519,False
15870,6.306023158920157,False
13764,6.304039623225637,False
17821,6.301956174754311,False
9759,6.301541761897584,False
10588,6.301138642246865,False
11140,6.301025548947307,False
2049,6.30101950135324,False
16232,6.300425966059135,False
15271,6.300078340419202,False
16200,6.299437362866775,False
20081,6.298598811157883,False
5499,6.296443097798817,False
13421,6.29619571191283,False
12320,6.295901059618007,False
8315,6.2957769927264575,False
16710,6.295507288930822,False
1931,6.295331457071787,False
9041,6.295122170111549,False
18984,6.293529194076503,False
13860,6.2935003392546935,False
18683,6.2921190216850995,False
10672,6.291524326341052,False
18957,6.291281010889402,False
13838,6.291005840543242,False
10632,6.29002116813719,False
19659,6.289745332982866,False
17029,6.289488851192745,False
391,6.289249497795726,False
4778,6.289231584016369,False
4123,6.288808738536261,False
10654,6.2881142054464885,False
19873,6.287465259865879,False
16542,6.28734548730597,False
18523,6.287198994246099,False
12738,6.286285884669369,False
1210,6.285471375250667,False
10270,6.285445558549587,False
19174,6.285238211439442,False
15387,6.284534342364591,False
6500,6.284378635054533,False
8229,6.28421940133233,False
2637,6.282737864538369,False
14759,6.282303228408426,False
1940,6.281270266983349,False
15622,6.281008985051772,False
18233,6.280990584747531,False
2558,6.2805071202484655,False
9731,6.2804914091973565,False
18082,6.278452563875173,False
1726,6.278258985712977,False
19105,6.277141776087765,False
4,6.2771228520831865,False
2058,6.276766845179091,False
15917,6.276742250229933,False
24,6.276638903297004,False
14601,6.275857002879504,False
2217,6.274562554814339,False
15464,6.272822747583068,False
16452,6.2727888701598316,False
19701,6.272488012212198,False
8653,6.272246352583954,False
9305,6.270738827336235,False
18981,6.269749618921216,False
4993,6.269374264343483,False
20291,6.269150477470981,False
14721,6.2682470312692065,False
4959,6.268115813115642,False
13721,6.268019544998488,False
11771,6.267908332764226,False
7327,6.267837959801682,False
13854,6.266688000484072,False
18108,6.265948230298048,False
13037,6.26592186407168,False
11540,6.265898986122098,False
18166,6.26554380824463,False
14537,6.264820873376313,False
48,6.263673409063053,False
17520,6.263221425686821,False
18988,6.261785171593698,False
18365,6.26111716723672,False
20595,6.260908528343542,False
13365,6.259992278671006,False
14236,6.259126672315736,False
1974,6.258507710737353,False
14781,6.253755177937282,False
18359,6.251732890909976,False
6299,6.251201627506006,False
19250,6.251122143984963,False
20567,6.251093621199761,False
17285,6.25050841634208,False
11790,6.249003428930564,False
4061,6.248676231509739,False
1951,6.248325611489392,False
12743,6.24828819195423,False
16044,6.247955467379835,False
13385,6.246887214232649,False
15412,6.246144023091425,False
15869,6.245940153272814,False
15120,6.245676745769909,False
1051,6.2428931793489735,False
12651,6.241977110553111,False
16023,6.2383097461689925,False
330,6.237000278300259,False
3237,6.235241574098197,False
4274,6.235102447599081,False
9484,6.23419716668203,False
203,6.234189956192571,False
8299,6.234066397741473,False
10165,6.233080149529422,False
2551,6.232304992830848,False
5301,6.232197006372097,False
1625,6.231139296987463,False
16724,6.230338330985909,False
18535,6.229884339108818,False
9945,6.2292832836565974,False
20455,6.228841419775165,False
3805,6.227018969160798,False
4878,6.226964389048716,False
19911,6.224433342615267,False
441,6.223726758804519,False
16393,6.223600974567832,False
1232,6.22267698346629,False
9085,6.22249217974621,False
15090,6.222404063720685,False
16147,6.222177262441841,False
12803,6.221501497500447,False
16609,6.221378370576734,False
15312,6.2204999042959335,False
17977,6.2181936340178146,False
4571,6.216054921304724,False
1353,6.215565384565068,False
10720,6.21526227710672,False
17019,6.214371563044644,False
18149,6.2132021612436965,False
20190,6.212667578969935,False
5894,6.212429021609726,False
18414,6.212192513555829,False
15214,6.21188620874426,False
318,6.211347339573802,False
12689,6.210387091339042,False
9271,6.209716039007082,False
19341,6.209552184923311,False
14679,6.207584620074612,False
17174,6.207498126691359,False
17242,6.207380453790681,False
15615,6.2057419105953695,False
12427,6.205639272161065,False
2577,6.205246862624449,False
14725,6.205154535368717,False
15417,6.2045331037640805,False
16141,6.204514478247917,False
15585,6.204318681733733,False
16344,6.203782197609513,False
18574,6.203030878965392,False
13540,6.202281425638641,False
16822,6.200740730402188,False
3452,6.200395193781205,False
10285,6.200034996805479,False
10142,6.1999005739887885,False
6537,6.198987149784718,False
9829,6.1985758412365675,False
3792,6.198532554054213,False
9366,6.197977377521498,False
15751,6.196713428587195,False
12287,6.19633472157285,False
14376,6.1957532507637,False
2523,6.195685558499525,False
16119,6.19538678410059,False
20421,6.195302406864697,False
8356,6.194137961046513,False
10473,6.193901701073139,False
5755,6.192685138829578,False
16209,6.192559243408988,False
13666,6.19238875718959,False
16253,6.192246311841402,False
10591,6.191868088190218,False
11926,6.191661975031062,False
10466,6.190884049059353,False
10648,6.190472731734779,False
3147,6.189996198351056,False
4870,6.189947683352081,False
4555,6.1893656573659115,False
20587,6.188818661168906,False
5364,6.188471509801192,False
1196,6.187923195056891,False
1819,6.187449361430671,False
19561,6.1874098682285466,False
11808,6.186058412290999,False
18284,6.185418600251633,False
12304,6.18479503139392,False
5827,6.184706598479343,False
2652,6.184043199864561,False
1614,6.183785036899446,False
12535,6.183387881092743,False
17620,6.182104668868954,False
7509,6.182006200231498,False
11798,6.180878405762,False
142,6.179781614288233,False
15053,6.179442756983274,False
481,6.178714183295439,False
17500,6.177495385166071,False
19256,6.175753414179535,False
12837,6.17531056290879,False
16164,6.175261811936535,False
9825,6.173741503030798,False
13544,6.1733923474036185,False
421,6.172784362393944,False
10837,6.172325497735264,False
3535,6.171161348507843,False
3312,6.17053554248735,False
9898,6.170343061480004,False
20191,6.170144044285334,False
18225,6.170031679836464,False
10416,6.169907661334452,False
2072,6.169171377727142,False
15457,6.167172712944684,False
20571,6.165683879555139,False
1727,6.164428056216185,False
248,6.164173297801128,False
6652,6.162112742943233,False
12683,6.160498898780068,False
16904,6.158653252466914,False
1099,6.157412868510482,False
5103,6.157327845994645,False
15097,6.156305828649447,False
19364,6.155833187003459,False
18243,6.153808469000973,False
19698,6.152386128363377,False
6589,6.151255053561642,False
14882,6.151193384924363,False
12080,6.15075496795851,False
8241,6.15057644103731,False
12953,6.149790052388075,False
18693,6.149490238007651,False
990,6.149442387376336,False
1230,6.149347713471928,False
1929,6.148716799891207,False
8318,6.147573785503673,False
15379,6.146484418272753,False
303,6.145842205667268,False
20504,6.1444748808162055,False
16190,6.14405723167979,False
118,6.143921737590221,False
9867,6.143147966479869,False
16126,6.142660096326898,False
15756,6.142333623587339,False
12530,6.142004328030469,False
4817,6.141379983133801,False
194,6.1399334893217805,False
12217,6.139930233860257,False
18679,6.139272660574956,False
15684,6.139026842663926,False
8589,6.138387651786797,False
9846,6.137866428435128,False
4460,6.137572673045078,False
15920,6.136936093732608,False
18237,6.136783285926903,False
18879,6.1364275363755585,False
3331,6.136083435514831,False
16895,6.134678218909752,False
16159,6.134555431892345,False
17933,6.134146984801715,False
12686,6.133567473009575,False
645,6.133408566033362,False
497,6.132314715808475,False
20210,6.131722096359259,False
1028,6.130663145634332,False
16472,6.130379649348097,False
10514,6.129234661602451,False
17548,6.128409931040904,False
12778,6.128405949067155,False
17390,6.128272080190764,False
9202,6.12796512296525,False
20272,6.1271802529033055,False
8554,6.126539021308334,False
1973,6.126030680547254,False
16653,6.125779363570271,False
4376,6.124467699745672,False
12426,6.1243020847274465,False
297,6.124233202000449,False
19182,6.123023426141767,False
17274,6.122897802109916,False
19214,6.12164196433244,False
14102,6.121043943336188,False
16122,6.120338880697146,False
13246,6.119877791212531,False
16307,6.119208380770193,False
12619,6.11759550512998,False
2531,6.11561489149522,False
5100,6.115049272777149,False
282,6.114762433856567,False
12171,6.113525229785611,False
5297,6.113402372028331,False
19093,6.112860027171143,False
14111,6.112479355093134,False
2633,6.111763601975916,False
150,6.110314881866984,False
19692,6.10978779600085,False
17851,6.108049437789708,False
132,6.107917963371204,False
4623,6.107630210209461,False
201,6.107292263789086,False
5750,6.105978972423969,False
14490,6.105764125606623,False
12265,6.1055430964964295,False
545,6.105229917223745,False
1248,6.104827731942727,False
3285,6.104738718971419,False
641,6.104059192873951,False
9750,6.102407887278409,False
15877,6.101209488872961,False
13796,6.100997009357114,False
14942,6.1005825796295685,False
16054,6.099687842473806,False
9797,6.099664360285706,False
4681,6.098287629911901,False
14076,6.098087690721513,False
4155,6.097174231427892,False
5684,6.096659591636424,False
2570,6.096620541319652,False
10331,6.095840431366517,False
5544,6.095060375722127,False
8127,6.094674194340311,False
5779,6.093933988147775,False
171,6.093766722876996,False
15102,6.093063738227928,False
11401,6.092926089869309,False
16154,6.0928492786225785,False
19443,6.092486258161556,False
5018,6.0914979124060995,False
20079,6.090382816861067,False
4619,6.089668328724442,False
11549,6.088725757058157,False
7616,6.087257431779506,False
15711,6.086838927980578,False
12889,6.086253425940609,False
5041,6.086044795140314,False
14635,6.085805820143867,False
2102,6.085442765703835,False
16326,6.085286891670598,False
13296,6.084974396406633,False
17743,6.082401309799981,False
14004,6.082121193669391,False
3299,6.081401315482166,False
13025,6.081320932083642,False
15855,6.080283513310672,False
3842,6.078788256093084,False
9521,6.078628730783443,False
12748,6.078086968750558,False
18216,6.07756670905664,False
17192,6.076738390070543,False
10916,6.076634276516742,False
4283,6.076485522966097,False
15861,6.0760204916181575,False
16922,6.0759698248283645,False
2659,6.075626084377085,False
12726,6.075546818510493,False
17235,6.075074270279965,False
19155,6.074614043803731,False
13643,6.0717745034760116,False
7849,6.071365165119061,False
10867,6.0704174186802256,False
19693,6.069840265210646,False
1467,6.069372792362783,False
18627,6.0693578732166955,False
15034,6.0691003207710335,False
110,6.0652132415654485,False
16729,6.064967411057822,False
14598,6.064493086961039,False
3078,6.063859448952662,False
15824,6.063738651624595,False
17071,6.062293850857715,False
507,6.061507160103517,False
8196,6.06112989497065,False
15805,6.061023383231916,False
1986,6.060669759613194,False
19130,6.059944989341943,False
12092,6.059310733204434,False
18590,6.056818253584755,False
17995,6.0562229897957,False
11796,6.055109337974743,False
16063,6.054997353167661,False
190,6.054836645910459,False
9852,6.054827217164804,False
340,6.054179303195507,False
10684,6.053971110947927,False
15375,6.053156841120756,False
532,6.052978674011587,False
17227,6.0523531176812,False
7362,6.050975851490168,False
11700,6.050633835544229,False
20613,6.0494676447100435,False
16808,6.046905033558705,False
20001,6.046749637949705,False
8231,6.046564497932436,False
11444,6.042985058222854,False
13482,6.042963539512632,False
192,6.042078874554985,False
1330,6.041109090556756,False
19681,6.04069287001936,False
18608,6.040538320930179,False
3297,6.039484057968231,False
15699,6.03826706787806,False
6151,6.034489298291494,False
15001,6.033935540468132,False
167,6.032863350162476,False
16163,6.0322723497063535,False
2093,6.031941101919862,False
14949,6.0311408428992035,False
4117,6.03104593993878,False
275,6.030508762708505,False
15206,6.0304309713581254,False
9647,6.028904729863784,False
10936,6.02847260996855,False
1570,6.027590251968223,False
18459,6.025754038362944,False
15874,6.024641524475204,False
14973,6.023510255561387,False
14891,6.023151673050301,False
15949,6.022837268362865,False
1601,6.022617343204077,False
9782,6.022249948124863,False
4423,6.021989750116274,False
8956,6.021633475093237,False
17484,6.020923244872743,False
12910,6.0196825545330315,False
4662,6.019024094900445,False
1799,6.017642859160777,False
20443,6.016164175974524,False
10849,6.016051739680594,False
20634,6.016025169229996,False
20307,6.015767086090308,False
19139,6.013350507159402,False
3440,6.013082195111497,False
12345,6.0125854099690486,False
14186,6.011434048768369,False
13004,6.011226850655347,False
18662,6.010876965421936,False
17280,6.0101706597971125,False
1324,6.010057059100813,False
19678,6.009320927674118,False
10198,6.008569889686786,False
9080,6.003599688883653,False
2110,6.003382697204974,False
9871,6.0029883479167445,False
14692,6.002866572626446,False
6758,6.002576339576703,False
19201,5.998158913189405,False
9835,5.997035812173632,False
1207,5.996718027305759,False
18915,5.996182438308059,False
20594,5.995079588307906,False
18521,5.994873049298922,False
14385,5.994324311070151,False
16744,5.994171930101366,False
1274,5.993666744784909,False
4033,5.993437687138769,False
224,5.9934295139459195,False
4879,5.993345108934124,False
18096,5.993001406668611,False
17391,5.992763834180366,False
4260,5.991922308640276,False
12760,5.991736204444877,False
12515,5.991625200312774,False
15808,5.991151100681812,False
7718,5.989816254093153,False
11144,5.98890151734089,False
9207,5.988372493677789,False
10838,5.987021467817808,False
12066,5.986571861316546,False
10998,5.986134009118015,False
12884,5.985008512643082,False
5095,5.984698122452858,False
28,5.984214429037374,False
12805,5.984056692173532,False
11502,5.982077074009328,False
956,5.9806949007172925,False
9685,5.980315706436292,False
15825,5.97999888746585,False
19575,5.979945504142922,False
14,5.979698226808196,False
4392,5.978427016179306,False
8617,5.9779097634164735,False
13314,5.977727548994361,False
1031,5.9769328354727715,False
13114,5.976596086307452,False
9490,5.9745725317513525,False
16988,5.9744889676257795,False
12693,5.974007344935194,False
1696,5.97363519946949,False
16085,5.973311207058977,False
9954,5.972999118887518,False
18540,5.972777136109631,False
17795,5.972732160707091,False
9890,5.972135819948022,False
14480,5.971610310278132,False
19597,5.971513423209038,False
14919,5.970576424754359,False
13710,5.970314845104475,False
15246,5.969706089663954,False
19299,5.968150444768934,False
15854,5.967668474538023,False
18119,5.967255364995756,False
19741,5.965968049932748,False
15127,5.96552914966324,False
18398,5.965025311247745,False
12870,5.965013875744777,False
18548,5.963563390997245,False
9735,5.963121701074514,False
13,5.962861617897964,False
15179,5.962682854865366,False
13877,5.962078115405719,False
15690,5.961520316977921,False
18272,5.960964724247289,False
15496,5.96093230497322,False
6450,5.96074529421942,False
13864,5.9602697226051635,False
10245,5.959829011657731,False
8244,5.959323581184764,False
13667,5.959177497099521,False
2200,5.959152778758573,False
18935,5.958081038548066,False
4277,5.956853215296311,False
12284,5.956826420822491,False
4008,5.955927342349197,False
429,5.954516635111064,False
16056,5.9539179149544665,False
13737,5.9514759963739285,False
12979,5.951125678526095,False
12190,5.950454959831068,False
15680,5.95042458188256,False
9972,5.9503244569442835,False
3270,5.949990927561249,False
4332,5.948728346844614,False
16581,5.94860318888138,False
1603,5.948547076981619,False
978,5.9483627830784975,False
12507,5.947187495623676,False
386,5.945654133223989,False
14935,5.944252554528921,False
15863,5.943788491884355,False
5289,5.94238275864711,False
399,5.94096053676245,False
6754,5.93882171891501,False
14131,5.938482855754796,False
2159,5.937999991041908,False
1631,5.937455771337913,False
17331,5.937410828647362,False
7536,5.936150510754505,False
1322,5.9360232418144365,False
19669,5.935737859301442,False
957,5.935534604551908,False
567,5.9349047947872755,False
13822,5.934858821075251,False
6339,5.9348403883184755,False
12996,5.933688689337797,False
10828,5.933640507620072,False
12465,5.933383298612836,False
6394,5.932995740427181,False
9024,5.932284888428872,False
15752,5.931590901020519,False
4565,5.931452889367472,False
15764,5.930357562932143,False
16429,5.929869593188632,False
7472,5.929694420942578,False
16937,5.928817687978912,False
13020,5.9279623930077605,False
12731,5.927543578405506,False
2660,5.927228095237993,False
16837,5.926961533158627,False
9980,5.926235097381889,False
11906,5.925360310517186,False
13711,5.924776712680124,False
13828,5.924574058942149,False
11034,5.924564346505732,False
17495,5.924005783700888,False
19175,5.921541499397625,False
16858,5.921320584030891,False
547,5.920157628685514,False
20269,5.920074637639892,False
6883,5.919328669908933,False
189,5.919304950799846,False
12753,5.919181049723083,False
4092,5.919098419881299,False
15758,5.917862146814837,False
5070,5.917679701338283,False
16041,5.917094550212365,False
16144,5.916791739214174,False
16749,5.916773946447655,False
10606,5.916697074848714,False
15217,5.9134301503572075,False
9347,5.912937688591853,False
9403,5.912539176228314,False
20597,5.912328410486067,False
13168,5.912241290560274,False
12699,5.910244921797829,False
13576,5.909824729418093,False
181,5.908679623083202,False
11437,5.907364130996463,False
13679,5.906746840312974,False
5619,5.906672464503869,False
13395,5.9062731085644415,False
15721,5.906244514147225,False
12336,5.906055299908868,False
12525,5.90576396452983,False
8666,5.905702930566318,False
256,5.905425269019739,False
13561,5.9048817289755595,False
16932,5.903961117633246,False
15998,5.902700072872557,False
5251,5.901686316522827,False
9204,5.900901768973871,False
15867,5.90010539596828,False
17861,5.899586826411977,False
15999,5.898901519921658,False
14691,5.898774207587686,False
17270,5.8985098268055705,False
2251,5.89848291371888,False
9741,5.8970739192187995,False
15772,5.896564708500474,False
20509,5.896348853368513,False
1581,5.8959191616761615,False
16152,5.89567887511684,False
6675,5.894985425134639,False
17509,5.894237547292123,False
7937,5.893651304473243,False
13555,5.890926832513317,False
14713,5.889996328100395,False
16146,5.889781242955802,False
151,5.888033672839464,False
12823,5.88784899414575,False
16158,5.886921955763848,False
10515,5.88662707337469,False
13573,5.884507268563584,False
13257,5.883049136679713,False
15743,5.882681658388098,False
18937,5.882619050602571,False
12332,5.882503397068522,False
16194,5.881776729080557,False
13792,5.881364433508975,False
5290,5.880071398064198,False
18899,5.87805139109326,False
3339,5.877277446097217,False
13882,5.8771109359552005,False
9052,5.877094741887761,False
4030,5.877021757415426,False
5325,5.876775180859267,False
1630,5.876725037085919,False
5066,5.876158357725295,False
13165,5.8751057885390825,False
1795,5.87480357833738,False
19697,5.87473798610881,False
6753,5.874714726054768,False
13730,5.874630101736467,False
14693,5.874395371547853,False
14279,5.8741445651607,False
16118,5.873985594340541,False
9556,5.873293990283008,False
4286,5.873068344213489,False
13691,5.87221511937207,False
10411,5.871128539347298,False
9815,5.869579922040648,False
18070,5.86938781987527,False
2338,5.86920175359365,False
2532,5.868064477553132,False
17194,5.867761443002936,False
11783,5.867534639138826,False
52,5.867051547210911,False
11082,5.866521490647235,False
3343,5.866120702352392,False
12296,5.866119985519692,False
14416,5.865740215919343,False
454,5.8656302329161285,False
3137,5.865252773331423,False
16719,5.864889043083307,False
16646,5.86470664790769,False
2220,5.864551040445872,False
20601,5.864051051039937,False
18612,5.863134957458237,False
13529,5.862586135652832,False
1340,5.862252187297065,False
15713,5.861572765917723,False
9481,5.860195763276948,False
10440,5.85926712296199,False
1575,5.859037575914912,False
20119,5.855060262186373,False
4026,5.854876879216449,False
12,5.853829037016016,False
17175,5.851008145675772,False
9475,5.85094821142005,False
15945,5.850888160586823,False
10162,5.849409487509087,False
7358,5.849405946093209,False
13319,5.84938106111253,False
9639,5.849082065399326,False
3129,5.8489950132952115,False
3337,5.848258857046588,False
839,5.847028934519501,False
12978,5.846790646396657,False
15851,5.8463203623482585,False
16943,5.844720967124189,False
19622,5.8444043034566855,False
11759,5.844344122068322,False
523,5.843789038952094,False
17141,5.8429653619311,False
6342,5.8428980475992205,False
19608,5.8427705927958415,False
14915,5.842165053942523,False
2640,5.841634283403238,False
15934,5.841425565599046,False
10629,5.840434875222164,False
9241,5.84021982544483,False
9819,5.839423488330942,False
16120,5.83857291236548,False
16759,5.838311991927631,False
3255,5.83817633655316,False
16394,5.83612532750257,False
492,5.836022634952238,False
18530,5.834895479649126,False
4316,5.834558461611055,False
15750,5.834254195427745,False
16794,5.833983908553767,False
9448,5.833957407152513,False
2158,5.833770483274337,False
15339,5.833508801243619,False
4863,5.833465466040294,False
13987,5.833150608544987,False
14062,5.832388648597718,False
9073,5.832284958350588,False
9297,5.82998860565886,False
16053,5.829602926864116,False
6785,5.829263093286891,False
13455,5.8291025417587194,False
15878,5.828579426854684,False
15679,5.828445237985953,False
15891,5.826756675511017,False
13826,5.826689688385295,False
4318,5.8264910291735,False
14857,5.826320681582193,False
20418,5.8234787615507315,False
18890,5.823390087668191,False
16843,5.823217622969741,False
15205,5.822662448094146,False
18461,5.822248342007577,False
12971,5.822087407906122,False
15894,5.821431751891787,False
15733,5.820134834938823,False
12089,5.81811148320382,False
10917,5.818051630327939,False
20623,5.817881498344288,False
8240,5.815860040198916,False
472,5.81569031286088,False
19467,5.8148829999731335,False
7360,5.814667077569309,False
3303,5.8143889192177785,False
17611,5.813614047972771,False
6446,5.813393871779119,False
19032,5.812699109603806,False
14499,5.812485428024217,False
2047,5.8116818788296705,False
19319,5.8113237438764465,False
1810,5.811102109987207,False
16179,5.811040363661075,False
6776,5.810216152938324,False
10523,5.808990237344833,False
15812,5.807901319266993,False
13836,5.807893867420701,False
5756,5.806770967458314,False
15328,5.806505064536588,False
13626,5.806175615303463,False
17048,5.806085686590482,False
3294,5.805310925078411,False
557,5.804968782571466,False
15605,5.804414123619869,False
4674,5.802050703509719,False
1848,5.801355086765923,False
12016,5.800924778409918,False
1634,5.800431410817167,False
9841,5.79969118219805,False
11361,5.799256885639805,False
3150,5.798979823501579,False
885,5.798621933247458,False
4362,5.798400344021869,False
398,5.797968367931805,False
4815,5.797101547627003,False
13386,5.7970013166416585,False
12852,5.7964457147143005,False
9350,5.7964427215576375,False
445,5.7963480652720225,False
13157,5.795719073735898,False
12801,5.795650174439224,False
9447,5.795161991835123,False
60,5.794807156700452,False
17043,5.7946274086315235,False
12222,5.794016895723354,False
858,5.793752411918335,False
395,5.793485062763109,False
12963,5.792289667991313,False
15581,5.79218482319034,False
10177,5.79195953089075,False
14673,5.791305474483462,False
9507,5.790943641419265,False
16026,5.790581937115933,False
17673,5.789687361964816,False
305,5.7896348923639795,False
11406,5.789108158060888,False
15313,5.788947176670274,False
12931,5.788742736512959,False
9505,5.78842510284019,False
3548,5.788084892166779,False
14271,5.787912850137129,False
17214,5.787177609064306,False
479,5.787125193362481,False
16544,5.785976214509421,False
12958,5.785655077238341,False
4997,5.785052088642275,False
4405,5.784597468055545,False
15871,5.784244566290479,False
13324,5.78376128235111,False
11068,5.782365296057118,False
15976,5.781752705445598,False
12537,5.781695068348389,False
7370,5.781153694219411,False
17819,5.780500424717918,False
5369,5.780156113468864,False
17206,5.779679759447828,False
16601,5.77965251030913,False
1011,5.779498918368343,False
16081,5.7793201656624085,False
6277,5.779018189728883,False
17464,5.7789985578204295,False
18477,5.778941729084983,False
18537,5.778879394349665,False
9602,5.778325869548606,False
19141,5.778303137956202,False
19031,5.778211920065321,False
165,5.778144570098943,False
1319,5.777498120817961,False
9306,5.777206004626585,False
1505,5.7749430663825,False
18664,5.774323670616125,False
3534,5.77403022954006,False
4341,5.773013218463198,False
12473,5.771377522916885,False
14301,5.77061924333766,False
20083,5.769649267667757,False
19235,5.7685971861028325,False
12472,5.76793692889681,False
15514,5.767930424348943,False
6624,5.766390183895617,False
18900,5.766341481790393,False
13852,5.766135354682309,False
16067,5.764330180455852,False
6559,5.76431637256624,False
18316,5.763139992500864,False
6522,5.762924094717194,False
20344,5.762757511035451,False
18165,5.762514643533529,False
19707,5.762241952444949,False
3487,5.761710886396079,False
17265,5.761624815576961,False
17601,5.761385321642413,False
12617,5.761313371178909,False
11358,5.760405409410177,False
12558,5.756471987752833,False
15827,5.756042501831512,False
10665,5.75587412163352,False
14868,5.755859370891539,False
15199,5.755810182728949,False
823,5.755324674437803,False
9453,5.753916641846125,False
14867,5.752416777995196,False
15561,5.750886309520595,False
4247,5.748896232671923,False
1204,5.7482640799324365,False
19702,5.748237934060661,False
20612,5.7481859332558685,False
18161,5.746681481343291,False
6326,5.746595603227884,False
9119,5.7456364638405955,False
12188,5.745439606411674,False
4501,5.745106176916169,False
16089,5.744598883328843,False
13155,5.742504967486992,False
16949,5.742399275754236,False
16948,5.74189377101858,False
16076,5.741392020031586,False
6608,5.741315249533737,False
2154,5.741016174945443,False
18125,5.739756737863855,False
20312,5.73965232304782,False
16902,5.737287039862268,False
3235,5.736913650973309,False
16165,5.736388725937639,False
19016,5.735502561813158,False
9462,5.735225818916213,False
4254,5.735118071808749,False
15810,5.734506219227512,False
12542,5.734010550334631,False
15573,5.733509487547401,False
17276,5.7325925748256354,False
13685,5.732317639117144,False
13873,5.732291494892076,False
20098,5.7315157597834725,False
18276,5.730502697082656,False
13029,5.72790555717617,False
12605,5.727352380975155,False
13031,5.727007159543604,False
3973,5.726907117636978,False
15036,5.726893256105434,False
14132,5.726880356401676,False
16075,5.725262726110676,False
107,5.725002485319912,False
19120,5.72370148469842,False
15961,5.72234031923082,False
18037,5.722284731424133,False
15849,5.722124899176308,False
13022,5.7210234785538265,False
8992,5.720660408238297,False
14939,5.720485292548503,False
363,5.720300910834331,False
15875,5.720189796977472,False
10946,5.720164932431763,False
9460,5.719224941093678,False
15156,5.717500983314039,False
20488,5.717258319656517,False
14509,5.717191625196878,False
12007,5.716323101491948,False
8293,5.716158767221161,False
4435,5.714376648475742,False
18527,5.713944154236821,False
19599,5.7132252701775705,False
15952,5.7120831922927735,False
9436,5.711862335283471,False
300,5.711366419385826,False
15486,5.711301892325909,False
8266,5.71069321358129,False
15992,5.710566169209541,False
1049,5.710273780655154,False
11794,5.710271557646453,False
19671,5.710214873208768,False
11740,5.710098366254832,False
20236,5.70919832917347,False
13876,5.708635797004314,False
15604,5.708149553124036,False
5663,5.708039046404972,False
20120,5.7049851619883984,False
18486,5.704917640306636,False
16157,5.704245339282247,False
5674,5.704144046785871,False
1214,5.704112986430084,False
4394,5.704103599590997,False
7630,5.702594835549035,False
16129,5.7023809273907045,False
6612,5.702205771485026,False
14300,5.702151492596818,False
13520,5.701866079361533,False
2091,5.701237281866572,False
1822,5.69961351529488,False
16775,5.699371843326242,False
5087,5.69912898121559,False
9774,5.699037066593532,False
19180,5.698796768283248,False
1336,5.698362419335313,False
501,5.698096039545314,False
1455,5.698016036562304,False
16047,5.697729763097724,False
14291,5.697654795038011,False
316,5.696783565575895,False
13849,5.696748535586602,False
3061,5.695103237494169,False
15962,5.69450107850211,False
3290,5.694233965945065,False
1662,5.692533538505814,False
470,5.692504924674742,False
15753,5.692407735984927,False
4542,5.691095896165923,False
8263,5.68832957154692,False
15160,5.6872873776098665,False
4530,5.687106114852306,False
5715,5.686702822381953,False
14988,5.686409623246128,False
8569,5.6862062663158675,False
1790,5.685853118051728,False
14901,5.6851817346829066,False
12961,5.684995449410794,False
9920,5.684543806132879,False
5,5.684241389733362,False
8910,5.684187614649402,False
16143,5.683931826088717,False
12199,5.683894693405162,False
15562,5.681108682795099,False
17932,5.679991494741204,False
16651,5.678320151993452,False
13081,5.673964326265848,False
16139,5.6720611671166985,False
16145,5.671972313027933,False
6568,5.671795018654285,False
17513,5.671556349260624,False
18551,5.6709483805280545,False
18902,5.670928100957278,False
5989,5.6708414024821785,False
1844,5.669862365094531,False
18107,5.66941691571707,False
4313,5.667404327960705,False
14753,5.6673983960499275,False
5805,5.667396212277051,False
19014,5.667180413554045,False
19342,5.666680024686023,False
9428,5.666472624273695,False
14671,5.666276573912047,False
15838,5.664279392366105,False
15402,5.664029534396777,False
3264,5.663738777595501,False
5820,5.663127011044529,False
176,5.662820861785155,False
12695,5.662219533687334,False
6419,5.661349637156254,False
13798,5.661023782242569,False
3573,5.660846751489522,False
2036,5.659158516342675,False
18091,5.657170533995714,False
11965,5.656721877437936,False
10307,5.65656917308883,False
5497,5.656318518176904,False
12782,5.655568147072141,False
15876,5.6537563720677735,False
20596,5.652596912994433,False
12275,5.652074334595078,False
16148,5.650837221590574,False
10489,5.65076948553995,False
198,5.650567065510913,False
12633,5.649761167201742,False
20065,5.648304176214807,False
11757,5.64829214623344,False
16811,5.647901582799044,False
12556,5.647505736345853,False
12959,5.646959447015588,False
9872,5.646614753397136,False
4271,5.646531217909458,False
15914,5.646144888247553,False
4370,5.645624990560334,False
12722,5.644420566726559,False
1218,5.644210220641762,False
3815,5.643179184719719,False
197,5.641937031533773,False
17100,5.641380912911508,False
11634,5.641171231546165,False
19116,5.640419772045858,False
1198,5.639930513437326,False
16149,5.639679314344676,False
8384,5.6395217302489975,False
20274,5.637967002763899,False
9465,5.6379342413527525,False
9317,5.637260424492554,False
10528,5.636929177428239,False
20425,5.6359812037804335,False
19356,5.635976752563479,False
4731,5.635925137746153,False
18431,5.6357151112115575,False
15767,5.6334886495628975,False
20445,5.632634299715776,False
12295,5.631971472538492,False
175,5.63080570923446,False
17128,5.630343753543281,False
19711,5.629921407284964,False
15124,5.629721522010906,False
19164,5.628980060931612,False
4818,5.628646640718406,False
15172,5.628274358297007,False
3956,5.6282055626094225,False
15799,5.6280456315902505,False
19110,5.6271028223515085,False
13833,5.627082061508398,False
3082,5.624079727767546,False
13693,5.622265726186938,False
14316,5.621967593585436,False
253,5.62133667984399,False
12752,5.619565680419681,False
159,5.61857755577225,False
19695,5.615343933712298,False
2358,5.615142055792803,False
186,5.614367373828696,False
11451,5.6133637514596115,False
11767,5.612659430907711,False
14950,5.612481287524329,False
6661,5.611112518910729,False
9763,5.610957722377397,False
2896,5.609363117690485,False
170,5.60790574977478,False
20618,5.607234075263799,False
16124,5.6065194993429355,False
12253,5.605252293245917,False
850,5.604964418632575,False
4715,5.6039172630160206,False
14058,5.603739087660248,False
12172,5.603290914395295,False
5498,5.6032784621474025,False
435,5.601659879729519,False
19205,5.600796529621929,False
8296,5.600610798385802,False
15815,5.600244897948086,False
13839,5.599889271342063,False
12771,5.599538992295803,False
5466,5.5981893978831865,False
9702,5.597833410157751,False
439,5.595606461619404,False
17309,5.595434988696148,False
14365,5.594623845509451,False
10738,5.594469022855215,False
16064,5.59239613432036,False
19329,5.591995743772788,False
18223,5.591648840628727,False
19213,5.590591718756915,False
15078,5.590389766994891,False
16888,5.590110691878241,False
16939,5.589786413009358,False
15094,5.5881963366107925,False
11877,5.588081587007588,False
6378,5.587962007602821,False
2394,5.587892081796423,False
12951,5.5874095317883326,False
4876,5.587250262408703,False
4198,5.5856222549838535,False
10358,5.584857804615693,False
958,5.5842422095743816,False
4987,5.583867092607356,False
1209,5.583804478218106,False
5638,5.583550844115365,False
4157,5.583454915959499,False
16046,5.582295480549245,False
8633,5.581967272258984,False
15899,5.581754859450557,False
14124,5.580560257780203,False
13036,5.580450222592698,False
10538,5.580354547737726,False
3289,5.5803023204542175,False
6709,5.580213381869827,False
19068,5.580207343766986,False
3006,5.5789387349951935,False
12791,5.578180503446866,False
20095,5.576147971746497,False
13023,5.57527089639461,False
15536,5.574865598964804,False
17392,5.574710154664442,False
12681,5.574576014475029,False
8298,5.5745731028131935,False
13006,5.574080732724545,False
13865,5.573161201672101,False
1993,5.572923982244462,False
13658,5.572511528364385,False
19628,5.572060836717648,False
17219,5.571812158524284,False
13562,5.571791810276101,False
16321,5.571149705351727,False
17246,5.571022588982494,False
16431,5.570756754870003,False
1796,5.5702373344438705,False
17059,5.569170604915952,False
15955,5.568254554667076,False
5467,5.56806670342833,False
14230,5.568045604542856,False
15864,5.5678755250564205,False
11892,5.567432619302702,False
895,5.565542664897782,False
16451,5.565509485549061,False
5657,5.564020448743129,False
1794,5.562509718004749,False
12504,5.562307179263827,False
10693,5.562278707060493,False
17609,5.561689120529585,False
9696,5.561280287904985,False
16404,5.56098426450607,False
11420,5.560776043826775,False
18240,5.560450819122682,False
13824,5.560152597852735,False
12239,5.559943182649086,False
9813,5.559522930721399,False
14292,5.558717470193911,False
12021,5.557518942876332,False
17089,5.557491452053837,False
17364,5.5573815361166705,False
412,5.557283513624943,False
18253,5.556884046114204,False
19326,5.555435188007117,False
8074,5.5550394904161875,False
12687,5.554003936647943,False
13718,5.55379614412817,False
2663,5.553679075741073,False
14310,5.553678077307598,False
12723,5.55230100617732,False
453,5.551478941904209,False
17260,5.551465764054342,False
15749,5.550062038273852,False
7494,5.549897630479155,False
14611,5.5498073676883575,False
1690,5.548927422449612,False
17857,5.548864268064651,False
140,5.548040194504759,False
17744,5.547823822864316,False
9781,5.547799754198895,False
15173,5.546960508481691,False
5670,5.546527465949856,False
9190,5.546289337882644,False
20524,5.546162545788411,False
12207,5.545737358670227,False
15908,5.545344809642156,False
9479,5.54526825045787,False
462,5.5439926969274875,False
15950,5.543743069313004,False
14065,5.543409455409809,False
15218,5.543227403740664,False
15427,5.542909856059999,False
16176,5.542676634722287,False
16181,5.5423708833750185,False
11136,5.542344773265183,False
16123,5.541441216136661,False
648,5.5410324775801385,False
19642,5.54089245355179,False
18684,5.539717277992014,False
15198,5.5392477077350115,False
9973,5.538808538360147,False
15775,5.535366415282205,False
16991,5.535323304165766,False
16030,5.53488541031043,False
13058,5.53444585028284,False
16079,5.534188147799863,False
6670,5.533289554425494,False
12071,5.532682772418099,False
14772,5.532128311000596,False
15803,5.531911295429897,False
8417,5.531465456443703,False
20562,5.531272914750266,False
14838,5.530707702403424,False
17571,5.530665761229974,False
202,5.52921941649074,False
10373,5.528927020094814,False
12081,5.527988832904687,False
12974,5.526424164546746,False
18885,5.526291147332961,False
11303,5.525021768651508,False
15859,5.524169992695599,False
10340,5.523528489197386,False
18518,5.5231571261562005,False
8071,5.523117204846595,False
4152,5.522860595546823,False
18645,5.522632910564649,False
3281,5.521709654650007,False
17732,5.521357151305366,False
20097,5.521225246833719,False
18306,5.520930348810582,False
9395,5.518462441040155,False
15480,5.5181572443757965,False
15903,5.517279839836089,False
14388,5.517234976511575,False
18617,5.5170135218665095,False
19690,5.516239193589897,False
17483,5.515889495737932,False
40,5.51562888258748,False
13868,5.514931885813978,False
16340,5.514861756136421,False
9642,5.514626248501807,False
14820,5.51443285093167,False
5147,5.5126059738258135,False
15348,5.512495999660558,False
475,5.511802654193527,False
14897,5.51132523064496,False
4563,5.51126778663407,False
15334,5.510951523345228,False
12531,5.51022257213773,False
10139,5.510173551560207,False
3216,5.50968563566381,False
6621,5.508107255877117,False
4960,5.5078977035071635,False
1789,5.507554580559484,False
18451,5.506898084497897,False
1216,5.506605055051651,False
19118,5.506537807578605,False
14782,5.506363373219546,False
9047,5.506246452697441,False
19718,5.506209951561583,False
16060,5.505742177632776,False
13066,5.505156804521929,False
17277,5.50460576223504,False
2229,5.503844619912548,False
4925,5.5035951264716605,False
14204,5.503353752244541,False
10363,5.502850885055756,False
19096,5.502841526368307,False
11011,5.500693543924057,False
473,5.499958776635218,False
12983,5.499743549237676,False
16092,5.499723733827283,False
4988,5.498711749492271,False
19414,5.49859364218761,False
17217,5.497503089573025,False
11319,5.497319821357952,False
13071,5.49729337856142,False
20299,5.496878332366581,False
4312,5.49625049622039,False
16009,5.496210800680533,False
15633,5.495774118201668,False
13695,5.495575378310411,False
272,5.495282284253426,False
491,5.4951463370720095,False
3197,5.495090357028183,False
14895,5.494820291941615,False
17888,5.494116512860818,False
8669,5.492482071896287,False
543,5.4922818643744815,False
10320,5.491975140624561,False
14160,5.491394023656444,False
8277,5.489597966729813,False
6708,5.489284058631252,False
1737,5.488318132035877,False
12962,5.48694080666358,False
9985,5.486836878441959,False
15985,5.486241520538485,False
11410,5.48559282257786,False
19140,5.4829895092801095,False
16833,5.482935050625898,False
15017,5.482156716985395,False
12999,5.481929819351676,False
9307,5.481571830141631,False
486,5.4811073567738955,False
3221,5.480935849983332,False
9392,5.477954016756458,False
17177,5.477453294426411,False
20606,5.476989952800453,False
174,5.4769553423526744,False
13588,5.476431389326722,False
20517,5.47620729382027,False
18991,5.475586903285549,False
17669,5.475532064647245,False
5312,5.475250056927145,False
13090,5.474549335235758,False
14281,5.473925121584242,False
13087,5.4730850257140435,False
12730,5.472889755147535,False
18393,5.472131027072277,False
13615,5.472091301937944,False
11908,5.471888674473051,False
347,5.471425666392086,False
4737,5.470512720839272,False
9313,5.470205089257769,False
12924,5.469776404147082,False
15884,5.4680088020446185,False
5810,5.467988054842285,False
15273,5.466049331356899,False
20209,5.4657572969088175,False
14153,5.465477739344019,False
19325,5.465386797323877,False
12980,5.465373630637964,False
12546,5.464638644425998,False
15567,5.463884055979859,False
3306,5.463824303551689,False
393,5.4626631487082395,False
15811,5.461317220864956,False
6981,5.460959931685555,False
18584,5.460735001077339,False
18591,5.460326012468283,False
19018,5.45931986708501,False
9139,5.4592124329692115,False
19447,5.45838629342193,False
14193,5.458129469853413,False
526,5.457608631584639,False
13799,5.4576014277516744,False
9,5.457120566685848,False
2993,5.457071148429256,False
9529,5.456227850346028,False
15833,5.4559349549084,False
15410,5.454564729719328,False
12607,5.452899922458558,False
15865,5.4527166001802385,False
183,5.452128554851409,False
15852,5.45180621491984,False
550,5.451295220408822,False
4685,5.450697228708494,False
9318,5.4500429154968195,False
17197,5.449910388121273,False
3307,5.449742104716513,False
13869,5.449153366309097,False
17800,5.449096113616932,False
12205,5.449036738939033,False
6356,5.4486414288295775,False
15924,5.448103452665377,False
9847,5.446884951160845,False
3273,5.446571204447849,False
15517,5.4461374523974015,False
15502,5.445699226028895,False
19255,5.445611226318324,False
2526,5.445514490772169,False
13448,5.444791802654667,False
10687,5.44476781661456,False
5002,5.444629068883165,False
19704,5.444359665125894,False
7838,5.444260000185178,False
12936,5.444163899514256,False
18589,5.4440031133341975,False
12387,5.443783536554012,False
17282,5.443695008289748,False
9003,5.44188054233145,False
20085,5.441535654897392,False
14712,5.440970647039084,False
15335,5.440082701549513,False
12762,5.440037562855332,False
12720,5.439726543865659,False
12759,5.439501586667441,False
15860,5.437668435651926,False
2902,5.436700334169531,False
9547,5.436345358393179,False
18583,5.435566570791658,False
19273,5.435429743958959,False
3324,5.435023538706609,False
6367,5.4350011089032435,False
3551,5.434597618181998,False
12511,5.434429626643708,False
12835,5.434012601214383,False
19348,5.432973968070989,False
12087,5.431769752073372,False
4298,5.431708398062932,False
12057,5.431186072813082,False
15478,5.43106787852319,False
3524,5.430638265877909,False
3261,5.430482570105543,False
18191,5.4299678262345195,False
10874,5.429603089131688,False
14414,5.428843135431212,False
1791,5.427894469285455,False
19416,5.4275758124807085,False
464,5.427522533416045,False
8402,5.427491841256318,False
9720,5.42696660766589,False
1420,5.426144812372307,False
182,5.4259209174706875,False
3332,5.425824498946479,False
13676,5.425227790164661,False
19942,5.424888786603475,False
14205,5.424130144110167,False
9209,5.423556487787931,False
14098,5.4232271386313755,False
18576,5.422617467635239,False
5812,5.4223811706964895,False
19294,5.4221913975279605,False
975,5.420998866136538,False
18093,5.420529504503318,False
6912,5.420498246135502,False
4570,5.420274747554614,False
5972,5.419627020671815,False
18090,5.419588848611371,False
4379,5.419327089578176,False
12878,5.419250440452073,False
8204,5.419157868623943,False
13752,5.41893604908463,False
19368,5.418932083823883,False
17829,5.418082878623522,False
7424,5.41796450009947,False
7267,5.417691713002169,False
442,5.41607470331844,False
7372,5.41576669986384,False
9684,5.415669863814853,False
8605,5.415641236798926,False
15460,5.415243105561055,False
15207,5.41475073698113,False
4282,5.414046128482764,False
17721,5.413720522727713,False
20628,5.413478599744114,False
5341,5.413152752990122,False
1293,5.412905110880192,False
654,5.412823915578841,False
10701,5.412092773941263,False
11019,5.411935245484462,False
12751,5.4102561149773205,False
12468,5.4101757662972405,False
1658,5.409881314930631,False
9181,5.408545352885096,False
16887,5.407980855521494,False
18089,5.40632809881871,False
5303,5.405984924205116,False
18218,5.405565525911841,False
15079,5.4053685126744195,False
8228,5.405131478426023,False
15835,5.405067179279191,False
1044,5.405048191870716,False
12729,5.404529282488578,False
19541,5.403659681830848,False
14989,5.40267013521661,False
20546,5.4017839173576565,False
10603,5.401761744282893,False
15354,5.399715532313773,False
18231,5.399144378693771,False
19117,5.398559685771611,False
14861,5.398522210687151,False
5741,5.398322431055286,False
9410,5.39792912750308,False
9837,5.396451075797131,False
17395,5.395925161262134,False
16128,5.394177603065669,False
13083,5.393112069065582,False
11389,5.390518349071285,False
5072,5.389732884904976,False
19610,5.388957452520604,False
6010,5.388665491950713,False
108,5.3884324740121485,False
15798,5.388337372161796,False
17852,5.387657788745452,False
12464,5.387576026664585,False
13835,5.387202730300591,False
17049,5.385887753945347,False
19216,5.385258704784778,False
5984,5.385179622251238,False
4694,5.3850664124495236,False
15885,5.385024080272249,False
17809,5.384568877683989,False
6629,5.384340332076329,False
614,5.38415341357282,False
12198,5.384150153597007,False
483,5.3832385209218785,False
10300,5.383225283139374,False
12247,5.382746914300938,False
4872,5.382512776567143,False
12768,5.382266034677891,False
15922,5.3819238908557665,False
7837,5.381894885706036,False
17823,5.381826528318892,False
496,5.3809049937678886,False
5080,5.380759536259681,False
12526,5.380415658319731,False
20301,5.380155140490097,False
11803,5.379842610846444,False
2479,5.379156987238481,False
20609,5.37878091427754,False
19972,5.378494404220091,False
10609,5.378240388810763,False
9132,5.378168544882284,False
13655,5.377381459903358,False
2419,5.376983121365025,False
16750,5.376977201773402,False
18160,5.376304093346803,False
4065,5.374804153866262,False
18874,5.374718358813398,False
13062,5.374565880487741,False
12772,5.374339343873561,False
9842,5.374184150905174,False
15487,5.3738348004823315,False
16272,5.373355690848195,False
15131,5.373084222587263,False
1605,5.373010681912998,False
100,5.3728395461713525,False
12992,5.37281367935617,False
12807,5.371351858140984,False
7665,5.370145984607614,False
9005,5.37001987346837,False
3196,5.369994031703753,False
15363,5.369263286901047,False
10587,5.369001217774355,False
3477,5.368404813846616,False
8150,5.367949497696819,False
13591,5.367415839411702,False
14383,5.3673650928841194,False
354,5.3673547778892186,False
14926,5.3669623966697095,False
18174,5.366510516753989,False
14231,5.365764132999015,False
19875,5.364009409828308,False
301,5.363957940848126,False
13583,5.363649453962989,False
16127,5.363436495617064,False
4378,5.363257415791065,False
16737,5.363151515083432,False
14163,5.36210464983256,False
16121,5.360885001448434,False
18419,5.3606721786412965,False
17674,5.360664404516317,False
30,5.359804190544045,False
12166,5.35925124739179,False
17521,5.359013181754661,False
18423,5.358843936398818,False
19279,5.358634858568511,False
242,5.357851935097404,False
554,5.357839794752792,False
818,5.3570152903901445,False
5384,5.356940732846525,False
267,5.3569260654344415,False
11749,5.356617443315499,False
11,5.35582776138982,False
5205,5.355807055688436,False
11511,5.355458117835931,False
17767,5.355345869637221,False
19974,5.354678383216077,False
20350,5.35366464874157,False
19632,5.353633441212816,False
4865,5.3529877009883124,False
10459,5.351911998006952,False
10731,5.351073152238686,False
16197,5.350916916737164,False
19243,5.350567851826714,False
64,5.350368350196581,False
2889,5.349758275054936,False
12356,5.34915202901068,False
12987,5.3487727744846145,False
544,5.348652199426763,False
1381,5.348549267439653,False
9337,5.348014385098917,False
1613,5.347590618700732,False
5469,5.346979758531444,False
17281,5.346508372685512,False
4237,5.34637225957985,False
11887,5.346302950208289,False
15830,5.346277088949572,False
414,5.3446788065906805,False
12724,5.344096547528105,False
1045,5.343808938997151,False
5809,5.343505826355374,False
12380,5.342787181538707,False
10,5.342512474200925,False
14648,5.342359175291703,False
14972,5.341778634264301,False
20534,5.341294549439919,False
2903,5.340961387270763,False
19091,5.3403324329214445,False
15712,5.339741236553651,False
1484,5.339644653493659,False
4246,5.3394700590867,False
20,5.33866105385118,False
17371,5.3383674057166886,False
830,5.337344692016604,False
2239,5.337158614722122,False
12490,5.337134637044362,False
6800,5.33703016224835,False
12921,5.336961735297588,False
9517,5.335502088549383,False
9277,5.334735373199916,False
9688,5.3343926278179605,False
14811,5.334330047786901,False
2827,5.333444682011122,False
18203,5.333219586260167,False
6580,5.33230496932492,False
3134,5.332242150888338,False
16644,5.331874272607971,False
19160,5.331677468110193,False
14149,5.331669933217579,False
6519,5.331442185095692,False
12528,5.3312979948774295,False
9474,5.330943036536553,False
9758,5.330707770155067,False
18145,5.3306741749995705,False
14126,5.330644707870878,False
9746,5.329978729647272,False
7391,5.3299560111724436,False
14621,5.32983859460384,False
13577,5.328855128053461,False
18307,5.328044386719345,False
15727,5.327701895885252,False
1780,5.326978274998385,False
18896,5.3264084109028325,False
20552,5.324235275996966,False
8580,5.324054261097274,False
12492,5.32394164063044,False
18428,5.323650453841374,False
8275,5.323233411949685,False
15730,5.32297568906878,False
4516,5.322891000930462,False
16841,5.322443076739308,False
6616,5.3222096391337415,False
19185,5.322046841972519,False
9509,5.320418716248724,False
20155,5.320295573851453,False
14839,5.319637320123791,False
12163,5.319504755912114,False
19217,5.3183871944690075,False
149,5.3182047621589685,False
17269,5.31776724004228,False
1693,5.317759668282173,False
2000,5.316999965881886,False
5622,5.31609168955528,False
1032,5.315943576524646,False
4917,5.315529152459379,False
18262,5.315260916404208,False
14035,5.315039751147815,False
138,5.314648402390921,False
10509,5.314580846784051,False
11651,5.314553293433683,False
15399,5.3143956426423955,False
755,5.313973227801501,False
45,5.313158693996973,False
17748,5.312756288168709,False
6071,5.312294252941032,False
260,5.310461969082883,False
20608,5.309921207899979,False
551,5.308698601717811,False
20547,5.308287076148707,False
20122,5.30817013491369,False
14752,5.307591398160049,False
434,5.30697154915876,False
13000,5.306954472951189,False
16083,5.3068933140530365,False
7501,5.306298792254455,False
5691,5.306014755681071,False
9407,5.3057886386868525,False
11889,5.3049938307466595,False
15580,5.303994668399971,False
13103,5.303215301690516,False
10813,5.302153928103196,False
2502,5.301106803398227,False
5896,5.300569896757374,False
422,5.30017324943219,False
11987,5.300051240932948,False
11448,5.300045577935801,False
4951,5.298964137084544,False
15807,5.298771066213938,False
14720,5.2985762273445225,False
13046,5.298466873612547,False
148,5.298104928265451,False
3318,5.296373223705395,False
19584,5.2956229330500415,False
14191,5.29437879293908,False
9327,5.29401103967637,False
19245,5.293008451378579,False
12886,5.292532429463648,False
14475,5.291998571358473,False
6158,5.291967371210928,False
4785,5.2914162453004145,False
18883,5.291406020894437,False
14550,5.291124263848985,False
16942,5.291097626871149,False
9528,5.289642167396206,False
20084,5.2894623098389335,False
18917,5.28925808034538,False
19148,5.28743801315149,False
20104,5.286194115537384,False
13790,5.286109752279237,False
4995,5.285527871310606,False
18973,5.284924269407318,False
3280,5.284908717751918,False
4275,5.28457070025834,False
12883,5.284285228080476,False
4427,5.284261873500834,False
14730,5.284167109397876,False
18470,5.283440639121673,False
5432,5.283277832696139,False
15719,5.283160489639158,False
3706,5.28314699751659,False
17279,5.282676428696988,False
18618,5.282545689683673,False
10131,5.282142924231239,False
14232,5.281503843770993,False
13847,5.281448470241421,False
560,5.278927596778711,False
14447,5.278616746781535,False
178,5.278366212424164,False
16062,5.278306167887605,False
15720,5.278142396793541,False
13406,5.277928815763989,False
311,5.2776322514089316,False
13800,5.277417662857953,False
18882,5.27734689199316,False
12328,5.276959623298392,False
20512,5.276397518450484,False
14242,5.276127432876358,False
19506,5.275858623345086,False
1047,5.275546756833126,False
16589,5.274964113581667,False
15845,5.274819929272887,False
8221,5.272909426064321,False
19028,5.272523597100746,False
14517,5.271754662369464,False
4598,5.2715145803485095,False
6648,5.2713608152742255,False
14819,5.271337038972302,False
16473,5.270983102162539,False
1048,5.2700768611300575,False
17465,5.26826550306222,False
12648,5.268141342752849,False
3654,5.267597513444003,False
3954,5.267555688436634,False
17332,5.267303304270449,False
14245,5.267255448001455,False
5942,5.2668541312679835,False
11254,5.266762325167447,False
18305,5.265983066633186,False
19234,5.265563390808847,False
9478,5.264980334023871,False
15916,5.263918401467855,False
17879,5.263731033009156,False
4389,5.262205824073704,False
2077,5.261863100607969,False
3531,5.260439528903784,False
17262,5.259602857571974,False
14837,5.25924284240868,False
9834,5.258771699696647,False
12536,5.258684095604844,False
5688,5.257516512903086,False
430,5.256883222133787,False
17547,5.256697485384382,False
15292,5.256619751026242,False
9492,5.2564323311944285,False
19547,5.2563496006030475,False
16946,5.25401697223791,False
161,5.253951035201522,False
16832,5.25351123926599,False
16806,5.253455336227031,False
18420,5.253072302484274,False
12984,5.252763597753226,False
12565,5.252535050473612,False
18543,5.252020467673621,False
16087,5.2511605011726115,False
11925,5.2505215626709045,False
1843,5.250073322471836,False
14302,5.249924760172269,False
12777,5.24969043764725,False
16021,5.248677220241786,False
19613,5.24767686364007,False
15157,5.247241623514068,False
18933,5.24709184846075,False
18140,5.246981498788477,False
14944,5.246615675329945,False
17556,5.246038383012401,False
9767,5.245222238430916,False
11701,5.244756795802806,False
425,5.243772348186779,False
3823,5.243327509690429,False
4628,5.243253148601569,False
4640,5.242992120131202,False
1620,5.242750947429137,False
5660,5.242149611360382,False
11344,5.242053975567559,False
19229,5.240319222942013,False
941,5.240271729739906,False
572,5.239894383528391,False
12600,5.2389517993812165,False
17716,5.238808128763771,False
3957,5.238640836588023,False
11110,5.23832004615583,False
14498,5.237652747984907,False
6007,5.236135391815415,False
1846,5.235284334574967,False
17018,5.232664028599789,False
12309,5.231307470326797,False
400,5.230433698774801,False
17253,5.227943513713634,False
17168,5.2279331240314075,False
10306,5.227602018160134,False
18630,5.227225971598409,False
10238,5.22639981945584,False
15018,5.225791895903033,False
10239,5.22574814797056,False
12775,5.2256264305375915,False
184,5.225520958001908,False
546,5.2253310149068675,False
2048,5.225119501242399,False
17684,5.2246890778616955,False
19181,5.224137240817443,False
4420,5.223493015826382,False
10327,5.2229872674651,False
10945,5.222064249363982,False
13012,5.222012859666608,False
14272,5.221765380929597,False
14135,5.221612547969329,False
17514,5.221090236748212,False
11620,5.21767935648648,False
14754,5.21587969635851,False
4453,5.215223410996671,False
15951,5.21463361717672,False
254,5.214482186634799,False
17734,5.2141862928819664,False
8648,5.213784367656592,False
18143,5.213771114643018,False
13686,5.213269693121021,False
8261,5.213002617488022,False
1651,5.212056668045366,False
12650,5.211458044150226,False
6610,5.209864230026402,False
18918,5.209719569433728,False
540,5.209568621198017,False
19102,5.209442013082295,False
5344,5.209255085187092,False
10357,5.208963673334601,False
223,5.208556525994844,False
7224,5.208103705403798,False
14974,5.206165217263603,False
5263,5.206137553514924,False
17473,5.205966815740378,False
9958,5.205548653991167,False
842,5.205391071677601,False
13218,5.204404241324669,False
8236,5.20391559732444,False
2106,5.203657850581078,False
12301,5.203622395619851,False
4957,5.2030867882508005,False
2524,5.202813868464206,False
12004,5.201952893862803,False
11439,5.201701271480131,False
4545,5.201683451287312,False
12391,5.2005692560167525,False
179,5.20015897804379,False
18604,5.199697075818806,False
17705,5.198297878268051,False
4673,5.197752106317424,False
529,5.19765408147534,False
4425,5.196189317759706,False
17534,5.196130020665231,False
7403,5.196080093348889,False
1354,5.1953409428004536,False
20071,5.195215563308462,False
20561,5.195129476617052,False
15563,5.1942709809222745,False
12939,5.193984484558968,False
16873,5.193464672108146,False
1364,5.193408654933638,False
1669,5.193305919803411,False
15190,5.193115910991276,False
13817,5.192896340642545,False
18427,5.192050293127197,False
13230,5.190523269629402,False
548,5.190479768876079,False
5838,5.189868220468471,False
1551,5.189456565601627,False
14714,5.189216139941816,False
18144,5.188771284508661,False
9873,5.188768722358437,False
10823,5.188754451101364,False
18458,5.187140375255564,False
5179,5.1869846780627675,False
446,5.186669872915401,False
19287,5.186563394806953,False
8312,5.1864755949033805,False
19231,5.1862589751757024,False
5445,5.18567965583417,False
11050,5.185662161358942,False
18260,5.185652761687038,False
15735,5.18560386782929,False
14391,5.184844008587938,False
10378,5.1839032173962325,False
611,5.183613119376632,False
8841,5.182346706135055,False
19092,5.180975172328935,False
12355,5.180337554355997,False
6050,5.179965432247727,False
1314,5.179272807134246,False
12289,5.179178898258668,False
10611,5.179107420056282,False
3937,5.178643860384394,False
14602,5.178426649329633,False
13292,5.178332995224988,False
15979,5.1774189977599345,False
8243,5.175830881856924,False
13846,5.175564029009678,False
3539,5.174537892564256,False
244,5.174428102761622,False
11792,5.173968301246743,False
12802,5.173927647452898,False
5520,5.1735491364641994,False
16852,5.173502202292816,False
10349,5.173490646969671,False
19420,5.173430969333653,False
14778,5.171930053146177,False
18295,5.171787616875342,False
10802,5.1671350553158915,False
10770,5.166659126235334,False
13007,5.166556328459239,False
3212,5.165838828790797,False
10322,5.164059586654882,False
488,5.164056459498072,False
14280,5.16356500898325,False
16971,5.163336835018153,False
16963,5.162666353322573,False
17675,5.162424107066749,False
574,5.162398569967149,False
13581,5.162178886592229,False
15210,5.161945275056247,False
166,5.161440504804553,False
20365,5.161302764324633,False
16655,5.1610734226011665,False
20435,5.160985919905056,False
7709,5.160611553232309,False
13585,5.160105314919603,False
3122,5.160047343474588,False
17580,5.159345153883947,False
12646,5.159122500146893,False
9363,5.158679328628299,False
15847,5.158623982769775,False
10204,5.158597372105358,False
9708,5.157997135933059,False
16842,5.157293725834821,False
4924,5.156858213234905,False
12697,5.156652135235789,False
14079,5.156500821548436,False
17264,5.15537084835295,False
10956,5.1553525012578145,False
12093,5.154866924348573,False
18472,5.154210186069212,False
19987,5.153746760100765,False
11801,5.151744172860561,False
12770,5.151072703021543,False
12074,5.15095036763671,False
19458,5.150735472396275,False
19321,5.1507186672139795,False
5274,5.1503054348237,False
13505,5.150115421364391,False
10610,5.149789572299126,False
18665,5.148146048686921,False
9736,5.148030497197303,False
2332,5.147613631918462,False
18124,5.1472757472343424,False
4819,5.146987332959801,False
16049,5.146760383729916,False
8934,5.146598628126961,False
5329,5.146317139321901,False
10751,5.145287786840492,False
13518,5.1445484598862645,False
1043,5.143484836474121,False
20615,5.143150473743093,False
2907,5.142882310236707,False
12257,5.142570597699326,False
12952,5.140915260678812,False
6582,5.140254104152195,False
9404,5.139895083483321,False
11888,5.139619522779634,False
2374,5.13927242778072,False
18635,5.138968042403438,False
8224,5.138519390713561,False
20213,5.138329783958452,False
16091,5.138114467258124,False
13428,5.137702560277579,False
18648,5.137372261809238,False
17936,5.137122697447839,False
4418,5.135999058487021,False
4238,5.1349079515425595,False
15773,5.1344171725425,False
12993,5.133266580153454,False
14963,5.132799135639425,False
13011,5.132779245166712,False
5818,5.131762372188309,False
2206,5.131648568935776,False
20549,5.131644152482299,False
212,5.131443853169392,False
7169,5.131399923628318,False
4125,5.131347581150009,False
20558,5.131034564232397,False
10518,5.1308183147657,False
15610,5.12949831894233,False
1665,5.129222137988259,False
4406,5.128801249374562,False
17300,5.128174351391225,False
10160,5.127898411760429,False
12920,5.127381110130808,False
5239,5.127239869587617,False
20607,5.126411112386467,False
18249,5.12527420760436,False
13491,5.125069921575438,False
6792,5.12503745496734,False
13794,5.122867991447452,False
16376,5.122563382187773,False
2126,5.1218435726383404,False
13095,5.121723923742557,False
6722,5.12030909140316,False
19295,5.120007658250536,False
650,5.11984529543118,False
14170,5.118533241775808,False
16883,5.118398180995273,False
10261,5.118154570111112,False
8217,5.117693788088253,False
2176,5.117496526818556,False
266,5.117124480683453,False
5819,5.11711510242695,False
5074,5.116634753109585,False
13638,5.115976480593472,False
4136,5.115237028836686,False
11787,5.115058457848471,False
14318,5.114672629868586,False
8349,5.11356770104514,False
20220,5.113193326558102,False
18555,5.112764635768688,False
9838,5.111402112029376,False
565,5.111018640712919,False
14724,5.110326420783597,False
4886,5.109775069667613,False
16886,5.109751131884003,False
528,5.109311878961517,False
524,5.109051507822123,False
7481,5.108119785826697,False
17523,5.10732513979226,False
18992,5.106755466047258,False
13558,5.10666061746042,False
3186,5.106516738946907,False
19719,5.106070962218167,False
19177,5.105606382548501,False
17600,5.105509280033863,False
16052,5.105486846836806,False
14315,5.105091243858279,False
10794,5.105054725844365,False
6772,5.104886837371374,False
12774,5.104507437738426,False
20338,5.10390298380336,False
20251,5.103858054773457,False
10353,5.103534777062482,False
1784,5.103254091080705,False
12292,5.103127006997495,False
13420,5.103033385148506,False
19315,5.102110388614783,False
14262,5.102056438467892,False
20106,5.101688067143805,False
12991,5.101311118234835,False
4835,5.1005592271607,False
15261,5.100391732595959,False
14267,5.099155390939224,False
17526,5.098193911320408,False
12758,5.0977706442276896,False
14086,5.096824121792736,False
14768,5.096567663606043,False
2970,5.096157572668306,False
1255,5.095180218348624,False
18405,5.094891325888528,False
14889,5.0947164523256845,False
615,5.094654253852072,False
443,5.093667789497745,False
531,5.093564116970219,False
13064,5.093439053800901,False
17261,5.093311066836387,False
10207,5.093234012031306,False
5221,5.093015207961503,False
4704,5.091725383292308,False
15972,5.090730404236433,False
15045,5.089763133526901,False
20232,5.089585626055555,False
11766,5.089487935835529,False
18971,5.088211293039054,False
16810,5.087154079264032,False
3802,5.086596647819013,False
13465,5.086269300083161,False
7584,5.0846785105851975,False
16819,5.082951917517912,False
19687,5.082779273154539,False
4494,5.081977701788176,False
19247,5.08182519685608,False
20300,5.0812627113199875,False
463,5.081042418083243,False
17291,5.079487431711935,False
15470,5.077188664717377,False
2099,5.077143402880154,False
15290,5.07582771145275,False
6910,5.075450180933805,False
12787,5.074687967904718,False
255,5.0741660342544215,False
11788,5.073272779204744,False
10624,5.0731702457058345,False
15092,5.072475084506872,False
20108,5.072456522175302,False
15129,5.0722041749254085,False
16249,5.072088290359066,False
20142,5.07180090798859,False
18637,5.071707170784343,False
4788,5.071541879023236,False
16474,5.069700758850683,False
12994,5.069137047724307,False
10655,5.068643311954018,False
9257,5.067829155255387,False
11760,5.067609421416017,False
1388,5.067598256417318,False
1801,5.0673833500814425,False
19724,5.067309478751392,False
5224,5.066756523408407,False
16743,5.0661519493342,False
16550,5.065318341337168,False
4857,5.064857259138838,False
18211,5.06437657824449,False
11500,5.064227236780951,False
12564,5.064103743217241,False
1800,5.063908295764675,False
3021,5.0637082525267125,False
17307,5.063211219784059,False
16153,5.06315560108864,False
19971,5.0622379309704035,False
12302,5.061039834994471,False
249,5.060343922684506,False
7202,5.060178334779646,False
9383,5.060109424177595,False
106,5.059821102896834,False
471,5.058566690582472,False
19349,5.058442732741209,False
11202,5.058130672534838,False
12740,5.057700453994639,False
17151,5.057418430872213,False
10396,5.056377880054394,False
1547,5.055781367334495,False
19176,5.055634981394167,False
9009,5.055458245432671,False
11963,5.054914780876882,False
19019,5.054444517240092,False
7932,5.054093163627524,False
20080,5.052881391819178,False
428,5.052661364619505,False
19361,5.052006435435143,False
1249,5.0505776425759255,False
16928,5.050080771568229,False
14798,5.049631034057935,False
18014,5.048589711698837,False
14057,5.048244290455633,False
6681,5.04740086647387,False
12582,5.047344216855358,False
15473,5.0469692860761945,False
4142,5.045403125986964,False
881,5.045334862748493,False
12168,5.0452143116453385,False
18098,5.044974710165082,False
14190,5.044930246769177,False
13584,5.044775541488574,False
13048,5.04309551066089,False
12251,5.04290194713851,False
13104,5.042444289411629,False
6560,5.042138952656061,False
4898,5.0417691990754765,False
4784,5.041456643763819,False
16713,5.04131189710196,False
7623,5.040021181144784,False
19346,5.039722285494012,False
16203,5.038824569079066,False
15984,5.038803030104122,False
8625,5.03813206152763,False
4306,5.037709738740908,False
19142,5.037678360620671,False
14910,5.036979421685649,False
444,5.036535123760341,False
2018,5.035593252169031,False
6022,5.034208657413727,False
6380,5.034152840182608,False
17533,5.033648541199373,False
8949,5.033214660345218,False
1514,5.032842498596633,False
17135,5.032252649002219,False
20420,5.031680469965367,False
12580,5.031614602193723,False
1816,5.031489383449539,False
113,5.0313153173089145,False
5490,5.029843661306126,False
152,5.029660861905196,False
8126,5.029583223570127,False
14286,5.028534085890735,False
7,5.028196400355521,False
13532,5.028066072096854,False
7262,5.027688881242077,False
2088,5.027647963551427,False
2241,5.026243119295024,False
17569,5.026068761021917,False
13425,5.026024075507694,False
12783,5.025830333474521,False
15316,5.0251742530912,False
2208,5.0242697509196255,False
2355,5.023502170275102,False
16134,5.0230740594253795,False
18659,5.022687882498908,False
478,5.0226065879154795,False
15176,5.022495519735228,False
3443,5.0222401123405085,False
12941,5.021736643925978,False
20356,5.021721020565027,False
13772,5.021607541430905,False
16536,5.020305322998289,False
1660,5.01996772853974,False
13101,5.019957110495176,False
1465,5.019889027257323,False
12855,5.019338720874817,False
18925,5.018680618709267,False
19708,5.018487153030785,False
16578,5.017345115071903,False
12238,5.016241544564847,False
20165,5.015235474053912,False
7176,5.014716206948959,False
14066,5.0146967694315965,False
15,5.013478559145696,False
19202,5.012766979874293,False
4512,5.011939776894762,False
10641,5.011219749805471,False
16522,5.010995692297939,False
2097,5.01078460155799,False
1348,5.009869162086323,False
4314,5.009568081738328,False
16094,5.009386166486628,False
1671,5.008079900503679,False
16037,5.007967335915854,False
527,5.007055953043505,False
9769,5.006695916326166,False
177,5.005892088091734,False
2391,5.00583282963319,False
5975,5.005699934555828,False
18580,5.005182682911279,False
14775,5.005154141835753,False
1224,5.004710691705594,False
332,5.004533527380547,False
10718,5.003441055510318,False
9138,5.002724359836616,False
1592,5.002122426619117,False
14373,5.001707306985065,False
168,5.001443332243197,False
13582,5.0013770237553885,False
15433,5.0011644865441545,False
4302,5.000948532676615,False
1415,4.999585504023727,False
14946,4.999115696716158,False
130,4.999000631338053,False
571,4.998784076501847,False
5327,4.998280418657194,False
8975,4.997848016716938,False
18402,4.997087826636137,False
13725,4.996871391966114,False
13564,4.996373317155876,False
4773,4.995770673439851,False
12873,4.9956765488791985,False
16742,4.995535922496977,False
17848,4.9951713446475585,False
13481,4.994663498432139,False
12645,4.994388259079428,False
17143,4.994311884972728,False
2331,4.993665977836181,False
15016,4.993612948337123,False
11576,4.992191257104781,False
7261,4.992045058342394,False
12226,4.9920057904301185,False
16061,4.991880030248504,False
11052,4.991838617432021,False
5083,4.991797420935415,False
17836,4.991705160228442,False
1285,4.991540081532777,False
16110,4.991128962676141,False
1687,4.989008482921816,False
10799,4.988690892061733,False
20541,4.988135043233297,False
12995,4.987956305751564,False
17584,4.9878376148237935,False
17492,4.987788054569073,False
44,4.987326953430113,False
20619,4.9871290498221175,False
20105,4.986240076730017,False
15895,4.985976198922604,False
18582,4.985869816323845,False
14438,4.985730840245833,False
18033,4.985627727679702,False
18987,4.985155827162418,False
43,4.985102532200418,False
6372,4.985049386561863,False
16068,4.983831427964173,False
4130,4.983319877883945,False
8767,4.9830462638889585,False
18322,4.983035478041991,False
12467,4.9819566216614435,False
6623,4.981535600137038,False
16740,4.980863515644426,False
12311,4.980698174335618,False
9686,4.980678138483351,False
6036,4.980406966548084,False
559,4.980164227147322,False
17539,4.97967117318188,False
10754,4.979638827598846,False
4962,4.979531082500939,False
10347,4.979262969485574,False
13068,4.979227377632643,False
9302,4.979091124930106,False
8148,4.978928775244487,False
9411,4.978101254280517,False
612,4.978032796252442,False
13138,4.977828539092804,False
15980,4.975617365629574,False
13536,4.974723407271047,False
3676,4.97472006100502,False
12906,4.974695088793451,False
18671,4.974387214932652,False
4383,4.973794035816094,False
18529,4.973736370152878,False
525,4.972196652355386,False
1452,4.971567225992146,False
19896,4.970812712622523,False
9976,4.970086290149105,False
16405,4.969271492403952,False
19425,4.968666942828956,False
15163,4.967748027848808,False
15288,4.966599585708835,False
13791,4.9661970341730655,False
12917,4.96592113396719,False
17543,4.964788106961029,False
16921,4.964419794294264,False
5177,4.964419287531961,False
4533,4.964128819307079,False
14765,4.963755718963045,False
15133,4.963371388540434,False
5883,4.9633333614758985,False
12266,4.963295263730023,False
2142,4.961786502030631,False
2387,4.961488040255189,False
16036,4.961143780699498,False
289,4.961122152590308,False
1385,4.957732225353254,False
13712,4.957437460570858,False
15734,4.957108948265827,False
382,4.956980360563994,False
17814,4.956819096052964,False
262,4.9557446210161995,False
20394,4.955296956892356,False
10485,4.955282453433422,False
465,4.955176695856718,False
243,4.954824361696872,False
8109,4.954235230172278,False
14064,4.954052964802056,False
8634,4.95375537422649,False
9527,4.953526223840477,False
11882,4.952939660848916,False
18221,4.95263127474251,False
13144,4.951864465405269,False
12894,4.949588558962908,False
14523,4.948803274809411,False
14220,4.948522822293636,False
19101,4.948218523409476,False
9650,4.947292585954028,False
18594,4.946373407886734,False
18657,4.945980612001416,False
9321,4.945933441990196,False
1688,4.9456298478379015,False
329,4.944941425141128,False
5180,4.943547907552451,False
162,4.943527844340565,False
9345,4.943361599375546,False
5879,4.943245672422348,False
9265,4.942328333918642,False
16827,4.9419131901524445,False
19309,4.941285894929056,False
11182,4.940655367572136,False
6789,4.93993345185053,False
18639,4.939629311826253,False
9863,4.938945434848014,False
17889,4.938714290486247,False
4132,4.93865358122839,False
12861,4.938222947086349,False
12916,4.937746484050011,False
16222,4.937098304744442,False
8730,4.936899246954967,False
15104,4.936899238289321,False
11093,4.936362567871666,False
20319,4.935672326566013,False
17481,4.935111868877796,False
147,4.9348706724698275,False
11396,4.934785424316293,False
18999,4.934773701533666,False
10348,4.934654788897892,False
12756,4.934484011268283,False
1050,4.9342807331241385,False
16826,4.934174675659307,False
2068,4.93357014085565,False
4666,4.933402879708151,False
8600,4.933323802383841,False
16050,4.932979452932891,False
8912,4.932918805156809,False
18625,4.931853764183294,False
5773,4.931243323584866,False
855,4.928328745317838,False
585,4.928223500257854,False
4147,4.92778849635783,False
16846,4.927681129662217,False
11945,4.9271365668815434,False
11470,4.9270978609110045,False
13863,4.926719788282526,False
9344,4.925788383062633,False
8095,4.925753807571919,False
18651,4.925664793029739,False
9519,4.925485888514306,False
9689,4.925370431386237,False
530,4.92535790429517,False
1342,4.925235726634491,False
3834,4.925230698127793,False
11609,4.924761048389976,False
1714,4.924542489798448,False
1740,4.922453375527088,False
656,4.922423841156576,False
14770,4.922151640279353,False
1576,4.921854813885377,False
7164,4.921201180110143,False
845,4.920993418312163,False
14011,4.920629366268978,False
13254,4.9205956585808694,False
13065,4.919739957346784,False
4795,4.919517416746734,False
17485,4.918713453125145,False
16889,4.918141391519654,False
19706,4.9177750846202954,False
1680,4.915620181920778,False
18974,4.914960613061782,False
38,4.912938528638417,False
15497,4.9128000411210895,False
14474,4.912406937085105,False
533,4.911867220875148,False
7292,4.911415488640039,False
5054,4.911400302290074,False
12141,4.910909432426604,False
3414,4.910508241653122,False
5296,4.910158400857592,False
389,4.910013922041296,False
1751,4.909756108118604,False
3494,4.909444704550911,False
15083,4.909292091745721,False
21,4.909269654153167,False
17302,4.9086870460965795,False
737,4.9085529331162245,False
18401,4.908201637354831,False
292,4.907377371543847,False
4789,4.907101740042647,False
6771,4.906939751233233,False
4490,4.906813801015232,False
26,4.906682137969231,False
51,4.906120481851161,False
4797,4.9061150074001905,False
2354,4.905466286062085,False
15294,4.904945284502201,False
16986,4.904116403856154,False
9294,4.904059938198669,False
13550,4.903998457407001,False
2218,4.903624381767948,False
9278,4.903211127108733,False
18268,4.9005501734075825,False
9208,4.899141608235584,False
4787,4.898908486745958,False
14610,4.8987738838834565,False
18661,4.898454011996817,False
15257,4.898189492715538,False
19132,4.896334141914302,False
5237,4.89613543824402,False
10733,4.895844623859273,False
1995,4.895379679398963,False
3139,4.895091804310521,False
14561,4.8933463756744295,False
19498,4.893233913767139,False
1368,4.89307693695755,False
20022,4.89288991377307,False
3787,4.892590600123362,False
13844,4.89251048279763,False
2527,4.892216205874524,False
9762,4.891347447810323,False
18538,4.891271620695466,False
19710,4.8891765681917505,False
1365,4.888725578970112,False
16602,4.88823615852347,False
18531,4.887998973821459,False
8355,4.887656063799609,False
15391,4.887263623423705,False
18162,4.887185726055694,False
11577,4.887059103599844,False
6558,4.886585467869317,False
14877,4.886534633704237,False
17903,4.8865332154811405,False
4514,4.886028125886796,False
9701,4.885911437510559,False
4899,4.885751682014561,False
14377,4.8852796850666556,False
2032,4.8852788727216705,False
13178,4.884515344126267,False
4422,4.884449288943757,False
582,4.883085692767416,False
1552,4.880508745784471,False
468,4.879941559965246,False
7498,4.879450800492912,False
10779,4.879397566651596,False
10297,4.87905507387173,False
13447,4.878838279507252,False
14134,4.878803098716972,False
3480,4.878594635898134,False
2023,4.878503348538999,False
14402,4.878336318226344,False
1808,4.877941312128511,False
13419,4.877822971518579,False
1595,4.876845952346319,False
2369,4.876808115940376,False
16854,4.875628596528399,False
17537,4.875540489606068,False
7636,4.875123725529009,False
16031,4.874718276655347,False
4867,4.874706132208012,False
5372,4.8746375549055205,False
15357,4.873988976198391,False
16035,4.873922917640744,False
16237,4.873148898448855,False
12588,4.87242722092154,False
19660,4.871791187872254,False
1723,4.871652026396498,False
16377,4.870773817677791,False
15932,4.870388429471763,False
16199,4.869509649392266,False
18561,4.869057572194452,False
20066,4.868228484508441,False
3072,4.868138482761067,False
12293,4.867884829565037,False
8038,4.8675535577818145,False
17572,4.867523160349588,False
16462,4.866580088930299,False
8885,4.866126432282304,False
15171,4.866071123472306,False
19579,4.86598247097122,False
18150,4.865791890113021,False
15401,4.86563418199039,False
17950,4.864985588125864,False
367,4.864647630875753,False
13985,4.863859053083264,False
4950,4.863339220215144,False
18121,4.863323648172159,False
16881,4.862868071771711,False
15170,4.861954179479778,False
15408,4.860980292143525,False
19097,4.860797405632189,False
9329,4.860223616337482,False
4380,4.858243738385901,False
4358,4.858145704542009,False
6586,4.856887864292503,False
12785,4.85669025941787,False
14735,4.856585623961676,False
17256,4.856177248772741,False
13024,4.854891454848937,False
16604,4.854458171643559,False
16773,4.854368988555301,False
19823,4.853540066243838,False
11375,4.85285028154259,False
5717,4.852666052687736,False
13611,4.8526564240229115,False
9956,4.851889132829246,False
1724,4.851754595377882,False
16782,4.850667878799232,False
229,4.848816498389583,False
8529,4.848803908393318,False
16715,4.848324815676886,False
12706,4.847853420838537,False
16748,4.847128918904552,False
15848,4.84648533229667,False
15365,4.846139494316933,False
9526,4.84559600181332,False
3257,4.84555612170294,False
17983,4.84530021049139,False
17506,4.845255123465717,False
2104,4.844872351374297,False
14994,4.8432946091523785,False
690,4.842320404209454,False
17205,4.841939530831715,False
11395,4.841793830817331,False
17727,4.841053029663446,False
193,4.841034705386276,False
18460,4.840554190577172,False
15005,4.8404430252795265,False
5232,4.83977541819808,False
18916,4.839725312574998,False
12982,4.839019562437958,False
12970,4.8387944235168225,False
9513,4.838588080959578,False
11506,4.838394186885831,False
12981,4.838145641416143,False
14142,4.837834861155667,False
2478,4.83697043972533,False
12776,4.836902988654302,False
10789,4.8362765738196085,False
17208,4.835633544773153,False
16213,4.835381382847601,False
1544,4.834517029103278,False
4736,4.834378447729099,False
12877,4.833751702197333,False
477,4.833684212337671,False
14743,4.833594239788846,False
4327,4.832852417756843,False
10257,4.831789256796853,False
7393,4.830868153657321,False
9717,4.828210079815086,False
12670,4.828057681950487,False
14514,4.8273182249419015,False
16411,4.827202428593288,False
8286,4.827031147679427,False
14706,4.826885511522228,False
4915,4.826786236548062,False
12357,4.826546513764182,False
3720,4.825567448100482,False
2390,4.825566482111243,False
19573,4.825100388897509,False
19848,4.824858381425785,False
20072,4.824588284272876,False
18921,4.824433232844363,False
9087,4.823222287500679,False
13341,4.823189533715947,False
6680,4.82281670792483,False
19292,4.822445650332931,False
16834,4.82217141213987,False
7500,4.821545700045628,False
19269,4.820874958878463,False
12766,4.820783141021868,False
7269,4.820251975841178,False
12985,4.819658253913456,False
4725,4.81874414567959,False
4868,4.818478623659096,False
10438,4.817864595360041,False
13599,4.816879179016392,False
661,4.816392317601494,False
18652,4.81573993911225,False
1507,4.815401964006096,False
12186,4.814692892223501,False
4311,4.814559226383645,False
20086,4.814201470196408,False
11886,4.813959569372455,False
12976,4.813580705889515,False
15558,4.812803968458633,False
4536,4.8127910169319295,False
3028,4.812213228327412,False
19137,4.811008309519831,False
10721,4.809885641886634,False
17998,4.809071881194748,False
7523,4.808274950699727,False
16838,4.808037957508374,False
6804,4.807833640386436,False
12353,4.807143650096922,False
4385,4.806296874366959,False
16090,4.806291405914569,False
8073,4.806271508485321,False
7396,4.80561232386118,False
4569,4.805385852763679,False
693,4.805228984574068,False
10206,4.8051936128807,False
9198,4.804370874243333,False
16507,4.80382539881383,False
17507,4.803305756927084,False
18516,4.803168999128944,False
2044,4.802708032036558,False
19968,4.802605009474333,False
16804,4.802427651672803,False
16400,4.801700757535929,False
7318,4.801666155052244,False
12668,4.801332202823296,False
19555,4.800862115489659,False
1798,4.800156149132231,False
17099,4.799243697117056,False
14886,4.799159617183044,False
15474,4.798658937846461,False
16935,4.798606845586187,False
1823,4.797482934036243,False
12569,4.797320758554392,False
11207,4.79717189260595,False
9844,4.7960295607790995,False
2092,4.795920991571734,False
12563,4.795559391284168,False
9445,4.794910240821746,False
17044,4.794348918853775,False
1841,4.794247065246125,False
271,4.794161780953271,False
13637,4.793891489294387,False
16849,4.793250081006832,False
16545,4.793230134483593,False
9612,4.792264977557898,False
5765,4.791110058086328,False
12838,4.789433982933652,False
4200,4.7890508063064114,False
14681,4.788759250874872,False
4310,4.78865058870624,False
14228,4.7884593499459704,False
5846,4.78841997944323,False
541,4.7883147365604355,False
76,4.7879594523408056,False
13154,4.787826935777857,False
979,4.787707650590342,False
17287,4.786651217194294,False
13124,4.7866257147725495,False
14384,4.786071085281056,False
17028,4.785581153392236,False
15516,4.785434389007367,False
2169,4.784868059693815,False
16327,4.784634373551888,False
6364,4.784572278114922,False
7631,4.784368773213744,False
19047,4.783679182637861,False
19178,4.783397785734827,False
19705,4.783394771389535,False
5032,4.783062888445494,False
12147,4.781855186559236,False
17644,4.781479774357729,False
15545,4.781479289674884,False
6671,4.77954043157456,False
555,4.779484501895688,False
3089,4.779321995355838,False
17740,4.777777988212788,False
14630,4.777707438583469,False
15921,4.774541669457479,False
112,4.7741172210129665,False
14401,4.773708642230657,False
13592,4.773368211264679,False
10147,4.773247629514567,False
3342,4.772713197212907,False
13127,4.77147168794951,False
19812,4.771393581572577,False
1667,4.771332985601267,False
1755,4.769286700048676,False
9508,4.768379936539006,False
9196,4.7668191382559995,False
16448,4.766706460569612,False
14103,4.765580371991284,False
13073,4.764628451700619,False
12860,4.7645116236221465,False
17563,4.764397239375127,False
15256,4.764112767642685,False
12965,4.763889530456363,False
173,4.7635907437353335,False
5023,4.762103547533577,False
12750,4.762089222797401,False
9201,4.761382881649706,False
9779,4.761035425944655,False
8447,4.7603901830569715,False
11153,4.760082959359851,False
13096,4.759663867268161,False
16878,4.759389709904468,False
5470,4.75856810694024,False
14184,4.758432529604594,False
14088,4.758102540563566,False
10602,4.757848993547897,False
19263,4.756764367800418,False
6663,4.756081186579248,False
5136,4.755698396433973,False
15897,4.755433055510313,False
17225,4.754449698748585,False
13744,4.753963403535376,False
782,4.753746608556103,False
9504,4.753313399158817,False
18479,4.752668037339844,False
12124,4.7525881096848925,False
19063,4.751867662504575,False
9768,4.751278324182508,False
4657,4.75117415726209,False
20118,4.7511422162182555,False
16198,4.7510904838336145,False
14138,4.75059593960194,False
15434,4.749737894321093,False
12559,4.749636111700801,False
15512,4.749589185849905,False
143,4.749528140596702,False
19538,4.749519234944493,False
11876,4.7492039290133174,False
14178,4.749057953261666,False
14941,4.749023933438899,False
9203,4.747541689290483,False
18207,4.746059193157231,False
12853,4.745253642951223,False
16059,4.744636586562269,False
5330,4.7443503620107395,False
14870,4.744216555123408,False
18904,4.743614465006759,False
12174,4.74333147579188,False
13547,4.742337591693894,False
3262,4.740926932130861,False
287,4.739388618905853,False
13740,4.7391818567592905,False
12844,4.738933045583806,False
14982,4.738116278113793,False
20404,4.738056533925471,False
102,4.737982308968707,False
20059,4.737094016402435,False
10703,4.737053394938791,False
12799,4.737023165621898,False
16661,4.736219418817616,False
9588,4.736208945690772,False
12272,4.735855523043652,False
15913,4.735595038631821,False
3446,4.735432846426007,False
13743,4.734199087535805,False
20577,4.734164345029841,False
18519,4.734026032032226,False
457,4.734000773794767,False
7725,4.733867507548257,False
19470,4.733629134070269,False
18673,4.7329920115252255,False
99,4.731631266944595,False
15986,4.731586649173519,False
568,4.731571397617085,False
4714,4.731016074075397,False
14661,4.730668764363189,False
14600,4.730373288717656,False
4816,4.730165334549627,False
3387,4.7279702118384614,False
18109,4.72767745768973,False
17530,4.72740074296881,False
20461,4.727197170511937,False
17808,4.727086312566305,False
16066,4.726918755824348,False
19267,4.724890661367468,False
9969,4.724866313434864,False
20148,4.723918250163977,False
13079,4.723671438550731,False
9592,4.72300608256306,False
6445,4.722573451513373,False
13672,4.722282900361758,False
20180,4.720886416173603,False
15269,4.720634975004931,False
1223,4.7203188118825015,False
9083,4.719961721158822,False
12967,4.719799724093634,False
15969,4.719210545398438,False
2160,4.7177621081494125,False
14375,4.716453265918843,False
19306,4.716321954579474,False
14403,4.715595009179553,False
10310,4.715535715201199,False
4304,4.7155291471778,False
1546,4.714917885819387,False
5015,4.71341759621612,False
10140,4.712780960981536,False
384,4.712609825138754,False
12590,4.709052026263658,False
18032,4.709038940908602,False
2173,4.708898541154125,False
573,4.708766228539602,False
1349,4.708044966499395,False
317,4.707852591952323,False
489,4.70677104716925,False
4365,4.706066429666206,False
14087,4.705736564762317,False
11499,4.705495227752679,False
16587,4.705480436896029,False
7492,4.705391523606256,False
1797,4.70537652544232,False
6062,4.704964918465149,False
1517,4.7045845046885635,False
96,4.703290027144156,False
19000,4.702870129111315,False
4222,4.702147356338445,False
9906,4.701123235367822,False
6310,4.700368115169924,False
6668,4.700365431150187,False
18647,4.700035390375392,False
12728,4.699675923622958,False
13719,4.699545318634932,False
18923,4.698992081048663,False
8622,4.698551482005732,False
20457,4.6983168613425255,False
12256,4.698182902905453,False
14830,4.698154168384782,False
15125,4.698034165089378,False
9979,4.697821149066822,False
4999,4.6973506224667165,False
13646,4.696880843068882,False
3202,4.696063305503947,False
6368,4.6958280959137735,False
20042,4.695391800842893,False
8461,4.695345230428094,False
19567,4.695012617761098,False
8424,4.694719453198028,False
4414,4.69412947737058,False
4961,4.6939043547085415,False
16161,4.693406642185193,False
5535,4.692827415486748,False
9812,4.692587685161212,False
13480,4.6922107009384195,False
10950,4.691974568030838,False
14683,4.691907635616493,False
1543,4.691907376869302,False
12727,4.691295942509249,False
19998,4.690993120718624,False
8427,4.6899438383472685,False
20078,4.689885967980348,False
13158,4.689703953827982,False
16929,4.68954943621609,False
5030,4.689346992859257,False
20518,4.688930122828656,False
15801,4.688166850654486,False
12845,4.687458855899546,False
19433,4.687372088141059,False
18448,4.686984118934067,False
14303,4.6861974576581815,False
15407,4.684681685403525,False
17033,4.6845129025101375,False
4845,4.6844088884078445,False
17886,4.684331959837539,False
14500,4.683734317661418,False
15507,4.680860697806432,False
5482,4.680243924894839,False
15938,4.6795863554665935,False
14654,4.679318937282419,False
18244,4.679188444564522,False
19653,4.679041381284601,False
13736,4.678562052108597,False
14387,4.677713641569552,False
1691,4.677498231097438,False
5135,4.677386128808152,False
4894,4.6773330960772785,False
9429,4.6761226245068706,False
12789,4.675954887706465,False
17760,4.675472846421117,False
10595,4.675224604416186,False
246,4.675171170340533,False
8258,4.6751255935308915,False
20533,4.67474603074146,False
19111,4.674146205553354,False
9582,4.673805192595568,False
9874,4.673768323030219,False
12794,4.673741292788128,False
15987,4.673710333402983,False
18112,4.673642805357559,False
1496,4.672106009070722,False
7444,4.671518063411848,False
16294,4.671455322376482,False
15039,4.670822910541201,False
20531,4.668464723052663,False
19152,4.668293380407551,False
15958,4.667991504705686,False
16875,4.667748619451462,False
18471,4.667126669704432,False
16116,4.6665047091644745,False
19617,4.666020652982769,False
9714,4.6655580914695,False
17810,4.66439783791895,False
12230,4.66439546616421,False
4735,4.6640558138589405,False
919,4.66348131479143,False
14400,4.663301483353538,False
19809,4.663144975351164,False
16265,4.662904426684604,False
2432,4.661100005210364,False
13746,4.6608384086386625,False
12851,4.660797029948574,False
18242,4.660351965721858,False
14524,4.659985760387382,False
10623,4.6596338398572055,False
4324,4.658574087681506,False
18127,4.658570041576587,False
13078,4.658532522360085,False
1366,4.65832865813125,False
16188,4.658101653931103,False
20548,4.657836491134325,False
5777,4.657606951608742,False
2401,4.654571885806852,False
4118,4.654563722983902,False
6247,4.654442815222515,False
308,4.653432045867882,False
18251,4.6518904221317765,False
11360,4.651152349564137,False
14347,4.651014914023019,False
15994,4.650830612997403,False
11196,4.65033303161216,False
17297,4.649367900603375,False
16487,4.649216813540558,False
18691,4.647435745164923,False
562,4.647333998732687,False
20381,4.647058677923258,False
19166,4.646717853213076,False
13401,4.645832403305773,False
1495,4.64581552548287,False
8993,4.643352717686033,False
14769,4.643127865630797,False
15297,4.641642743733151,False
16855,4.64156373062324,False
10380,4.641402187451638,False
4144,4.641293506011049,False
12887,4.6407768424072575,False
5328,4.640480312041758,False
14097,4.640071727386399,False
16233,4.639923019520908,False
9437,4.63938857318708,False
12690,4.639296516859333,False
3136,4.63906086855517,False
10448,4.638472011868557,False
19218,4.638039063163582,False
942,4.637936344834577,False
9713,4.637931849051295,False
19446,4.637889953876832,False
19108,4.6357688426937,False
10585,4.63569698028403,False
14826,4.635130844682227,False
18494,4.635081917008389,False
19074,4.634336222300469,False
17053,4.6335628875513795,False
418,4.633302358374266,False
12085,4.632781095046068,False
14216,4.632594741238055,False
18397,4.632593087580951,False
16413,4.632098917679185,False
349,4.6317210809715395,False
6203,4.631179126730553,False
961,4.630366664500595,False
7308,4.630253501554884,False
11652,4.629231613401144,False
8226,4.628915274622048,False
19430,4.628742841271388,False
18593,4.628022424784836,False
12707,4.627862161907466,False
17286,4.627132402864712,False
8947,4.6266466103662705,False
4415,4.626197376472077,False
10541,4.626056802197005,False
15349,4.625671041322214,False
4320,4.625620851059835,False
1775,4.625029532021571,False
19344,4.62487495869798,False
13870,4.624509418487257,False
17190,4.624500980491529,False
9197,4.62419718350632,False
6033,4.623892009156841,False
10118,4.6238346875784,False
19957,4.6234355763056145,False
20532,4.623432942616077,False
9485,4.623400188159298,False
7577,4.623071521494022,False
13350,4.622781188814179,False
952,4.622677741688493,False
13456,4.621793401914469,False
20516,4.6214914184791445,False
7199,4.621422802265448,False
9180,4.621151363516898,False
18644,4.620553540862691,False
17986,4.61927433240134,False
16042,4.618826570041474,False
12602,4.61865173489773,False
14128,4.6184325568103795,False
2313,4.617907334259588,False
16919,4.6178321982364245,False
18409,4.617126276805481,False
10247,4.61662943269172,False
8839,4.616345344767398,False
1334,4.614321253974786,False
14107,4.614208800470621,False
9982,4.613763799720802,False
17211,4.613543655904547,False
10259,4.612830316635501,False
17245,4.612264828485644,False
17241,4.6122548580765255,False
321,4.611397720025719,False
12901,4.611252346074322,False
11603,4.610789648790884,False
16008,4.6098276922830035,False
12682,4.609670465009295,False
5129,4.609391926089982,False
16029,4.6091449779449505,False
15091,4.6089941828213075,False
14156,4.608950068365802,False
13091,4.608859143433712,False
281,4.608764720496314,False
5151,4.608418681381031,False
16370,4.6080904976112995,False
19431,4.607392489087588,False
12806,4.605915283586874,False
15923,4.605836565856178,False
19625,4.6056874375334935,False
9391,4.604595669274659,False
16133,4.602914368545381,False
10398,4.602595998942433,False
12121,4.60231361865761,False
4523,4.6006029880242565,False
19581,4.600066760372796,False
5178,4.599307761319354,False
18475,4.5989881645489685,False
13030,4.598436509612087,False
16099,4.5982993400622085,False
11689,4.59810623405715,False
19457,4.59797612448307,False
8239,4.597956198256106,False
3708,4.59535864796486,False
4855,4.5953151112438455,False
999,4.594447798058344,False
11381,4.594281642796531,False
17239,4.594159070870335,False
669,4.59263457633735,False
16387,4.592227630582912,False
3271,4.591998258749179,False
8072,4.591305683202036,False
556,4.5909078055610895,False
8579,4.590305831159606,False
1619,4.590173456409882,False
15393,4.5895583228498875,False
11611,4.589314132233782,False
16519,4.58864755760482,False
15234,4.587648581903415,False
4498,4.587459102900779,False
17497,4.587230232484561,False
12096,4.586636167379532,False
3232,4.586395038278399,False
10241,4.586067157045926,False
3475,4.585986368416721,False
13159,4.585337496269638,False
14534,4.5853151478609835,False
397,4.585106635084758,False
9503,4.584430552955084,False
20023,4.583793510884332,False
14964,4.583174235264126,False
10942,4.582988241652465,False
12926,4.582945285680461,False
17638,4.582906278104767,False
15193,4.582397053605458,False
8300,4.582310950679561,False
17076,4.582060891528268,False
14175,4.580446817204233,False
163,4.580316762879457,False
20361,4.579944837086241,False
12848,4.579934410703601,False
4669,4.578449953066249,False
20417,4.577934800803892,False
16372,4.576913248150016,False
17678,4.576043371203328,False
5481,4.5760401257971335,False
4135,4.575836922287284,False
12145,4.575498996598841,False
11434,4.57537734849561,False
1243,4.5752228655873,False
12847,4.57430506819,False
17885,4.57396408426318,False
5539,4.5738588941122895,False
12316,4.573395468367519,False
280,4.573345090814115,False
505,4.573090396911278,False
16967,4.573010049207651,False
6622,4.572707968987114,False
5476,4.572601844083689,False
4469,4.572461185497415,False
4905,4.5722869145466225,False
20227,4.571662978209815,False
19286,4.571549577427117,False
8872,4.571096535133828,False
10278,4.570518969547825,False
10579,4.570415650454492,False
849,4.5693523188363105,False
12856,4.56880064869855,False
7508,4.56871731896021,False
17894,4.5674286064447545,False
11795,4.567388483512304,False
16449,4.56731738462867,False
12155,4.566940725561064,False
17974,4.56595976796662,False
11300,4.5658639443913245,False
16869,4.565659922277133,False
12780,4.565444686192676,False
9427,4.5651238412068835,False
15445,4.565109008546234,False
16882,4.564974899012331,False
1320,4.564913224069015,False
10639,4.564784542701127,False
14606,4.563783001534979,False
12193,4.563038339282536,False
9611,4.562748606877673,False
4212,4.562253935013237,False
16848,4.562171504315254,False
19008,4.5619159758601935,False
12130,4.561870221640624,False
5210,4.561490851220313,False
2364,4.561147147440146,False
18668,4.560916717564211,False
17978,4.560450787844255,False
214,4.559975223354371,False
13648,4.559326770776143,False
6027,4.559255874687606,False
8301,4.557491725294704,False
8209,4.55730152274311,False
4617,4.556847444352272,False
5898,4.556781067741783,False
4826,4.555865954221661,False
13121,4.555743210990147,False
8891,4.555080577526313,False
11510,4.555063686286253,False
3198,4.554599531920467,False
18898,4.554522473300983,False
12632,4.553978310947751,False
16746,4.553900513806067,False
4221,4.553706196370817,False
4359,4.553241827883758,False
16868,4.5529167950384135,False
10914,4.552553925391482,False
1291,4.551378979826312,False
5231,4.550501117413661,False
4399,4.550357518102646,False
20194,4.549952200151933,False
2525,4.5491978682533905,False
15224,4.549172482381773,False
18689,4.547935022029874,False
4994,4.546994635577281,False
381,4.5460275790484985,False
13209,4.5459235833100955,False
19242,4.545743688369988,False
14155,4.545251163271589,False
15541,4.544814588283542,False
16469,4.544665739157825,False
13748,4.543864716575916,False
13563,4.54356087815856,False
20363,4.543243178045526,False
2371,4.542368545384557,False
13512,4.542037066138743,False
3960,4.542035877628377,False
13418,4.541966811943827,False
1013,4.5418664882611015,False
20067,4.541385898314921,False
12899,4.540661551437697,False
13703,4.540625968474409,False
17232,4.5394626774630105,False
11301,4.539199735936635,False
18692,4.538978663050495,False
16095,4.538856582552096,False
17833,4.538668602224973,False
12461,4.538578523630657,False
14022,4.538506758677739,False
15601,4.5384272238747005,False
19850,4.538053984442627,False
10719,4.537365638734561,False
19376,4.537244068380247,False
9733,4.537225025639849,False
15455,4.536840403647289,False
18976,4.53663221744614,False
14133,4.536153409293011,False
17636,4.535753426134161,False
6684,4.5345925849867195,False
17982,4.534379168390392,False
13059,4.533563057376344,False
10141,4.532936717317191,False
11213,4.532917043385294,False
10151,4.532473892223673,False
2356,4.532229494277503,False
5793,4.530183767974938,False
14341,4.529880305053977,False
14539,4.529864088015124,False
1793,4.529738390011262,False
2024,4.528555523391883,False
16166,4.528379658773865,False
1806,4.528183783445954,False
14093,4.527366513728481,False
1367,4.527084961043302,False
17231,4.527082062012972,False
7254,4.526765110984474,False
3154,4.526282649510971,False
18525,4.52467867988134,False
10386,4.523782823004089,False
13780,4.522911506644512,False
2375,4.5210885663007065,False
12274,4.52062577729852,False
6775,4.5190194347432255,False
792,4.518383992857489,False
18303,4.517367048969977,False
12943,4.5169150337669715,False
13724,4.516127715315561,False
20412,4.51445625716942,False
14997,4.513822160669076,False
335,4.513081255903982,False
5283,4.513032810453817,False
19839,4.512354005842892,False
14549,4.5122408779865175,False
13245,4.511984405548638,False
4975,4.511665657628101,False
16069,4.51071299947138,False
2051,4.510579734988517,False
2833,4.510206817146374,False
6542,4.5099367386793405,False
8254,4.50984939554837,False
14254,4.509250187050661,False
4539,4.509019737782069,False
4721,4.508987285135836,False
5039,4.508708629566428,False
17046,4.508627686743308,False
2835,4.508512063927797,False
9706,4.507913696139088,False
14476,4.5076310074038215,False
10831,4.507538008005136,False
15383,4.507413597182406,False
4682,4.5073076394564175,False
9552,4.506853474445043,False
8373,4.50654145887756,False
6562,4.5065092006615295,False
12925,4.505203531101152,False
3085,4.50463035465195,False
4713,4.503851186060774,False
4754,4.503529129903084,False
13521,4.503430294194674,False
18891,4.503366783930847,False
5007,4.50328192242007,False
456,4.502322838641399,False
14739,4.502283444910436,False
19885,4.502011390245159,False
14597,4.501241019166965,False
3819,4.501015494176579,False
16308,4.5007624427591795,False
20237,4.500579642210025,False
8490,4.500340420852774,False
18558,4.500328087119334,False
15927,4.499497901200309,False
12622,4.4988798538625385,False
12913,4.498226929894215,False
14353,4.498051969331202,False
19280,4.497805329777215,False
121,4.497637899073858,False
1821,4.497488268644817,False
17117,4.4972890146468245,False
9424,4.495650677759965,False
12712,4.495569860958275,False
20273,4.495485223426716,False
8151,4.495105977474869,False
18417,4.494826541854902,False
14067,4.494672120930842,False
11535,4.493110120337663,False
19219,4.492433636639195,False
14472,4.490462246114613,False
1991,4.49016359506842,False
1004,4.488886288100444,False
5153,4.4869273861478245,False
5906,4.486148991870774,False
19347,4.485748007886542,False
19923,4.485063343750101,False
8971,4.484958854952109,False
9726,4.484494859043854,False
12881,4.484310962755787,False
14859,4.4839372654877145,False
19070,4.48308216139052,False
10354,4.4824228889091895,False
20366,4.481862407202387,False
16763,4.481479595735738,False
4846,4.481462419423501,False
17216,4.4813870077260765,False
4683,4.481370876297843,False
8111,4.481248503300783,False
13044,4.480611641069495,False
5395,4.480293085166215,False
19095,4.480053425618149,False
13028,4.479521924662175,False
14259,4.479142822472962,False
10447,4.47905785450832,False
18396,4.47864421474169,False
19877,4.478366957404417,False
19843,4.478235807229651,False
5534,4.478215439786705,False
13085,4.4777035178600535,False
2829,4.476914909819037,False
14188,4.476375827577165,False
12176,4.47571679125226,False
13618,4.475295389792187,False
17561,4.474975295239809,False
16168,4.474785801164522,False
11501,4.474751913304214,False
16772,4.473827818683763,False
13040,4.473445792269408,False
11400,4.472433295487681,False
15057,4.471752396486931,False
1792,4.471698152624045,False
14547,4.47063934300719,False
19652,4.470403133937625,False
17801,4.470311733177769,False
20167,4.46991370970768,False
13215,4.469814685060578,False
3460,4.469635300446954,False
9303,4.469168413250037,False
4459,4.46903634950119,False
16874,4.468662093749476,False
364,4.468527753364921,False
19409,4.468219234661827,False
20396,4.4677476015994735,False
20528,4.467492980426483,False
6375,4.467467260184215,False
18539,4.466140330971843,False
9169,4.4651389316726435,False
15534,4.464881894958065,False
18876,4.464656666340533,False
968,4.464495500386849,False
15359,4.464230603291423,False
846,4.463914746057156,False
9888,4.463800510736091,False
15093,4.463117019242951,False
9001,4.462334102478408,False
15662,4.461372766656384,False
15505,4.461169621864556,False
5733,4.4610640015592615,False
5219,4.461016233874384,False
13109,4.460894182667719,False
18550,4.460380019150804,False
12638,4.46031489199125,False
1211,4.4591291682929795,False
3080,4.457612090058586,False
592,4.457597402763126,False
3411,4.4575735039569695,False
14764,4.457119496274162,False
17482,4.457036526228482,False
18371,4.456386615577066,False
12947,4.456325715897264,False
15529,4.456164106484916,False
6632,4.45514172420819,False
4150,4.454445761831723,False
6637,4.454300374338848,False
9491,4.454226843703545,False
847,4.453599887875226,False
19288,4.451755227298872,False
4937,4.451365721746696,False
16207,4.450863866398684,False
8117,4.450663335308045,False
4726,4.450632245268224,False
20373,4.450560805419391,False
14185,4.450440547370492,False
18613,4.449244028415119,False
17868,4.449191309158858,False
1221,4.448286261323576,False
12001,4.4473614167156335,False
16779,4.446937533291699,False
15243,4.446196788000146,False
352,4.446150950219694,False
15723,4.445770319887808,False
16876,4.445450868224679,False
20555,4.445217122780366,False
2838,4.444915489339863,False
1251,4.444858148289605,False
2304,4.444297693678486,False
16738,4.44384082135381,False
7376,4.443692096423383,False
605,4.443377943691381,False
20456,4.443200329963553,False
18624,4.442483014520745,False
2236,4.442420028238507,False
2481,4.442186738318998,False
5747,4.441131275912414,False
16375,4.440992373817291,False
12279,4.440548627435346,False
17668,4.440261223548905,False
692,4.439432493349885,False
13276,4.438935502992036,False
4814,4.438409299427991,False
14489,4.438406391582227,False
236,4.438376078210149,False
3553,4.4379960350868055,False
2281,4.437652866732354,False
5366,4.4375461362523705,False
14608,4.437171967740541,False
16857,4.4367239210153375,False
14169,4.436580184208809,False
19816,4.43651611479967,False
5199,4.436486176404121,False
5423,4.4355558212775765,False
14151,4.43520527854305,False
14389,4.43517007956774,False
2149,4.4347378198042975,False
4749,4.433682088183987,False
17832,4.4331033415918135,False
17670,4.433056193390507,False
18302,4.432909998178765,False
14436,4.4327790437754,False
14707,4.432653481458891,False
9179,4.432438356796483,False
13617,4.432304512990668,False
5065,4.432117249634997,False
8062,4.431899292602285,False
6322,4.431764101931585,False
2400,4.431670235648805,False
17778,4.431052455627184,False
8113,4.4309870466409915,False
8297,4.430808564843481,False
10499,4.430668464502148,False
13783,4.430557278429925,False
12977,4.430518668971366,False
783,4.430295408920962,False
13244,4.430175528790504,False
9564,4.429594294596883,False
8115,4.429471139079167,False
20490,4.428573493165018,False
6597,4.428567506228884,False
1824,4.428456799057042,False
1488,4.4281253147454205,False
8911,4.427839942237737,False
19353,4.427724458588795,False
17222,4.4268604465997425,False
14223,4.426739814436111,False
19643,4.426666320355414,False
15954,4.426584675503232,False
890,4.4260423944,False
11530,4.4250431135888455,False
8063,4.425007407652997,False
10822,4.4243385302075815,False
11457,4.424211298951517,False
10364,4.4236669902203785,False
17051,4.422893196097595,False
14849,4.4220356053013745,False
9787,4.421570022605032,False
19943,4.421052509963383,False
4693,4.420861321074971,False
9894,4.420511998439762,False
136,4.419893672676817,False
14731,4.419225633090484,False
9732,4.419111216276232,False
12107,4.418310663450968,False
9280,4.418124357572502,False
12599,4.418061956829806,False
18142,4.417466479085402,False
12237,4.41571580257712,False
15714,4.415593596059665,False
9947,4.415327674025281,False
4334,4.414988141042528,False
9438,4.414952749679014,False
14034,4.414799027461122,False
18467,4.414160915791285,False
16102,4.412829215972874,False
13668,4.412780308347357,False
18394,4.412541503699983,False
11385,4.410592829595409,False
13727,4.410441965472536,False
4979,4.40973943871337,False
20444,4.4092110753909814,False
17054,4.409030885620014,False
4996,4.408065427822107,False
12749,4.407854153897301,False
10652,4.407048094225771,False
1212,4.406799294961146,False
20371,4.406683799638001,False
14289,4.405635719039456,False
5465,4.404976915849995,False
16210,4.404040918917669,False
9921,4.403730500451598,False
12594,4.40309450650377,False
2365,4.4029404867287285,False
8990,4.40277023717598,False
11929,4.401982633808226,False
17259,4.401803872097335,False
4113,4.401612204477313,False
79,4.401086066229164,False
13931,4.400886654604892,False
19262,4.400858283781439,False
19429,4.400468474197775,False
16863,4.39901711030287,False
19905,4.398648064802495,False
16034,4.39826832824755,False
5109,4.398196058761073,False
14309,4.397898903360749,False
4705,4.397435691147303,False
19131,4.397328286270234,False
9617,4.397012211012989,False
13286,4.39697022786922,False
19358,4.396756675211073,False
6596,4.396744927211116,False
19934,4.396159660679793,False
11927,4.395162913452825,False
1464,4.394281817024291,False
18301,4.393991405967778,False
1466,4.393899650703737,False
3807,4.393852086243353,False
14533,4.392243533931673,False
18299,4.391245398489026,False
9446,4.391195076367415,False
18932,4.390628199945521,False
12462,4.390532742051214,False
10454,4.390482014060766,False
20170,4.390112681848027,False
16032,4.390044755740254,False
9078,4.3891019506674755,False
10128,4.38896687236158,False
12012,4.388731036949697,False
10552,4.387354077458391,False
5238,4.387215756135182,False
12786,4.387048766848294,False
3759,4.386917800959325,False
18571,4.386546190837724,False
19535,4.386060621181153,False
9635,4.385993051257482,False
1548,4.3859605285757794,False
14954,4.385540567485673,False
16532,4.385441244229816,False
4436,4.384671880690081,False
17862,4.384298003222227,False
1516,4.383591055879862,False
9722,4.383487987313796,False
17642,4.382490061979566,False
11274,4.381701773635731,False
7333,4.3812951800553455,False
11467,4.381271074681583,False
16829,4.381258308904034,False
11306,4.380428217372207,False
2406,4.380263232736003,False
4684,4.380017933764785,False
20568,4.37938842794163,False
1829,4.379107386289469,False
13641,4.3790816688788174,False
12153,4.37872527816202,False
12960,4.378052358398356,False
6830,4.377789786734519,False
17882,4.377664974456776,False
6595,4.377426979025388,False
13569,4.376981292700482,False
13297,4.376947246312353,False
14461,4.375931106502595,False
19463,4.375554462052427,False
18592,4.374932939023566,False
4330,4.374894146086696,False
19354,4.374859668314379,False
18481,4.373987128880453,False
12741,4.3720490624683235,False
4134,4.371415335793323,False
4381,4.371160186609321,False
17815,4.370967475335162,False
2299,4.370770972548902,False
3092,4.370655444783784,False
14510,4.370495076941417,False
4321,4.370038789144539,False
13851,4.367847275802261,False
9530,4.367684496207701,False
4251,4.367621596450407,False
15395,4.367360417121576,False
609,4.367156598405643,False
15386,4.366855377074264,False
15088,4.366397602434862,False
4528,4.366360137352935,False
786,4.366307168154124,False
17565,4.3656068790099525,False
20040,4.365510233688487,False
19330,4.365049504908001,False
5774,4.364748020019276,False
5220,4.364217122664399,False
3148,4.36353182403261,False
19406,4.363438960298739,False
2976,4.363102828368752,False
1403,4.362785746060318,False
10850,4.362709200412778,False
19225,4.362659030139181,False
8208,4.362638316145865,False
245,4.3625849962392955,False
19651,4.361921983005745,False
1997,4.361415231875235,False
10815,4.3613328989557365,False
20560,4.361309131450849,False
4707,4.361124404928448,False
19859,4.36017379292394,False
15468,4.359813802943519,False
16753,4.35904802660453,False
4664,4.358183523854814,False
4231,4.357979450283116,False
20206,4.357774440745639,False
11597,4.357473023380726,False
13575,4.357321670166791,False
9322,4.356750590989442,False
10675,4.356044789622818,False
14023,4.355271179357571,False
3091,4.35481764312843,False
19940,4.354129041077365,False
10793,4.353844474204636,False
2995,4.353771017144789,False
16778,4.353739004468263,False
16974,4.35348682476903,False
17926,4.352748215465347,False
2345,4.352663409870414,False
13509,4.352615766240387,False
13018,4.35192373227061,False
12975,4.351446613155793,False
10846,4.351399398138893,False
660,4.351398308307381,False
10958,4.350944897926323,False
14150,4.350592997007361,False
3088,4.348778095329816,False
20511,4.348647305443159,False
16923,4.348416395656676,False
5191,4.346830679478448,False
2936,4.346751814680694,False
17228,4.346631941167631,False
5402,4.346594076987315,False
14855,4.34657252175991,False
12512,4.346101255447182,False
17575,4.345440670821887,False
6973,4.345305302118917,False
19193,4.344198069486183,False
14276,4.343252499679069,False
20284,4.34271406635531,False
10923,4.342209851404623,False
14364,4.341991809463741,False
12643,4.341861598536306,False
277,4.341716140023767,False
19265,4.341646173942927,False
6575,4.340592781962719,False
4888,4.340472937375353,False
5761,4.3403565883083,False
19199,4.340022251659732,False
15936,4.340003438588035,False
4256,4.339337014656113,False
14836,4.337868877932413,False
9514,4.337079588379634,False
15469,4.336970811176029,False
9439,4.336954815020529,False
12892,4.336887083292711,False
14643,4.336730870120347,False
15122,4.336588852140485,False
14795,4.3364715383007955,False
13593,4.336434479648208,False
8077,4.3355409035557635,False
4912,4.334780376863959,False
14407,4.334618968090223,False
5491,4.333802438391525,False
1627,4.3328543613939505,False
4809,4.331764256199132,False
19308,4.331421527521194,False
16231,4.331160683079588,False
5437,4.331084416633561,False
13471,4.331040213662756,False
16427,4.3310288982567196,False
20196,4.328779608766938,False
19200,4.328486533332228,False
3275,4.328165974297846,False
15398,4.328154181384793,False
13057,4.3279313535980855,False
16958,4.32779089631922,False
10550,4.3273698337138535,False
13549,4.327198558664935,False
8287,4.325722662194211,False
325,4.325553312090369,False
12773,4.325117683521313,False
8660,4.325047756557266,False
4421,4.324876454842657,False
17207,4.324248921959825,False
9449,4.323948620908581,False
5073,4.323324203572668,False
7198,4.3230428697066525,False
16528,4.322755891752171,False
15304,4.321004943312278,False
14638,4.3203365581681314,False
14041,4.319205893116333,False
14367,4.319101762211232,False
16286,4.317802262479406,False
3247,4.317082236937997,False
19461,4.316767418770671,False
12716,4.316247950077783,False
2499,4.316031170999699,False
19415,4.315862997473173,False
16281,4.315684752331737,False
18422,4.315602907686239,False
14218,4.31546971883391,False
20177,4.315398565187735,False
2170,4.315327020149259,False
7340,4.313581417049893,False
15564,4.313302841787401,False
15453,4.31253246688317,False
16964,4.311911281263175,False
16337,4.311707260614693,False
12297,4.3113344213594935,False
18587,4.3110547715695295,False
19728,4.310902973149277,False
4608,4.3100456139669685,False
4567,4.310023375913699,False
18016,4.309920754487784,False
6956,4.308999712245311,False
4706,4.308951178350764,False
390,4.308671477838116,False
9745,4.30851939458904,False
9408,4.3080385561122565,False
10976,4.307934350335261,False
12463,4.307707311832961,False
19100,4.307443848243183,False
15971,4.30725876574739,False
20182,4.306999898538891,False
4284,4.30586694144147,False
9725,4.305663711931276,False
12675,4.305139595163143,False
4408,4.304810470526184,False
5171,4.303380741297548,False
19020,4.301756741291925,False
15990,4.301177363426989,False
13819,4.30064943716132,False
9377,4.300445692943649,False
16486,4.299475313457831,False
11473,4.298724946632136,False
10125,4.298389553828933,False
5079,4.298288856924392,False
16952,4.296362851761998,False
16100,4.295834376661368,False
11419,4.294753192300054,False
14075,4.294055914742103,False
4532,4.294047293993317,False
18314,4.293463879259063,False
7323,4.291946664470132,False
11595,4.291794250048181,False
18047,4.291384496071924,False
19114,4.290972522499285,False
18344,4.290877477112044,False
5530,4.290644612677222,False
11249,4.289593992786048,False
14183,4.289282620270196,False
3567,4.289066124197888,False
18511,4.28874673696089,False
19232,4.287819622133377,False
5778,4.286974193874952,False
2137,4.285510453170886,False
14780,4.285165409473148,False
7768,4.284729832204164,False
4697,4.284382043165822,False
13210,4.283958086874537,False
14460,4.283770894281425,False
5240,4.283568350636514,False
4644,4.283524622618067,False
5268,4.283449537002654,False
4526,4.283281416768439,False
1772,4.283185061032613,False
8727,4.282858233044259,False
4471,4.2825739240883935,False
2317,4.282378989378632,False
1990,4.281448141854857,False
20385,4.28005996431347,False
14345,4.2794011992963235,False
18343,4.279020564260826,False
9332,4.278538793315551,False
17498,4.277761481899355,False
7218,4.276562992655151,False
5831,4.276464419542226,False
13774,4.2756667302762015,False
295,4.275299865013183,False
14219,4.274983773730035,False
16465,4.274546230256226,False
13734,4.274466035268093,False
14106,4.2740336737737135,False
11446,4.2731539381786074,False
19471,4.272964301197301,False
1598,4.270763833422194,False
853,4.270748802727942,False
20573,4.270604211658204,False
5218,4.270072588937998,False
213,4.2690939189134625,False
9314,4.268621644610892,False
13110,4.268505673854924,False
19224,4.268252314899723,False
9032,4.267530792567632,False
3304,4.267324893882272,False
15974,4.266035649061955,False
1264,4.265850146215264,False
14956,4.2657209418838224,False
943,4.265518607754606,False
1042,4.265504449746674,False
1486,4.265423223039816,False
18569,4.2651031923856255,False
4243,4.265061894179112,False
8400,4.263830418769508,False
12829,4.263362006241341,False
18369,4.262668975442825,False
5028,4.2624827933123015,False
5518,4.261880567530518,False
9274,4.2618439999798206,False
14633,4.261535548936809,False
14168,4.260944221434249,False
19036,4.260846747352007,False
9422,4.260235732672889,False
17626,4.259928206147334,False
4326,4.259881341928221,False
13625,4.2589640502331765,False
19351,4.25895701703331,False
1677,4.258816069614152,False
14531,4.258674327782684,False
9343,4.25866215088122,False
11160,4.257889000762924,False
17908,4.256745002101624,False
4213,4.256138832078139,False
5661,4.255368311186689,False
5209,4.254883691635534,False
713,4.254693857092688,False
17746,4.254533528840087,False
2449,4.25405867536618,False
20289,4.253884351847829,False
9770,4.25384952527655,False
13196,4.2537263841102675,False
1389,4.253650575405624,False
2865,4.253549839244038,False
14790,4.253214106402584,False
7153,4.252763984065895,False
4998,4.252729183093468,False
12788,4.252663963009289,False
4255,4.252195075331437,False
17680,4.251920617991833,False
8691,4.251784642388905,False
14645,4.251273321497326,False
17984,4.250613530140242,False
1307,4.249472221534255,False
7587,4.248796023965209,False
9866,4.248766815139897,False
10295,4.247900079303307,False
4727,4.247813976898067,False
10955,4.247784278349199,False
17189,4.247426793928794,False
188,4.2465313458954075,False
10894,4.246012969602508,False
17816,4.245578064340547,False
9913,4.244550056636767,False
9910,4.244499970474482,False
13469,4.243649425425948,False
1222,4.243648726638076,False
4188,4.243030115952019,False
8837,4.24260655953205,False
13644,4.242587339885778,False
18271,4.242476575403579,False
1374,4.242023063334097,False
14511,4.241440882329854,False
8865,4.2405089714847914,False
4967,4.239761657502905,False
19892,4.239709199352328,False
6371,4.239122148043496,False
15476,4.238618771194105,False
13782,4.238221528444228,False
4955,4.23713916358135,False
6412,4.236809058316028,False
14021,4.2366136052382934,False
19065,4.2365127839651535,False
17963,4.236512082220591,False
620,4.236196170465266,False
3034,4.235696535763092,False
11334,4.235616784918912,False
3451,4.234416775630335,False
5849,4.233707047121195,False
14732,4.233632953862912,False
19831,4.233418030657542,False
5722,4.233067377617649,False
5484,4.23300682591375,False
14198,4.232174434860802,False
3808,4.231595509597698,False
7211,4.231333739761568,False
13117,4.231313860770394,False
2231,4.23034956018991,False
6079,4.229754958853757,False
7384,4.229339413642032,False
19228,4.228857958769602,False
17003,4.22773498555258,False
20387,4.22754030587728,False
4734,4.227385516919945,False
12714,4.2271959754565325,False
6676,4.227040387408796,False
3454,4.227039231590462,False
18293,4.226937336807122,False
17499,4.226835791169596,False
20466,4.226407596691718,False
8431,4.2263515441715676,False
13610,4.225617286543181,False
14227,4.225383329721568,False
8119,4.225188928642443,False
1615,4.225163271405613,False
17787,4.224655746186421,False
16944,4.223997283221099,False
17856,4.223322994344837,False
2324,4.223096400560009,False
11155,4.223074023609402,False
806,4.222812006939391,False
9912,4.222419173125434,False
18395,4.221647114794025,False
4276,4.221641858028221,False
14758,4.221527638957912,False
15555,4.220899955325821,False
13690,4.22057553517492,False
9341,4.220240240121294,False
7491,4.219913624199582,False
8121,4.218764301610036,False
15119,4.218701991094395,False
120,4.218439039972253,False
3687,4.218295359169897,False
5084,4.218158954458852,False
7934,4.2171172364907,False
12857,4.216897403398571,False
4549,4.216615646939834,False
14695,4.2165306646500085,False
4969,4.216351969623135,False
15715,4.215458912489533,False
4257,4.215188174613597,False
9700,4.215139779474489,False
17311,4.214750423008957,False
1217,4.214539616672622,False
16112,4.213886467912353,False
5400,4.213735894051698,False
270,4.213375838272976,False
4837,4.212627157558218,False
2148,4.212309032218965,False
9353,4.211713229642108,False
5880,4.211389552642577,False
18945,4.211288144946806,False
19726,4.208885290903259,False
12865,4.207616496160709,False
3484,4.207448470569803,False
1766,4.205577688425702,False
5559,4.205370920082144,False
19067,4.204843520356857,False
16853,4.204762862362564,False
17195,4.202949697798399,False
14113,4.202620381927687,False
539,4.202293527724846,False
8430,4.201366976946167,False
3217,4.201207812210321,False
14127,4.201106095598362,False
20320,4.20095367304897,False
19867,4.200749513814826,False
5335,4.200261979395055,False
15937,4.199568137822311,False
15356,4.199021998407619,False
8230,4.198582429199577,False
9584,4.19648135335048,False
14217,4.196360735871641,False
6347,4.196144977361424,False
16096,4.195314857415658,False
12185,4.194073042348872,False
5473,4.1940573646126085,False
12879,4.194012458219532,False
16955,4.193680202784204,False
16927,4.193554831431868,False
19853,4.192818091740433,False
1531,4.192794743411426,False
16371,4.192396058855727,False
9929,4.192194962902249,False
9211,4.191952136899949,False
18568,4.191774281504103,False
934,4.191704756371207,False
13187,4.19133909777458,False
19661,4.190722159438721,False
8764,4.189889541991074,False
18660,4.189321336940047,False
8887,4.189282041672108,False
14297,4.189020964464749,False
17828,4.188802554872232,False
9864,4.188682600008368,False
662,4.188193055268503,False
5111,4.187671548149842,False
18007,4.187152928360556,False
16254,4.186835945565732,False
566,4.186833116828341,False
1267,4.186287616449752,False
15031,4.186179086714786,False
1375,4.1861660134367344,False
4748,4.186154932546351,False
14872,4.185583199934296,False
4060,4.185298271036734,False
14091,4.185165898460657,False
8210,4.184687501210963,False
1777,4.1844966980229295,False
4001,4.184468763118413,False
18105,4.183706169310032,False
19379,4.182814991968463,False
19562,4.181812946749924,False
14140,4.180613942516555,False
12739,4.179875752014982,False
17896,4.179103334757906,False
1609,4.178173914970838,False
910,4.177864268902079,False
18452,4.177164714197406,False
16234,4.175823783402653,False
13256,4.175379819206179,False
20254,4.175364295737892,False
6449,4.174889246717453,False
3471,4.174698259980815,False
8220,4.174092377883717,False
15569,4.173993949675246,False
16167,4.173319881775196,False
3259,4.173194451905353,False
9615,4.173113191003706,False
1487,4.173027706327142,False
16380,4.172986581869186,False
13461,4.172939534691072,False
1666,4.172667000183557,False
4000,4.172594044044491,False
6142,4.172520382426322,False
1778,4.172513719528096,False
4838,4.171887602285433,False
13136,4.171611828292922,False
14969,4.1710672177746915,False
19878,4.171027814940765,False
10371,4.171000468699817,False
12891,4.170481501871969,False
14092,4.170073343272836,False
12719,4.169566526675643,False
13723,4.169066806615783,False
8868,4.168731188110662,False
4646,4.168667799193065,False
9928,4.168227086084199,False
2096,4.1681026228848514,False
14590,4.167518657633821,False
16109,4.16700904557651,False
6965,4.1663106151532485,False
17082,4.166300162552627,False
14640,4.166252272193493,False
13702,4.1662342817460445,False
13061,4.165826144691758,False
15392,4.164810012609825,False
4278,4.164647091248602,False
918,4.163296520806297,False
14450,4.162671708135698,False
17244,4.162197023136257,False
12149,4.1621241316621695,False
5616,4.1616273337254945,False
19078,4.161541944349693,False
1571,4.16106305258708,False
284,4.160390259362986,False
1040,4.159992439826725,False
13009,4.159718613245675,False
11918,4.159701532873117,False
5126,4.159219447878175,False
18995,4.159160663415854,False
17034,4.1589270605100825,False
13609,4.158448323336821,False
8539,4.158422787999491,False
14629,4.15835284719209,False
7280,4.158265303396697,False
16343,4.158044621779821,False
13722,4.157241571372742,False
2399,4.156846333866033,False
2347,4.155693982190021,False
6635,4.154874205544709,False
7598,4.154595065868889,False
9699,4.154186856498312,False
14573,4.1537839112975465,False
20343,4.153590052695371,False
16290,4.153406041387538,False
12235,4.153342178277267,False
7414,4.152537714270188,False
19264,4.152440084023976,False
13682,4.152343597368487,False
17943,4.151596858118962,False
14293,4.151076158998775,False
14893,4.150991656404919,False
15150,4.150863762334058,False
6529,4.150105781445246,False
15515,4.149711218813005,False
6008,4.148987155933639,False
19123,4.1484467565916425,False
17025,4.148422151416325,False
13414,4.148034582390988,False
16812,4.147666037807491,False
14189,4.147605667440548,False
17733,4.147191156981604,False
19401,4.145403025062612,False
19277,4.145331813704164,False
12698,4.144693228570408,False
6337,4.144505917184903,False
12679,4.144458374867173,False
432,4.144083786141566,False
2071,4.1438545855063875,False
8916,4.1435762995539775,False
17030,4.143252105872387,False
9589,4.142970759788703,False
12642,4.1426070765580105,False
238,4.142575230089797,False
19879,4.142203041334565,False
19631,4.142185125695439,False
10900,4.1417816251936745,False
5522,4.141656491095546,False
18187,4.14133883500306,False
2384,4.141190568301584,False
7774,4.1407465959432574,False
8789,4.140181142011233,False
11694,4.1398989602719425,False
643,4.139486725979413,False
9006,4.1390299190858,False
12644,4.1389359576590525,False
16959,4.137805319995277,False
13572,4.1361296720489396,False
13438,4.13590476644424,False
12678,4.135525638908423,False
17880,4.135091166508049,False
11769,4.134865473608261,False
14940,4.134823414409389,False
6043,4.134693079870091,False
6678,4.134258530927607,False
2895,4.1340790784497425,False
20235,4.13395253539505,False
9435,4.133537977700984,False
15212,4.132654271936374,False
9301,4.13263280349072,False
4916,4.1321529803544985,False
18222,4.132149064672879,False
6332,4.131964361580293,False
13559,4.131359452871072,False
1537,4.131177253661571,False
16897,4.130997344365964,False
4470,4.130606835888774,False
17608,4.130272854140839,False
17604,4.1278905196988,False
2440,4.127791587594413,False
6205,4.127620791133879,False
373,4.127310650089793,False
19261,4.127128740147583,False
4733,4.12537718603529,False
337,4.1249138432278425,False
15836,4.124041950391311,False
14902,4.123800618678061,False
13680,4.123769872315021,False
19054,4.123239311577533,False
3135,4.122949115490773,False
15583,4.122461430402543,False
2249,4.122226062551638,False
13613,4.121590384543133,False
1269,4.121580375787297,False
5138,4.121481293882362,False
4823,4.121036958270885,False
3689,4.118144338256796,False
9590,4.117318483387823,False
6762,4.117061338132208,False
9891,4.1168243420535475,False
633,4.116777819208606,False
10767,4.116553095896777,False
13538,4.116385831945295,False
15373,4.115956943202823,False
16751,4.115775222483574,False
15525,4.115743326523882,False
239,4.11540642127283,False
18426,4.115256451701707,False
5064,4.114957167464471,False
18658,4.113800090383512,False
14371,4.11194434230071,False
8747,4.111380659478716,False
20154,4.111013842295672,False
13756,4.110889051965321,False
7150,4.110313696203419,False
16226,4.110174394896525,False
20150,4.109702010800085,False
14415,4.10968704816218,False
4692,4.109518687160875,False
13850,4.109396134542009,False
1245,4.109282147021871,False
727,4.108808273897761,False
19184,4.108025356516597,False
13647,4.107992289766167,False
5024,4.107170977461461,False
19832,4.106981277028611,False
18383,4.106945022544995,False
18408,4.106789338666047,False
355,4.105909795022988,False
14813,4.105380861960185,False
16503,4.104763999892739,False
874,4.103668283597205,False
17501,4.103308246074635,False
12159,4.101659901889482,False
20198,4.101585723800823,False
18117,4.101326279027932,False
20277,4.10121849881995,False
12003,4.100998686590157,False
19146,4.100333714985837,False
19082,4.099122628651541,False
9371,4.09837840869119,False
15353,4.098285985752717,False
2242,4.097941547539873,False
19411,4.097814089673097,False
20576,4.0977900166385925,False
1283,4.097437539388654,False
4295,4.096929935944765,False
12946,4.09657128755599,False
5850,4.096361120598623,False
1674,4.096046794443884,False
9433,4.095621917089183,False
7227,4.0955604224621736,False
954,4.095518731641823,False
4892,4.094906498091489,False
10979,4.094719912558131,False
13696,4.094696828498311,False
9218,4.094514912427921,False
20116,4.094448220538996,False
9963,4.094164556520894,False
15539,4.0936689424364605,False
15368,4.093491478212474,False
12710,4.093392997462416,False
8647,4.093371867414836,False
8123,4.093122518220567,False
13088,4.093012382246506,False
17508,4.092695640356381,False
15315,4.092566085778626,False
2006,4.092496443058412,False
20340,4.092413915445959,False
9053,4.09157873398277,False
19841,4.091327268616944,False
9268,4.089908310067289,False
2260,4.0888390483582615,False
7304,4.088670796108341,False
4493,4.08866770111177,False
12903,4.088587815452417,False
18454,4.087861295131866,False
19283,4.086913539142351,False
4529,4.086224466201659,False
628,4.085524465953048,False
17125,4.085329672341061,False
8388,4.085179840855067,False
16439,4.085089907369925,False
809,4.0846884324032064,False
4173,4.084348567177754,False
1273,4.083998984781407,False
11014,4.083442429208288,False
20579,4.082732395272207,False
16263,4.08244114375355,False
15471,4.08155954739787,False
9772,4.0814832583039955,False
12091,4.0810116501654585,False
11253,4.080206871731592,False
13804,4.0799842605526555,False
8774,4.079980408203607,False
5521,4.0799561770664825,False
12584,4.0793702905274225,False
13435,4.078754866298347,False
20175,4.078158348784428,False
9335,4.077762261284896,False
11342,4.077236213162615,False
288,4.077139895126356,False
4317,4.077104455729907,False
14053,4.076009099392357,False
12797,4.075885275943156,False
10382,4.075231829772152,False
1825,4.075122197311547,False
5489,4.074864846807133,False
13598,4.074817504717613,False
13801,4.074734512632393,False
9258,4.0742542919398845,False
4906,4.073211201371018,False
16212,4.073190847018032,False
13503,4.072653022803899,False
17114,4.071854265544523,False
14143,4.071777117275024,False
233,4.07136076608176,False
5197,4.070277228240257,False
16103,4.06999373566374,False
8693,4.068517694527536,False
17759,4.0682041887703955,False
111,4.067283636772867,False
1526,4.066787441909449,False
16850,4.066328770277764,False
6967,4.06596937763592,False
9704,4.06550669810249,False
19083,4.065329533196277,False
13278,4.065030898110782,False
14977,4.06430283055057,False
9740,4.064079903277312,False
10330,4.064012811203234,False
17091,4.063622563821621,False
16796,4.063253260120332,False
18508,4.062880885395602,False
12966,4.062861790359186,False
18013,4.062571761233793,False
19497,4.062002429246426,False
7897,4.0612948109675235,False
392,4.061124750673066,False
469,4.061053588442823,False
6448,4.060449015260049,False
8745,4.059698169420722,False
14346,4.058394280304787,False
222,4.058291889075942,False
1407,4.058140050930929,False
16106,4.058119043456527,False
15396,4.058103143243116,False
16467,4.057412953408812,False
14745,4.057150626070603,False
2005,4.056911501118665,False
16250,4.056015967831639,False
10607,4.0545371965736505,False
5748,4.054490137826781,False
701,4.054046649750033,False
4196,4.0539555725390395,False
4122,4.053130329680799,False
14071,4.052994482554819,False
18429,4.052235051251474,False
13492,4.051462979849237,False
16086,4.050733951423114,False
10818,4.050221138475338,False
6683,4.050192953986967,False
14883,4.050000097473649,False
14162,4.0496681117178195,False
7902,4.04932971848313,False
3326,4.049243375798117,False
15301,4.048633411452466,False
9510,4.0484290889952455,False
7971,4.047331515116939,False
10124,4.046742968634547,False
15255,4.04650201965796,False
822,4.046430050656088,False
11996,4.0463870885865445,False
13323,4.045732288423218,False
19049,4.045689649889927,False
5086,4.0455901348832155,False
18102,4.044089204327079,False
994,4.0433717703014995,False
10953,4.042842915702221,False
12618,4.042243279198756,False
17016,4.0420539850368264,False
14789,4.041697545775898,False
16954,4.04126405836384,False
9984,4.041257608542658,False
5799,4.0411041176246805,False
14952,4.041080663049598,False
13603,4.041069104816891,False
13689,4.0399989626638515,False
12820,4.039985448673646,False
14815,4.038853635972382,False
6852,4.038701144426668,False
19194,4.038539552491589,False
17614,4.037613316962377,False
9562,4.037052346385732,False
8319,4.036550578806969,False
18650,4.036356705402467,False
19634,4.035887254598707,False
19931,4.034983599987747,False
5439,4.034092891503921,False
14888,4.034085544110102,False
11601,4.0339119077530246,False
2233,4.0337751961748065,False
12242,4.0336182330298715,False
14477,4.033475027360884,False
3010,4.033129392078963,False
8308,4.033001259598976,False
13167,4.032808542711421,False
9723,4.032317496120786,False
14809,4.032299473420148,False
10825,4.031957759897991,False
8040,4.031753143819767,False
3187,4.031608249076957,False
18688,4.031267945905968,False
4452,4.030428541205589,False
2433,4.030096071460964,False
7557,4.029650781282733,False
19612,4.028057450038752,False
861,4.02753198551782,False
5137,4.027478630538273,False
8997,4.027442046752633,False
9288,4.027237060631094,False
258,4.026367561362891,False
11035,4.025962166285628,False
9959,4.024706595201867,False
12573,4.023597883227714,False
8964,4.023046388233192,False
20287,4.022698471332241,False
10243,4.022175375152941,False
9761,4.0218768870563135,False
6862,4.021785799484709,False
14496,4.02149532640586,False
8650,4.021495007703534,False
12796,4.0213901551170865,False
12764,4.020805542647386,False
2823,4.019493753469773,False
342,4.019452754451798,False
9600,4.019296390695608,False
20043,4.018530563301054,False
448,4.018529283553828,False
19852,4.018387530569125,False
11117,4.018287179881401,False
14569,4.018171346685463,False
11526,4.017441483192741,False
237,4.017244061412164,False
4890,4.015978316510449,False
16866,4.0154439331749145,False
12839,4.014881085406356,False
5118,4.014319801713871,False
1759,4.014061367274062,False
19385,4.013899910980335,False
15338,4.013113893324948,False
5334,4.012693521983868,False
20520,4.012534101170545,False
13315,4.012382381654199,False
17729,4.012077510700796,False
7483,4.011703706363674,False
2205,4.011333573812271,False
18435,4.011199564679271,False
9551,4.010951199318333,False
17058,4.010835550760394,False
13162,4.010735712015942,False
14507,4.010641102696264,False
276,4.010422222442168,False
5036,4.010413643016038,False
8493,4.010289831484,False
10457,4.009824531962262,False
5891,4.00945936056951,False
12843,4.008738128922205,False
1779,4.008614570297038,False
359,4.008589713666931,False
3029,4.008114207132313,False
14596,4.007534029059649,False
1503,4.007368123764868,False
19298,4.007268632426513,False
19012,4.007160742780814,False
9235,4.007060295041548,False
4948,4.0066550830581225,False
11690,4.006414348963646,False
9630,4.005788414441548,False
19072,4.005729707888555,False
16456,4.005581509670051,False
375,4.00552038908179,False
15020,4.005502739482065,False
187,4.005219460115056,False
16093,4.004465445054867,False
2327,4.003813883828705,False
18212,4.003562711679201,False
13542,4.002977355012304,False
5227,4.002750797454526,False
18130,4.002493680168714,False
3231,4.002093936686801,False
14544,4.001805276314743,False
14099,4.0017828557052475,False
16864,4.00056038960067,False
2897,4.000454311267996,False
15008,4.000009492333145,False
17693,3.9999945137694786,False
14609,3.9990155797457536,False
14077,3.9989630936929927,False
9576,3.9987894314669825,False
8587,3.998190284142744,False
10594,3.9979416410707658,False
427,3.9977867931184683,False
19871,3.9970324279899216,False
18133,3.996685092375257,False
9575,3.9961781510801204,False
12621,3.99437619006338,False
17204,3.9941188340118576,False
17872,3.9933009967607447,False
3132,3.9928084974215325,False
10486,3.992356192809167,False
11415,3.992030430796653,False
10586,3.9916243955150406,False
6777,3.9903599672170764,False
324,3.99023038669786,False
8353,3.989886243286255,False
11399,3.98937764043703,False
5110,3.9883696689424624,False
19282,3.988099829789789,False
16830,3.987886476984194,False
17026,3.987429774003445,False
11043,3.9860038822260977,False
17662,3.9858376131008235,False
18095,3.985194454674456,False
19909,3.98514403942304,False
17934,3.9851250418151345,False
18173,3.9845828054027006,False
10919,3.984349270562297,False
8347,3.983837687406926,False
2105,3.9836487292133884,False
12888,3.983406936632833,False
19079,3.9833457668308316,False
987,3.9827319836451167,False
4805,3.9823043078530524,False
17799,3.9816926479390142,False
13267,3.980833690940943,False
7264,3.9804632453516424,False
1781,3.979847158602773,False
12972,3.9791959971940436,False
12765,3.9790297828374515,False
17605,3.9784154655394177,False
1276,3.9782970621608023,False
1298,3.9774989298941836,False
15200,3.9767038038216,False
14642,3.9764677150696457,False
12574,3.9762904639957988,False
18304,3.975838047276982,False
14605,3.9747610690738213,False
20581,3.9744489468394626,False
12840,3.974352500240885,False
18255,3.9736429176087533,False
2284,3.972557524502452,False
12655,3.972380802207394,False
16965,3.9723551785496003,False
14786,3.9721939893048432,False
2234,3.9714844829880627,False
19656,3.971447196738662,False
5590,3.9713815408431867,False
18682,3.9712881407248153,False
13477,3.9711128927757002,False
296,3.9710048630404504,False
5093,3.9703228510218245,False
5132,3.970301130865934,False
12763,3.9700967484906844,False
19665,3.9699689008328813,False
14195,3.9689361706965514,False
3340,3.968791054273268,False
9312,3.9679686884177894,False
7276,3.9679652181016394,False
7867,3.96686273182876,False
13134,3.966225947527146,False
5624,3.9661221720341553,False
13601,3.965190788090297,False
15332,3.964194936914753,False
25,3.963670574497227,False
4432,3.9636681104144147,False
19209,3.963417243010724,False
10911,3.9631650473123794,False
13709,3.9625201713399054,False
5410,3.962385884327282,False
7493,3.9618634418956242,False
11561,3.9614021455064146,False
17725,3.9610606071323256,False
758,3.960666115086134,False
16760,3.960373957778181,False
8031,3.9600848032360085,False
20258,3.960081740311624,False
12836,3.9589922903385135,False
15295,3.9589108125671366,False
4041,3.95745922713226,False
240,3.9571714862297007,False
17987,3.957009472233624,False
4500,3.9560787669771447,False
11453,3.9560431114459407,False
18315,3.9557061190748932,False
9336,3.9554143170479854,False
12608,3.954983896097448,False
2080,3.953968814198111,False
17706,3.953841251000469,False
16983,3.9537818417039823,False
14943,3.953580472717455,False
3123,3.9532481288572945,False
9155,3.952314766256865,False
15027,3.9517396739958457,False
756,3.9508033613343176,False
3932,3.950566204192512,False
5890,3.9494012050616036,False
12652,3.949300504645487,False
16346,3.9464062739688544,False
16463,3.945392413914906,False
13437,3.9451580234969468,False
17097,3.9450392750409566,False
13434,3.944883274178652,False
376,3.9440542107154286,False
10872,3.9440454300575105,False
20357,3.9439944134640084,False
14623,3.9434415328950863,False
891,3.943334958596477,False
20326,3.943121468323791,False
16001,3.942820271654343,False
19064,3.9428139833308578,False
20239,3.94241889411329,False
8614,3.9422480096867503,False
449,3.9418723685057664,False
14074,3.9414416097933653,False
18509,3.9412948082757957,False
11948,3.941156647008426,False
16101,3.9409381558547683,False
13653,3.940244798161552,False
8583,3.940064077171406,False
14031,3.939824247847273,False
14532,3.9396291869338924,False
15404,3.9392543898810057,False
5172,3.9388813310386075,False
19961,3.938356384396572,False
17243,3.938203035448357,False
1773,3.9381833076845183,False
14313,3.937525715116733,False
16475,3.9374296173496868,False
20114,3.9373099123587414,False
6046,3.9372809569953824,False
1242,3.9372587733960938,False
8613,3.9360818776927236,False
10384,3.934932129884981,False
2204,3.9344515098260198,False
18672,3.9339557439742148,False
8889,3.933650540838277,False
10970,3.933611295116872,False
4374,3.9334790977455563,False
8322,3.9334044078306527,False
7413,3.9333170169092133,False
12601,3.9332467382625467,False
11132,3.932958374299552,False
3751,3.931664801367879,False
14448,3.931663866734783,False
5430,3.931505805947851,False
6707,3.9303640309716363,False
14051,3.9301419255863763,False
12653,3.9297281578195697,False
8581,3.9294063291881844,False
14908,3.9293624490585923,False
13608,3.9293394338025784,False
17715,3.928868317194973,False
10159,3.928634297345594,False
14397,3.92816835985238,False
5006,3.9278357010723277,False
18157,3.9277984275324567,False
2172,3.9276842946963755,False
6802,3.9276516366547756,False
2352,3.927244077298157,False
6897,3.927078600848538,False
17301,3.926521151943033,False
109,3.925941267302534,False
8392,3.9253862590912525,False
6656,3.923513871566073,False
2861,3.922716275348214,False
16187,3.92180987827072,False
13076,3.921808389738284,False
17154,3.921598297778546,False
15578,3.9201664117206487,False
13457,3.9201297059139772,False
17735,3.920070311789585,False
9788,3.919670627026818,False
14112,3.9192283851715057,False
5794,3.9190829384331423,False
12949,3.9190583245104387,False
17122,3.9183555068605163,False
2271,3.9182772930174625,False
14061,3.917937174158851,False
10202,3.917349918212603,False
15052,3.9164426780897674,False
13075,3.9161174793121454,False
5629,3.916115393677346,False
14881,3.9155072096904675,False
10469,3.914819447222679,False
16920,3.914353007459445,False
1770,3.9132339299671024,False
19109,3.9125086394255817,False
5198,3.9120886887110693,False
2402,3.911842233445933,False
2426,3.911113138870274,False
15440,3.910604692422398,False
14312,3.9103265226064643,False
226,3.909766944819788,False
9931,3.909062752054929,False
9373,3.908466199291434,False
8668,3.9083525152691343,False
15367,3.9079678946701826,False
13273,3.9073047067740347,False
12713,3.9069106081918887,False
840,3.906388937292423,False
9738,3.906322450034625,False
9029,3.9062619055183343,False
4208,3.9061539315230647,False
6376,3.9060454924628973,False
17536,3.9059991638990015,False
19290,3.9058026484319655,False
12595,3.9054430508789117,False
16906,3.905410166823339,False
4964,3.9053231065761818,False
14154,3.904556980105788,False
637,3.9041448740216325,False
18491,3.903801192541219,False
20583,3.902569084456845,False
372,3.9016376019018786,False
7234,3.901160917061991,False
14427,3.9010909149416495,False
8162,3.9005616962544325,False
914,3.899715669163294,False
1542,3.8992186320744793,False
20416,3.89907466483157,False
16785,3.898508345732278,False
10593,3.89802240488666,False
6565,3.897874756905921,False
164,3.8978584112212147,False
11498,3.8974400267606075,False
912,3.8960572871453234,False
8608,3.895980979918111,False
18512,3.8959290026291047,False
19187,3.895920847695322,False
5945,3.894813648266,False
13118,3.894774095061348,False
15223,3.894742482851081,False
6698,3.89442241856473,False
13140,3.8943286532026864,False
5928,3.8935902723428817,False
11489,3.8934580956164355,False
12708,3.8933852741249684,False
860,3.89265511870744,False
18563,3.892144576860643,False
6845,3.8917937422363456,False
11533,3.891632196033303,False
7904,3.8911690803685337,False
4456,3.8908401917052164,False
9710,3.8907257834603257,False
13681,3.8901358748962735,False
17660,3.8897431347456584,False
18219,3.889411205442862,False
18982,3.8893486114492237,False
848,3.8888069827052725,False
357,3.8885606984834045,False
5784,3.8885403169819024,False
16084,3.888239662085361,False
17667,3.8873875640419193,False
17863,3.887373755926493,False
13050,3.8867791282191337,False
18406,3.8861570857124894,False
10463,3.8861357245455466,False
11250,3.885992717854138,False
5759,3.88548614042823,False
5017,3.885322019421824,False
15329,3.8849582613959326,False
14791,3.884935115825961,False
13650,3.884929365893889,False
9375,3.884337306459921,False
12229,3.8838744002796624,False
14224,3.8834698479238057,False
14019,3.8834002146837605,False
8212,3.8833815215632193,False
1416,3.882836093772271,False
5181,3.8818619127842364,False
9340,3.881501619612205,False
6572,3.881453977469905,False
228,3.8810460206611417,False
1847,3.8809302487333532,False
8943,3.880218073481336,False
19316,3.880133534601896,False
8360,3.8799642627238327,False
3064,3.87990447004916,False
13677,3.8797811971267144,False
9691,3.879403035419611,False
16476,3.87934672211264,False
11169,3.8789528060123413,False
3467,3.878943107076198,False
14294,3.878740538674899,False
17542,3.878658575389461,False
18567,3.8777440287741687,False
12897,3.877127000160984,False
18897,3.8770858514385154,False
11907,3.8766643251504274,False
5451,3.876241971789125,False
13654,3.87586639806168,False
12900,3.8756015307260325,False
19037,3.8751465290068445,False
9905,3.874732703367311,False
14398,3.874424205843434,False
19882,3.874387724282902,False
11481,3.873728405408656,False
14668,3.8734038895193343,False
17806,3.872898062738848,False
328,3.8725588968561,False
6801,3.872393402798136,False
19198,3.8719266073269587,False
13247,3.871573562928347,False
15931,3.8714209035983647,False
402,3.8706147673790543,False
11412,3.8703876880939028,False
6571,3.870234390412872,False
880,3.870091589540012,False
8,3.8691960013570608,False
20199,3.8691228053226623,False
14070,3.8689843346045656,False
1643,3.868738536433952,False
13556,3.868550504134949,False
7593,3.8685134020504144,False
4454,3.868375905447105,False
2442,3.868248168158386,False
20138,3.8680938726255776,False
13776,3.8680556335120517,False
15089,3.8679325695557836,False
5546,3.8678161537101183,False
8690,3.8675731603934156,False
18116,3.8675660353041525,False
18998,3.8663355256568916,False
14458,3.86622136405056,False
17689,3.864519719336249,False
12259,3.864366484103197,False
9953,3.8641471995611667,False
19548,3.863832467475655,False
13633,3.863599940708186,False
1281,3.863440246952228,False
14207,3.8631815534999134,False
2341,3.8628729078360706,False
4091,3.862687069533852,False
4932,3.8623777437819085,False
14701,3.8619607617282554,False
7928,3.86183105286848,False
12793,3.861592536255693,False
17224,3.8613441953307,False
13249,3.8613088470719426,False
15303,3.8612003780341855,False
16277,3.861176432347456,False
14658,3.8610861177104514,False
5131,3.860902049160024,False
6626,3.860850963931897,False
15935,3.8605904582025765,False
13616,3.859970991921063,False
5314,3.8594409047615033,False
17123,3.858804242285574,False
16800,3.8585998926371197,False
16573,3.8584932911674183,False
4895,3.858493281170036,False
10729,3.8580765807840924,False
14049,3.857696962374428,False
17230,3.857163842434714,False
191,3.8550021457332075,False
9409,3.8548390150252274,False
5700,3.8538290907276007,False
18465,3.8532989513965923,False
12088,3.8532535888601807,False
2054,3.8530324045103663,False
11992,3.8529044260603325,False
16221,3.8526015383815917,False
17079,3.8524820006462708,False
2900,3.8523645441160737,False
13595,3.8517160755347195,False
114,3.8512947575373477,False
17796,3.851262737970014,False
2429,3.8506475994503337,False
5780,3.8506462196755584,False
15380,3.85028274944011,False
15216,3.8500151001979397,False
10224,3.8492995549898343,False
19312,3.8491170460240838,False
5474,3.8487112844682407,False
10879,3.8485106672072957,False
2389,3.848407660784229,False
15571,3.848104595634414,False
11178,3.8480015799366067,False
2468,3.847820857773978,False
4367,3.8476470593716376,False
18614,3.847048519191361,False
7192,3.8467889646438693,False
18367,3.8466980076305415,False
18449,3.846665942124778,False
618,3.846629672873176,False
9523,3.8462964096073797,False
19952,3.8455133575939597,False
4792,3.8454815768160207,False
10246,3.8452329707185684,False
19945,3.845101102783512,False
15254,3.8428534113801414,False
19144,3.841646247224322,False
4497,3.8411798935070385,False
1363,3.8408826203600963,False
19919,3.840549257164714,False
9908,3.8404962471921493,False
12587,3.8404494788143175,False
4850,3.8395675113150474,False
3442,3.838595659440043,False
5189,3.8384410622481573,False
11487,3.8378837321012753,False
962,3.837698338169755,False
14916,3.8373894013080623,False
6765,3.837314569667985,False
4513,3.8367886444035957,False
13525,3.836753909213625,False
16755,3.8355861862524385,False
11911,3.8355307908698775,False
15141,3.8342354774917986,False
12893,3.83386650995259,False
18245,3.8336287995366902,False
1351,3.833467479411013,False
754,3.833090873690976,False
18552,3.832300963357861,False
17849,3.83157361169593,False
5529,3.8314610959635775,False
19143,3.831102225753199,False
17595,3.8309823887892147,False
16972,3.830642091601895,False
13252,3.830424557681133,False
15085,3.8297257803770144,False
2306,3.829193550239954,False
10685,3.8288045615453923,False
18601,3.828060338275156,False
19127,3.827983212965524,False
3218,3.8277174631720676,False
7287,3.8273441967771156,False
4057,3.826618527948683,False
4759,3.8265737090559115,False
17027,3.8263074289745305,False
353,3.825954863614628,False
11463,3.825731890374642,False
9739,3.8253055850780937,False
20413,3.8251966271378,False
2272,3.8250835405438153,False
767,3.8249791469045427,False
14579,3.824856017188621,False
12244,3.824489631722992,False
2017,3.823991263693812,False
9917,3.8235031488153783,False
8104,3.823278600767435,False
7889,3.8231073507596864,False
13565,3.8230255004701874,False
2411,3.822964387067406,False
20575,3.8219508166937217,False
1749,3.8210685754681233,False
19507,3.8210003959879133,False
3729,3.8204034639923523,False
7903,3.820068891171526,False
14711,3.8196631771422744,False
16758,3.819116099982544,False
17268,3.819099547145072,False
16425,3.8188073922676464,False
20264,3.8186771962463357,False
12232,3.8178043143042846,False
2187,3.8177554138537415,False
6304,3.8168516786631335,False
11563,3.8167494655468133,False
5977,3.8158631049531784,False
2860,3.8158540600293267,False
4412,3.8157029749650073,False
5223,3.815471122251328,False
9951,3.815455887253057,False
14257,3.8149698400602396,False
2466,3.8149564526159137,False
4746,3.8145777487935084,False
20205,3.814479180222715,False
7197,3.8144350398785094,False
16945,3.8143579670616123,False
17818,3.8140628780501586,False
1500,3.8140274033481862,False
17130,3.813555406629579,False
5965,3.8128208479263925,False
15167,3.812793837455393,False
16548,3.812589639017017,False
20522,3.8121746726790695,False
2418,3.811345268050861,False
14167,3.8112501822791636,False
11531,3.811152297741466,False
8840,3.8111499918994785,False
12779,3.8105358697406153,False
11252,3.80780836513895,False
8763,3.8077046527780576,False
15489,3.8073339925418175,False
4758,3.806386138183413,False
10461,3.8061049728804166,False
20540,3.8055953004626364,False
15725,3.8053457607436005,False
17738,3.805147169216669,False
13171,3.8050663011427206,False
14905,3.8050052483291346,False
14843,3.805002217077641,False
17755,3.80437121722771,False
12567,3.804351423169541,False
11113,3.804327108659416,False
4963,3.8042747477299415,False
18022,3.804015832714409,False
15308,3.803558032134079,False
331,3.8034722910620182,False
6511,3.8033317888871117,False
4687,3.802268598378832,False
6526,3.8019414695785048,False
20172,3.8012831029153853,False
6090,3.801070953897807,False
19955,3.800208315581793,False
18368,3.7998322304661,False
3549,3.7993570248054698,False
2108,3.799330329630216,False
19978,3.798301108869616,False
15265,3.797953723825813,False
14871,3.7974796898652716,False
5776,3.797380551138759,False
16492,3.7973757828146075,False
394,3.7969585286451277,False
8267,3.796036084809794,False
3743,3.7949536499247176,False
19355,3.794095057004739,False
4488,3.794054635254612,False
11614,3.7938341913947458,False
17546,3.7937436544961045,False
1491,3.7933312928278617,False
10097,3.7929944353523894,False
19858,3.792102425099068,False
6131,3.791457158144068,False
17081,3.791213248725059,False
10153,3.7903737030813454,False
12276,3.7897900460181067,False
15344,3.7896249136409743,False
1733,3.789325256548471,False
3830,3.789156112459982,False
9914,3.7891295319124865,False
13151,3.789012959084612,False
16208,3.788731341153098,False
12709,3.786099419546476,False
13612,3.785464913137641,False
19557,3.7845674998408603,False
1767,3.7837331361621995,False
12826,3.783532729194585,False
17200,3.783411249382235,False
17149,3.7830879860950297,False
18410,3.782881678301746,False
671,3.7828497652176125,False
17037,3.7827222699016705,False
17087,3.7825447276390864,False
20008,3.782253364799864,False
19593,3.781749279610222,False
17055,3.781626071155195,False
12090,3.7811690213046596,False
13116,3.7810946954190943,False
18487,3.7805444328326994,False
19921,3.780380711207559,False
1391,3.7801897962969626,False
4261,3.7795050949037385,False
13280,3.7792895651015606,False
17895,3.7790053879883505,False
13684,3.7789419785331013,False
7527,3.7782209481818123,False
14696,3.7779358108305345,False
6583,3.7778317840863993,False
13803,3.777381950833268,False
19906,3.7763013636870912,False
17052,3.7762405549255966,False
17220,3.775962254368445,False
20515,3.775953818308947,False
2424,3.7758135826569963,False
19518,3.775370102864537,False
12615,3.774684739073728,False
12833,3.773458127528891,False
19490,3.7728835354004735,False
9711,3.7724488839098793,False
4620,3.7723153520472903,False
18978,3.7718568053652692,False
1275,3.7711742135707027,False
17850,3.7705590828441213,False
4487,3.770512087329467,False
7692,3.7705063012105953,False
15559,3.7696385909605112,False
10642,3.7696220742380833,False
13501,3.769489856257218,False
10450,3.769114676042274,False
13204,3.7690517124441865,False
16192,3.768973639689184,False
13056,3.768568665097207,False
11435,3.768396495343831,False
6646,3.7682207952870126,False
894,3.768075390820547,False
2359,3.7677897055114564,False
7522,3.7671294326373737,False
5414,3.766966628806295,False
3245,3.7669272605606534,False
20521,3.7668774931768123,False
17137,3.7666762176989312,False
10868,3.766617446220419,False
17830,3.766527567974074,False
20139,3.766074469715611,False
13673,3.76574725580795,False
20409,3.764178262056988,False
15277,3.7641769681501485,False
18578,3.7636184975813514,False
18324,3.7632038158882573,False
14256,3.763157060556761,False
9365,3.7628655562068616,False
17258,3.7626192266478165,False
3146,3.7623256226145045,False
15012,3.761756888071126,False
7129,3.7616435597407984,False
18670,3.761356459804964,False
17133,3.7610532698720807,False
16823,3.760396024592449,False
17312,3.759821410868105,False
18436,3.7597534503635925,False
13411,3.7594782564999623,False
264,3.7588644698744336,False
2001,3.7586956532847253,False
14828,3.7579676343324486,False
19343,3.7576438734398003,False
15275,3.757477745746632,False
2330,3.757445472519775,False
11642,3.756071777012189,False
8615,3.7559988727110722,False
5488,3.755873715538685,False
17890,3.7558418293887534,False
12711,3.755667535454296,False
6759,3.7554172790690865,False
12755,3.7553337554797297,False
7572,3.75517520094063,False
15050,3.7548057913169153,False
10592,3.7544585399509804,False
9171,3.7542980706711013,False
5664,3.7539582386633334,False
19128,3.753474650364982,False
16865,3.753242300305729,False
14603,3.7530539843741817,False
10753,3.752016579372148,False
4806,3.7515194482751966,False
7184,3.751364807799638,False
7514,3.7512837922165003,False
5378,3.7509760896204836,False
16824,3.750688396686236,False
334,3.7506495113185814,False
12942,3.7502823934735927,False
11120,3.7496918619255366,False
6773,3.749031268101852,False
20441,3.7485223035274533,False
944,3.748079610787835,False
11411,3.7475755392233268,False
15454,3.7472306124872983,False
9967,3.7463498548990355,False
14899,3.746318399157815,False
2427,3.746300054225152,False
6737,3.746142736542744,False
14445,3.745555897954331,False
5627,3.7452525931225296,False
10368,3.7446108174758734,False
12197,3.7444769810763354,False
14423,3.7443099812481595,False
2378,3.7441966357418837,False
6199,3.744027804858606,False
16378,3.7437699904706623,False
13635,3.743219023342344,False
17505,3.742436287174474,False
6302,3.741905149268829,False
4656,3.741792956844684,False
5016,3.7411892206584354,False
5057,3.7403701150484765,False
1684,3.7393055328219464,False
19432,3.739261602597665,False
16781,3.7392018216408403,False
12914,3.7389101831971088,False
4978,3.7378926298011836,False
13614,3.7378587646172576,False
11231,3.737190998072171,False
10252,3.7371049163386982,False
3193,3.7370942650899925,False
19476,3.7369799671311013,False
20018,3.736911523609211,False
16754,3.736720313335404,False
8563,3.7363682431645513,False
14853,3.736362751869292,False
4141,3.7355582851296116,False
7286,3.735043975094376,False
4722,3.734352007444683,False
20542,3.734177737033124,False
9943,3.7340295359130824,False
18198,3.734016307179383,False
10478,3.7339330882323782,False
1811,3.7334625125494334,False
4214,3.7332475872331607,False
10210,3.7327311818648288,False
787,3.7326766341942097,False
13120,3.7321378948333024,False
20293,3.7321270339296353,False
8449,3.7319727472649853,False
20513,3.7318783218136895,False
12575,3.7310414757218453,False
10487,3.7294477116158857,False
8857,3.7294105005359497,False
19811,3.729261300124338,False
5013,3.7290140545832275,False
17221,3.7286121951666598,False
19862,3.7285650082374,False
16098,3.7279978129161524,False
15327,3.7275907631344634,False
18441,3.7274438836593387,False
4952,3.7274190630534147,False
9753,3.727355592745509,False
18910,3.726450036199413,False
2477,3.725829723311327,False
14825,3.7257522132530134,False
312,3.7255728790987632,False
2404,3.725323327814314,False
19403,3.7246748137253967,False
11157,3.7239629338605376,False
17961,3.72392214387067,False
20559,3.7237872897352835,False
14308,3.723678956279043,False
15956,3.7236695532009243,False
2030,3.7230079711644297,False
9727,3.7226676911223358,False
12082,3.7225049790440394,False
5038,3.7222955958019077,False
4976,3.7208356654936825,False
5155,3.7205680416059908,False
13840,3.7205380238307626,False
2456,3.720372791267247,False
20486,3.720326717422203,False
5631,3.718988858834231,False
16117,3.7186702856686935,False
9215,3.717877474985299,False
3700,3.7178754399502587,False
10783,3.717590445816252,False
10700,3.7171583246944304,False
16435,3.7165902544247293,False
16925,3.7162799462673064,False
11507,3.716247891612297,False
13063,3.715531731399616,False
19730,3.715505664680541,False
10892,3.7151855760390666,False
5516,3.7139973478994603,False
7395,3.7137572490765134,False
5185,3.7133888691930217,False
16926,3.7133286060575035,False
18156,3.712980268576116,False
17115,3.7123820219803285,False
13513,3.7116073320493914,False
13494,3.710658453540888,False
12742,3.710323791298741,False
14119,3.7094611737571412,False
1764,3.709357777323545,False
1732,3.709175627053318,False
5634,3.7089875088755493,False
14361,3.7089311003423298,False
16205,3.708666605918686,False
18036,3.707845241715223,False
15385,3.7078324343948648,False
12880,3.707160418554597,False
18309,3.706649950039454,False
19438,3.70619806402388,False
19970,3.705887603744772,False
534,3.705693251298076,False
12746,3.705693211795797,False
440,3.7055352157272807,False
17966,3.705311789507345,False
19814,3.705039542748532,False
1412,3.704895350175166,False
5578,3.704710020260571,False
19024,3.7046305684317478,False
9538,3.704539564988943,False
2074,3.7037541811490873,False
19936,3.703735503508991,False
13665,3.703475579724455,False
9270,3.70346546709113,False
1744,3.702802438939944,False
18254,3.7027247119213946,False
13708,3.7025311063978563,False
1413,3.7024637802037574,False
12909,3.701621891657693,False
7375,3.700998504865952,False
19291,3.7009730432838666,False
9724,3.700849583449995,False
16836,3.7008429691569553,False
17946,3.7006050755930993,False
6598,3.700550168755609,False
17557,3.700449308925469,False
12586,3.6999212949242715,False
5946,3.699885264178276,False
20006,3.6997434600197656,False
19023,3.699435257823156,False
15184,3.6994113720312143,False
5697,3.698762056220393,False
17096,3.698160149340124,False
1280,3.697319158262916,False
20215,3.697280485712348,False
639,3.6972497294189814,False
12684,3.6966802701654418,False
15600,3.6961223057274566,False
8339,3.6950118111501813,False
19967,3.694435332482027,False
14068,3.6940131552368953,False
12572,3.6933764045950817,False
4991,3.693141135242833,False
6615,3.6929442480584553,False
1718,3.6926288751804535,False
20126,3.692504397738822,False
1549,3.6913222722973504,False
5141,3.6908640075238646,False
17612,3.6907121925779958,False
14141,3.6905352291555626,False
3908,3.689939896611218,False
12895,3.6898813483034303,False
5876,3.6891672757512146,False
19864,3.689005293631138,False
12825,3.688540834628002,False
19545,3.6883228525169356,False
4654,3.6882288474285727,False
19338,3.6876159735155696,False
4531,3.686747922588808,False
15260,3.686543738759335,False
16206,3.686443351526248,False
7690,3.6862309745660404,False
1306,3.68589848995658,False
12905,3.685759407222206,False
6041,3.684988062024744,False
9581,3.6844203265950592,False
16764,3.683844888241328,False
17549,3.6823109733328687,False
8742,3.681503269094916,False
1482,3.681224888772654,False
9559,3.681058547885509,False
4280,3.680636821408231,False
5145,3.680603082087356,False
18678,3.6804251261763135,False
19404,3.679859479332017,False
8901,3.6797103018615394,False
4089,3.6786628085889688,False
13784,3.678627228507519,False
4887,3.678379755453708,False
16417,3.6782083341247773,False
9690,3.6777464099622073,False
2928,3.6771353548555856,False
12665,3.6769374319423953,False
16776,3.6760768743218595,False
10809,3.67583847321203,False
723,3.675792236154205,False
18642,3.6742996018104908,False
15132,3.6741991909424456,False
4911,3.6737446106996012,False
1842,3.673375105831008,False
18300,3.673257337396894,False
982,3.6730287931877994,False
16767,3.6726137689142355,False
2223,3.6722831291705185,False
7221,3.672276738988261,False
6563,3.67218088373499,False
4040,3.6715760255512984,False
18606,3.6712033843127916,False
18084,3.670939995886478,False
12270,3.670773734581056,False
14422,3.6707715691120466,False
9287,3.6705307464144283,False
1758,3.669586192083031,False
19153,3.669550767362292,False
18131,3.669495652936016,False
16571,3.669495178412619,False
9333,3.6694028692175777,False
18256,3.6691194831684104,False
7644,3.6688623999448655,False
20348,3.6684479116440745,False
11186,3.6681900324788708,False
20584,3.667639673914632,False
19820,3.6673435678894895,False
3084,3.666961596319639,False
15423,3.666650929564634,False
18027,3.6665227628496417,False
7279,3.66634242113246,False
748,3.6662911803127454,False
13652,3.665939395020703,False
12578,3.6635752702843796,False
333,3.661835420168753,False
13622,3.6617020606496524,False
15389,3.66146259640745,False
4182,3.6613501852783314,False
13537,3.6611212205758488,False
9163,3.660671626896501,False
16437,3.660447109347853,False
1818,3.660260357580002,False
19886,3.6600758799279154,False
17305,3.659206236497365,False
16960,3.6591282372411946,False
17093,3.659087517286167,False
19307,3.659065020246544,False
17562,3.658615254459333,False
15400,3.6586113783469223,False
13545,3.6576797870323565,False
12656,3.657519993563138,False
19627,3.657054333617934,False
10699,3.6567183569621555,False
12828,3.6565596112384515,False
4922,3.6563027717686145,False
7640,3.656301864575436,False
8238,3.65533887620517,False
2919,3.655193126321727,False
19408,3.654820152416969,False
19197,3.6546045681888195,False
19099,3.6537213055278457,False
18370,3.6537174844248987,False
15967,3.653684771200643,False
19477,3.6535783003271183,False
6833,3.653269734131477,False
4901,3.6531778268488804,False
1468,3.6527382233691146,False
16244,3.6525661165873506,False
16048,3.6515036987614184,False
13733,3.6514494826120742,False
20383,3.6513660999485484,False
9067,3.6512505727592988,False
16768,3.6501939218942105,False
263,3.650021194663802,False
947,3.649886777282312,False
5816,3.649789181270784,False
18139,3.648085057695388,False
7210,3.647818319442085,False
18495,3.6476033361910396,False
13303,3.6468008393333733,False
15439,3.6467648909590444,False
15054,3.6467626882760698,False
18128,3.6462724476610155,False
13716,3.645947059332231,False
709,3.645876313440903,False
4807,3.645859792087764,False
4223,3.6452224847996515,False
3677,3.645006538123659,False
12236,3.64459396878412,False
4183,3.644536782435169,False
1041,3.644535965958389,False
10491,3.6440793959967985,False
16831,3.643685180930529,False
5331,3.6429277969062475,False
10752,3.6429171634721955,False
7367,3.6423616515861346,False
16535,3.6423390317776807,False
14788,3.6419165468523627,False
12631,3.6418330956111644,False
9916,3.64168662294035,False
12890,3.6415754984665476,False
14504,3.6409048166297797,False
3158,3.6405000734399864,False
18499,3.6401414994107,False
10944,3.6394191586461933,False
18983,3.6391885219287534,False
18374,3.638429067695667,False
1317,3.6378580339965296,False
15485,3.637511314904083,False
7898,3.637316589081247,False
14862,3.6372554427921777,False
15072,3.6372520927146823,False
730,3.6366775178281703,False
14050,3.6365526927921206,False
11101,3.6360070308787003,False
8351,3.635899103580256,False
5133,3.6353946463224904,False
12262,3.635350728087209,False
4908,3.63519926741136,False
19657,3.634972417867623,False
15272,3.63484750336802,False
4161,3.6338148569159467,False
15065,3.633791219052087,False
506,3.6329849414688837,False
17017,3.632900508193856,False
1839,3.6328263866376265,False
4752,3.6313439245190735,False
4934,3.6312855395803325,False
3240,3.631191770951072,False
5721,3.6307959794816154,False
7374,3.6307442794134523,False
5858,3.6305870322971012,False
20261,3.630126591665483,False
2052,3.6301036985363595,False
4690,3.630013327570146,False
8463,3.6296340353782752,False
12902,3.628897399068266,False
3402,3.628777233687989,False
16807,3.628697374663293,False
1679,3.6283677134420014,False
12105,3.6283154272383102,False
17288,3.628169244663603,False
8406,3.627925242618613,False
2197,3.6273524078879515,False
11468,3.6273096929807975,False
6085,3.6272519092751736,False
2292,3.627080136297874,False
19838,3.6263620079759686,False
13502,3.626181869993922,False
125,3.625950039616262,False
12165,3.625931239385327,False
7213,3.6257505333007414,False
726,3.6252486893610403,False
20499,3.625148255152282,False
4859,3.624801038383564,False
19623,3.624196567247299,False
11953,3.623813056326237,False
5055,3.623470001680437,False
1999,3.6230085852102625,False
18289,3.6226760064000665,False
14920,3.6226176335085896,False
15278,3.622454384673227,False
2014,3.6221702487530023,False
8346,3.6213198950385492,False
10433,3.621064019978146,False
17722,3.6208055143289553,False
1376,3.6204351093901135,False
6292,3.6203999246366676,False
14343,3.6199007023236796,False
9176,3.6194866221785413,False
2366,3.6193646721887673,False
14689,3.619236642405326,False
7450,3.6186643385763517,False
18024,3.6182900720019138,False
20295,3.617684563932669,False
590,3.61733414055878,False
17590,3.6172864682647905,False
5233,3.616672395671783,False
18457,3.616468754578392,False
10650,3.6154724630416744,False
9486,3.6153252851883337,False
2451,3.614638645390068,False
7583,3.6139357320884926,False
5037,3.6138364668909735,False
13630,3.6132329151420874,False
1408,3.612446423844645,False
11964,3.6117241267637645,False
11137,3.6116880120120896,False
17843,3.6115693769826835,False
12195,3.6112634958016585,False
763,3.6105053307475377,False
5860,3.610419835422917,False
11148,3.6090586558762032,False
15582,3.608555639123807,False
4844,3.6069511788609776,False
19571,3.6065136987204394,False
2050,3.6058185910918406,False
2013,3.6053338066736154,False
10451,3.6052436761889277,False
18183,3.6051397300451047,False
20502,3.6041380779968453,False
2156,3.604122921434562,False
17008,3.6038836537773395,False
3983,3.6032713777764895,False
10826,3.603119421510536,False
9434,3.602201921921568,False
5533,3.6021216906551445,False
2193,3.6010599554978278,False
6034,3.600962681477127,False
10824,3.600647330509375,False
20238,3.599993111925805,False
10283,3.599499874339282,False
5164,3.5992884194363284,False
215,3.5991244837311953,False
3457,3.599079386764069,False
9051,3.5988671457091796,False
3094,3.5986332220644828,False
14037,3.598330844132729,False
12260,3.597017147768055,False
703,3.5964155435947394,False
20034,3.5962291859842805,False
6614,3.5955445496628076,False
624,3.595524819014372,False
5101,3.595314992683527,False
20186,3.5951337703447344,False
19938,3.5948330458008315,False
1310,3.5940395653706663,False
4928,3.5939018406424683,False
348,3.593788320334614,False
1315,3.5936028017108903,False
18335,3.593582974230669,False
16977,3.5921604502595166,False
3090,3.59095664471101,False
2921,3.589619694021362,False
1325,3.589236065706153,False
10108,3.5882198689456835,False
6379,3.588211946239195,False
17203,3.588069204723088,False
5001,3.5879691825371403,False
771,3.5874542028730314,False
6651,3.5871716228505397,False
12912,3.5869795023259785,False
19233,3.5868913967308664,False
3900,3.5863075479351356,False
19313,3.585702606457513,False
16494,3.584839419564079,False
17610,3.5845397359730793,False
14455,3.5843890818201185,False
3251,3.5843011137349445,False
6569,3.5832160697250095,False
15040,3.5831501770038496,False
16485,3.5824591848512046,False
5811,3.5814609597252023,False
10516,3.5812715996444755,False
13055,3.5800896146901007,False
16391,3.5797722552965716,False
11204,3.5792583792593318,False
2343,3.5785446152913205,False
14873,3.5784485988282846,False
17075,3.578315580004247,False
6382,3.578111800407317,False
1345,3.57796961212391,False
1787,3.577876451490054,False
694,3.577145489610256,False
12654,3.577019062697503,False
11284,3.577015566078994,False
17633,3.5762689762305033,False
6748,3.5757314971673173,False
19222,3.5756673215047137,False
19969,3.5755109033278467,False
7151,3.575372641448583,False
2035,3.575013161894089,False
17701,3.574756413133536,False
2040,3.5740690388100713,False
14444,3.573948643796532,False
19371,3.573812016209082,False
925,3.5736692498830394,False
1741,3.5731320612223705,False
12589,3.5726458912328436,False
19491,3.5719916490094326,False
7979,3.5715464820286247,False
14052,3.570637327043613,False
16273,3.5704489536427912,False
12189,3.5701234441644036,False
5910,3.570084678687296,False
11172,3.5690344069801903,False
16310,3.5685934665753374,False
14976,3.568000525708097,False
13295,3.5675813924261446,False
10869,3.5668557587539156,False
7141,3.566739312073882,False
17589,3.566586281219859,False
8501,3.5663316873910076,False
932,3.5655818958207064,False
8927,3.5654071745779623,False
17631,3.564359921010377,False
2201,3.5643264280388967,False
14697,3.564143341744199,False
14564,3.5640031914363206,False
9598,3.5639829555901756,False
634,3.5635234226864334,False
8013,3.5634425122640074,False
10755,3.563335989514144,False
5128,3.563291032150942,False
13322,3.5627260429610494,False
5200,3.562189834521531,False
12908,3.5617973407160717,False
6721,3.5615751281212797,False
18020,3.5615734288659304,False
2953,3.5614455406175023,False
5040,3.5613804935094477,False
7229,3.560164185425297,False
2019,3.5599071002529974,False
1657,3.5595829920951783,False
742,3.5591861842379053,False
17599,3.5589130063987184,False
4185,3.5583654366385584,False
13310,3.5580836694427216,False
16003,3.557473842655426,False
8428,3.5574459434319565,False
14659,3.557376579953276,False
8053,3.5573706104418887,False
15981,3.557265927511514,False
7398,3.5571920229517575,False
18439,3.5570020425737416,False
16364,3.5569785910549303,False
14542,3.5565343893086414,False
18570,3.5564915507094774,False
19350,3.555862002648734,False
9594,3.5554689447606305,False
17654,3.5553951610305248,False
18100,3.5551294026915343,False
5427,3.5549564494951635,False
9082,3.554842116059853,False
5307,3.554203913006321,False
14200,3.5541055491197096,False
18158,3.5533598060239378,False
17278,3.553084342166132,False
15350,3.553019178642124,False
15145,3.552285263650532,False
7093,3.551927496446312,False
19397,3.5516297292272214,False
14541,3.5516099163429473,False
18311,3.5511707510735597,False
15597,3.5506825119241014,False
19293,3.550568722819037,False
3127,3.5505291955580383,False
6330,3.5503832521099374,False
19963,3.5497794874477098,False
16871,3.549581746278829,False
11516,3.549310180188554,False
17240,3.5488560106261375,False
19328,3.5488089817406205,False
14464,3.548611083524163,False
8844,3.548282222244023,False
17937,3.548116497786106,False
4369,3.548028584358644,False
18118,3.5479809629329573,False
7478,3.547949569240762,False
1332,3.547570741952418,False
4790,3.5469182608303975,False
6764,3.5469031775942974,False
1673,3.54614200254532,False
1311,3.545478099967169,False
8320,3.5453711774311087,False
8085,3.543956389101666,False
6111,3.5434730707184308,False
9142,3.543435554460885,False
9242,3.5428005107273703,False
20004,3.5424390330338937,False
18019,3.541516697832872,False
6714,3.5412242051777127,False
14747,3.5403358706383514,False
13720,3.5400067854490693,False
4810,3.5399341779016193,False
8819,3.5396350163487535,False
14850,3.5386814518841962,False
19025,3.5386075569384587,False
4750,3.538456186691184,False
19005,3.5382526703233896,False
13106,3.5381800170967965,False
11589,3.5380375470359913,False
14265,3.537710203857179,False
20294,3.5370421013420295,False
18450,3.5354298778151563,False
2033,3.5352277235831715,False
4129,3.5351757160071346,False
15140,3.5345275153946965,False
18259,3.5343712236333023,False
10912,3.5338645914175544,False
18415,3.533642507084868,False
356,3.532999748699808,False
8855,3.532697752222641,False
14270,3.5323246739276186,False
7165,3.5320063380456843,False
3545,3.5311290857946935,False
14038,3.53068481855286,False
14158,3.530558316926367,False
12808,3.530371018201582,False
15499,3.5303281423836097,False
13698,3.530283718436575,False
4913,3.5283774325684467,False
14277,3.527181675775628,False
16446,3.527105802384944,False
14567,3.5267543617155006,False
4761,3.526566425454549,False
8381,3.526540401894968,False
6886,3.52633254920943,False
14520,3.5262740363563125,False
19560,3.52486160406795,False
336,3.524759175460831,False
9292,3.5244917930463,False
14148,3.5242798702956666,False
10801,3.523628358639068,False
15447,3.5221848479087736,False
14413,3.5220882056943594,False
20203,3.5215360245625327,False
20259,3.521463523383579,False
19410,3.5212310005625556,False
20564,3.521083831764006,False
15437,3.5208718707653386,False
13777,3.52079453791729,False
12182,3.5207899878442728,False
19136,3.5206197076770493,False
14478,3.5199017831928785,False
13339,3.519544759367598,False
19112,3.5193439573932253,False
16260,3.519277150907741,False
13500,3.519175787084392,False
5214,3.5189757239190076,False
17271,3.5188497496196303,False
12923,3.5180987156136343,False
1361,3.518081796654972,False
6413,3.517543855015509,False
20478,3.517233525305376,False
10477,3.516635992623053,False
19396,3.5162816335660225,False
19134,3.5159323155220896,False
3741,3.5158766084844344,False
19857,3.5153347088609257,False
17078,3.514893177565094,False
20332,3.514599878323813,False
7281,3.5144818731605785,False
19918,3.514171208638343,False
4407,3.513802720113744,False
10321,3.512636880522821,False
16315,3.5124268951521493,False
13511,3.511376693338428,False
20211,3.5110987448915156,False
19419,3.5110217672643564,False
14244,3.5109897839414774,False
15075,3.5109091051225594,False
14492,3.5108928424871912,False
5696,3.510600630730653,False
4387,3.5105032225213524,False
4479,3.509732025358345,False
10288,3.5089408322882365,False
6949,3.5087109900335354,False
6417,3.50857997461418,False
2997,3.50834747278454,False
9232,3.506525157094928,False
12288,3.506472650166149,False
17009,3.5060610931447833,False
16792,3.5058653747480886,False
3462,3.505455445601604,False
13077,3.505343843147073,False
5549,3.5049512694122,False
3811,3.504798845498207,False
13293,3.503066409466891,False
15263,3.5027277349534334,False
1774,3.502531183036446,False
15126,3.5023496766812876,False
9304,3.5021633243148464,False
18596,3.5019918451390684,False
4853,3.501914365935304,False
12271,3.5010074968849825,False
18045,3.50098403000743,False
13135,3.5007113145269013,False
16867,3.5006891106525497,False
17126,3.500624062111063,False
3215,3.5005085161341722,False
8397,3.500421536002278,False
4506,3.4999593166560015,False
5785,3.499914587456451,False
14660,3.4997414048692406,False
9904,3.499533257901545,False
16527,3.4995054181982708,False
16247,3.4989158157974805,False
18275,3.498693912409264,False
18597,3.498436316978033,False
7614,3.498112799819861,False
16347,3.496637929557518,False
8437,3.496445179550392,False
12876,3.49613680734004,False
7282,3.495816230504384,False
15169,3.4957960916367323,False
1763,3.4953807085344337,False
8118,3.495346543914435,False
10677,3.495234652170286,False
16590,3.4952042724038863,False
583,3.495042136500956,False
3253,3.4950406552627795,False
4762,3.494663556577513,False
10773,3.494469997302946,False
11387,3.494348126720788,False
12610,3.494187591469606,False
480,3.4940292219224656,False
15973,3.493875625890823,False
14794,3.4935087306268855,False
16793,3.4930371821704522,False
17904,3.4927970273935127,False
12170,3.492783199891498,False
3058,3.4925705067546566,False
16235,3.492448782740939,False
9394,3.4923406095263125,False
11461,3.492119624392152,False
3797,3.491241472554489,False
14354,3.491055692693397,False
11339,3.490850434996206,False
1820,3.490487754842322,False
984,3.490476733444398,False
20244,3.489781756863076,False
18907,3.4896519350844724,False
19618,3.4887824227314064,False
798,3.488719334832183,False
10634,3.488706308397074,False
17006,3.4886672200239204,False
19808,3.48833783945493,False
13516,3.488045478380328,False
5479,3.487490949499072,False
13697,3.4873617811386577,False
17713,3.4873356040059793,False
19592,3.486924547393223,False
17924,3.486904178708631,False
4947,3.4867080100060166,False
17869,3.4862824795510825,False
19983,3.485570807898629,False
12241,3.4850144065772337,False
12245,3.484831577094388,False
11599,3.484707186634072,False
15374,3.484688165124142,False
9174,3.484472773435594,False
933,3.484406805457766,False
9614,3.484206883469787,False
12725,3.483092443641193,False
8093,3.4829430159159687,False
1685,3.482508732289835,False
11677,3.4818890491775067,False
2484,3.481416623165492,False
7332,3.4805916048446606,False
10567,3.480009528343526,False
14101,3.479852822576449,False
13560,3.4793494232482614,False
6447,3.4792812134663156,False
667,3.478354721065351,False
10394,3.477958643259516,False
2163,3.477733901010605,False
8106,3.477692967205705,False
11703,3.477471699507065,False
4133,3.477254965129576,False
13578,3.476746600745111,False
4763,3.476354810344867,False
19340,3.475888268983354,False
17062,3.4758357261407706,False
17968,3.475156594988899,False
3032,3.4750609360046103,False
6966,3.474874563779805,False
10455,3.474196178302174,False
20219,3.473746224713085,False
18556,3.4735366294143724,False
14917,3.4730344955586467,False
14036,3.4726378234198556,False
20024,3.4721683081027894,False
7511,3.471894821729628,False
19304,3.471309755109825,False
16762,3.4711965259795434,False
16374,3.4709112483095295,False
13097,3.470245107059812,False
18615,3.469989027751115,False
19913,3.469883108520297,False
7179,3.4691638455143083,False
18152,3.468787016698588,False
18111,3.4687461157168293,False
8405,3.4685822217003683,False
578,3.467830534481843,False
18653,3.467678941077571,False
16477,3.466332200093598,False
14179,3.466126813222738,False
2121,3.4660531181025345,False
2350,3.4660286825680258,False
7601,3.4653418033730583,False
13786,3.465168200891071,False
3243,3.4649312573167728,False
11881,3.463186631795076,False
14073,3.4631002266766213,False
5652,3.4625945020201994,False
8134,3.4620229818884676,False
19847,3.4615146530485434,False
17538,3.4613064240778435,False
689,3.4612153434770594,False
9903,3.4606367479650384,False
8401,3.4602112187376606,False
19021,3.460120898826913,False
11492,3.4593981263965707,False
14651,3.459358776196293,False
16525,3.4584102804810968,False
9328,3.4581464379537916,False
13258,3.4580671690783564,False
12626,3.458000584575708,False
14593,3.457101690336234,False
9252,3.4561105304097617,False
10554,3.4552345359129975,False
3717,3.4551136638402187,False
10647,3.4548036277396643,False
5640,3.4542951722775945,False
18443,3.4542443368942175,False
5985,3.4526699855496004,False
2376,3.4523620267790314,False
1502,3.452272329942714,False
15063,3.4521215297183403,False
13240,3.4519622362998748,False
9988,3.4516973798369612,False
5585,3.451193509305709,False
7383,3.4511857859070356,False
16266,3.450247090508121,False
8361,3.449997706829692,False
8211,3.4499119134231284,False
9946,3.4496812488559705,False
12050,3.4488752443262944,False
15377,3.447852862363563,False
4885,3.4475883184745295,False
800,3.4475298567874244,False
17015,3.4471788530150924,False
18867,3.4469047210691706,False
19647,3.446777270080569,False
16339,3.44673654094339,False
3030,3.4467328494994964,False
12098,3.4467215404294897,False
5867,3.4466294060457696,False
14680,3.4460722526065517,False
2015,3.445652019945388,False
13566,3.4456479223217507,False
8651,3.445466376712058,False
14395,3.4454478158408524,False
17522,3.4451346326762806,False
18474,3.4451039936541017,False
5775,3.445068605274286,False
5854,3.444131940655797,False
3205,3.4437410967185853,False
14992,3.443530190434796,False
4409,3.443432393892644,False
581,3.443074232778491,False
19894,3.442864457733311,False
9364,3.4426490203627935,False
8892,3.4425787405691017,False
5404,3.4419808169663604,False
1529,3.4418620334362853,False
18197,3.4418017901792286,False
8075,3.441349980257459,False
7240,3.4408978313015237,False
1840,3.440821663094315,False
6689,3.440509920791854,False
15071,3.440502938586471,False
4430,3.4404216460145376,False
14393,3.4398954809523445,False
11874,3.4394694816365394,False
13699,3.4392688082917076,False
16802,3.4391576446026093,False
19360,3.4389927110475966,False
18153,3.438625564232904,False
19615,3.437914856647106,False
6530,3.437377546823427,False
19119,3.437133355590909,False
13841,3.437118647716039,False
19297,3.436370902172399,False
1826,3.435795972447023,False
619,3.435548916177604,False
6549,3.43531002057968,False
207,3.435110822614103,False
17658,3.4340060843092886,False
857,3.4339582347907314,False
10821,3.4335217621146037,False
6456,3.4329945247118623,False
6047,3.43256991948709,False
17921,3.43241737816985,False
17979,3.432359846166321,False
7944,3.4313285901671557,False
11447,3.431077219902215,False
14985,3.43062202083164,False
13765,3.4300535846787525,False
2813,3.4295939410757135,False
9225,3.428037516975498,False
7158,3.4278133025824262,False
20145,3.4277756416157725,False
5552,3.4270114902786064,False
14750,3.4260345797322564,False
7419,3.425803832177992,False
15552,3.4252910287156446,False
13649,3.425211699915897,False
14045,3.4247094873155675,False
9206,3.423533913270302,False
10492,3.4233079962332997,False
9624,3.4229119813377293,False
17883,3.4221635742058876,False
15164,3.4219029033069734,False
14278,3.4212646669504103,False
18610,3.4212517784587337,False
1451,3.420883656721598,False
603,3.4208150398855857,False
17083,3.4203085823113923,False
1998,3.4203032166358214,False
5375,3.4198059183676315,False
12290,3.4197480422954705,False
18006,3.419656052296391,False
5679,3.4191786895000225,False
16862,3.41910532685384,False
8761,3.4186443829636515,False
8042,3.4183259220251294,False
10432,3.417959518104685,False
18965,3.4165544760117257,False
5113,3.416370206166143,False
20224,3.4162483257384224,False
1294,3.4156752758240057,False
16984,3.414765788134094,False
10192,3.414335825880995,False
15178,3.4136182215746746,False
12635,3.413307149363286,False
12576,3.413106681417222,False
9558,3.4126087835221455,False
3450,3.412301086730269,False
18871,3.411881753132519,False
9106,3.4112141060426575,False
9621,3.4110053571500716,False
20281,3.4108269999543426,False
14433,3.4102068981840823,False
19009,3.4102035956851626,False
14028,3.410031669894913,False
16255,3.4099678862400387,False
12640,3.4099066872291166,False
12581,3.4094821414973433,False
4159,3.4093093197384285,False
14634,3.4091948726696444,False
10882,3.409015989819506,False
12013,3.4088562413594845,False
11873,3.408729224656888,False
791,3.408603862516168,False
1520,3.408319752984875,False
17766,3.408174848052414,False
14646,3.407908110291162,False
8364,3.4077460035299016,False
5641,3.4077301383125858,False
17648,3.4075095410033267,False
6213,3.407190075965744,False
13185,3.406573334096197,False
3377,3.40624742417469,False
917,3.4061966829930377,False
8560,3.405828491666644,False
10638,3.4055089248982844,False
15912,3.405030896305698,False
2416,3.4046016167834914,False
3781,3.404513319119665,False
3914,3.4044223122493924,False
19834,3.404421835565712,False
6843,3.404181407233518,False
6826,3.4034014598903894,False
19821,3.403358706633298,False
14282,3.403026495058123,False
13767,3.402754791665151,False
16342,3.402601242518653,False
15405,3.4023936454917845,False
5658,3.402350166908034,False
17007,3.4013415483661706,False
10969,3.4012669479438933,False
19914,3.4011453615742773,False
13329,3.4007747205421914,False
16369,3.400749173167526,False
14566,3.400492067194529,False
5158,3.399575409674191,False
2509,3.39940301688032,False
14526,3.399382555251533,False
16319,3.3991119257179987,False
11871,3.399098293546496,False
14396,3.399068790975983,False
17618,3.398779185608495,False
8259,3.398766508757471,False
7004,3.398573874783621,False
8153,3.3978802794468286,False
14424,3.3978097091675767,False
7315,3.3971686063348634,False
593,3.396776497245204,False
14116,3.39660405455391,False
10296,3.395873032297592,False
14595,3.3953362828391693,False
17780,3.394987663634173,False
5822,3.3948162258711956,False
1329,3.394623995091953,False
15081,3.3942746321828388,False
2291,3.394225402235846,False
5069,3.394203639064123,False
19596,3.394017007123713,False
711,3.39371295486729,False
6750,3.393033222776643,False
18099,3.392719858261538,False
12627,3.392626951294231,False
18263,3.392306363684945,False
630,3.3914518609354865,False
11990,3.390900599000684,False
19253,3.3903200448980044,False
5323,3.389501612734495,False
11491,3.3893442062374057,False
14197,3.3891623949716667,False
8120,3.3890298863253783,False
10187,3.388050524433661,False
18950,3.387451845543767,False
4377,3.3874230841286694,False
16569,3.3869540655523123,False
231,3.386529034101258,False
7980,3.3863450018831083,False
11977,3.386260551984578,False
9248,3.3859743988800046,False
14607,3.3855937545941988,False
2423,3.385158916785169,False
6069,3.384161441328726,False
7785,3.3834106171471716,False
18438,3.3831653440330536,False
11933,3.38276662907011,False
11426,3.382253815379547,False
20550,3.3822309581975842,False
8330,3.3818988180506833,False
14210,3.38171633280904,False
11465,3.381508879677641,False
8110,3.381345614136695,False
14884,3.3809459266938777,False
16320,3.3808267381058723,False
9113,3.379646136701099,False
16766,3.3788950346999904,False
7011,3.3788431646463333,False
13279,3.378659464877437,False
18564,3.37856660969491,False
19087,3.3783842167736537,False
2890,3.3782000879753475,False
20474,3.3780391603412894,False
19377,3.3779718581803126,False
2116,3.376934717037016,False
11968,3.376790922917287,False
17714,3.3750149573412784,False
5525,3.37474971382804,False
10387,3.3745847114675094,False
7447,3.3742533046932714,False
6643,3.3734520734844766,False
15270,3.3728508295569615,False
8766,3.3725673109877627,False
8681,3.3723144903647104,False
20535,3.372285363735827,False
8505,3.37195187078076,False
8276,3.3714803209836193,False
9952,3.3706980593395315,False
3093,3.370326837290149,False
11404,3.3702727154215197,False
13497,3.3699705508466673,False
6396,3.3694673585362085,False
17233,3.3692871012720507,False
11003,3.369079046725296,False
15556,3.369052330172453,False
14026,3.3682608359694886,False
13534,3.3679939809568618,False
18990,3.3676931392163,False
14995,3.3676848695176833,False
18248,3.3676783736548046,False
18147,3.367546261442966,False
9968,3.3672876484779604,False
18137,3.3670158890296715,False
10496,3.366976925384373,False
20151,3.366635651017353,False
14702,3.3664784602902333,False
5703,3.3664325511648325,False
6409,3.3656124497894955,False
10468,3.3654189720709473,False
4891,3.3652690154806946,False
14866,3.365260088726627,False
9061,3.3652551343847366,False
4711,3.365112704213076,False
13321,3.3649467571261056,False
13251,3.3648429104198803,False
15309,3.364750921032975,False
10294,3.3636311539716828,False
9043,3.3631910578263584,False
19924,3.3630135966634374,False
7499,3.3627282774766147,False
5130,3.362680417051151,False
1370,3.3626726505480367,False
1675,3.3626360280538954,False
19208,3.362440264812271,False
19949,3.362290430878675,False
19948,3.3620468060998547,False
10542,3.3620458294575863,False
2385,3.361936322992952,False
10284,3.3615891571373995,False
16735,3.3613257209283827,False
4151,3.3609412869995117,False
370,3.3609367271274646,False
19937,3.3601851147788735,False
9915,3.3598116428973004,False
17238,3.359265694664503,False
5542,3.3592279828044784,False
5401,3.3592049194859332,False
11458,3.3588324742895166,False
5901,3.358541800197247,False
6423,3.358439472630584,False
17308,3.3578118801235757,False
8536,3.3573135372702363,False
8049,3.3568351341551663,False
14729,3.356209945345011,False
14990,3.355266333660495,False
5406,3.3542428775459854,False
12597,3.354073530954551,False
17657,3.35351602739944,False
4831,3.353343522058751,False
2899,3.353304184843327,False
6120,3.3532474355790294,False
7778,3.3531442864986936,False
16305,3.35297862758041,False
13704,3.3528071893254783,False
1831,3.3525286294810748,False
7604,3.3520470558454543,False
7507,3.351182651272529,False
13779,3.3506161117407007,False
14637,3.350418632760981,False
6980,3.3489992038923693,False
8354,3.3489866295467974,False
16765,3.348954346151393,False
5443,3.348888108179611,False
14925,3.3485888393071708,False
9388,3.348531261301922,False
4537,3.3480130937698314,False
6782,3.3479185437575136,False
1762,3.347808918866587,False
378,3.3476666668906425,False
9239,3.347210147490432,False
17014,3.3471486418026526,False
8640,3.346406935931196,False
13107,3.345894789665862,False
916,3.345601739455077,False
15406,3.345347961971205,False
15106,3.3451229157832074,False
9259,3.3446598815401343,False
4992,3.344058239328566,False
14599,3.343980135067852,False
9591,3.3438417214360454,False
15465,3.3435797987736713,False
8068,3.3434701808969987,False
14968,3.342878241867833,False
5947,3.3428222504641956,False
18888,3.3426636612148126,False
17560,3.342165359126149,False
1458,3.3418534228260057,False
10367,3.3418118505405126,False
18034,3.3417015132017305,False
14266,3.3415955108436677,False
16924,3.3415021285057307,False
17103,3.341109646867036,False
6618,3.341109305231679,False
745,3.340903709501781,False
4668,3.3407351768939333,False
15989,3.3405438770735536,False
2203,3.3403860599374604,False
16216,3.3403843658161874,False
19460,3.3403603967247886,False
5077,3.339416716326657,False
19870,3.339336910738382,False
15236,3.339242518124678,False
14428,3.3376840182421788,False
11944,3.3370171995532045,False
7627,3.336495738858326,False
11969,3.336372204460865,False
9217,3.3363585036899472,False
9937,3.3346081051128316,False
8426,3.3344978152442075,False
14591,3.3343979055546793,False
16430,3.334117486616978,False
14806,3.333502269792019,False
17892,3.3334890976264155,False
5392,3.3330519682958197,False
1454,3.332931726764617,False
16981,3.332798732199972,False
10167,3.3321391311765924,False
14577,3.3318348579397146,False
15388,3.3316747829541917,False
6211,3.3315979451824225,False
15993,3.3313169463669716,False
9065,3.3308723908506757,False
19603,3.3301491692361296,False
3590,3.329599397119676,False
16483,3.329501208614648,False
18182,3.329346422571547,False
2114,3.3292605591724262,False
5745,3.3290878703571605,False
16803,3.328947652374895,False
14263,3.3289277957046632,False
5285,3.328474504367359,False
10929,3.3275605691783996,False
14737,3.3271539953003284,False
20038,3.32628398957697,False
7001,3.3261797994341076,False
4808,3.326118055221313,False
4064,3.326027072034781,False
9907,3.325748286609363,False
15166,3.3255936994331226,False
4206,3.3253641688161975,False
18029,3.3252297787411216,False
5386,3.325195128681502,False
8413,3.32503664552167,False
9583,3.3249589414345087,False
16229,3.3249011909349857,False
9153,3.3241378068152936,False
15613,3.3239205876438316,False
13146,3.323814891233141,False
12177,3.322984167539407,False
19513,3.3229385233381636,False
16517,3.3218168709069102,False
6588,3.3208389119364674,False
10293,3.320537990657553,False
3138,3.3204209258037762,False
1699,3.319992939226214,False
8438,3.319283170156191,False
5639,3.3191493287121827,False
7408,3.3177079955114523,False
8065,3.3174842001684524,False
8386,3.3173085796745894,False
15107,3.317286995628976,False
10420,3.317100433838628,False
8183,3.317042689503791,False
9184,3.316751480181965,False
2155,3.316705472986965,False
4786,3.3163836031063356,False
6990,3.3152101005091406,False
19135,3.3151515210852622,False
13407,3.3144646116881376,False
8131,3.3142842972019166,False
4364,3.3140837967219605,False
1612,3.3139005626789295,False
4495,3.3137423606170016,False
5417,3.3133467843804763,False
11894,3.313339793409762,False
19644,3.313099161741516,False
5089,3.3127391293595463,False
20439,3.31221534110429,False
13548,3.311885596595088,False
14690,3.3118518536341632,False
8535,3.3117524461632457,False
2922,3.3115488273466083,False
9348,3.3114055294836895,False
13450,3.310730135732901,False
11390,3.310617036599255,False
6345,3.3101762238453363,False
8343,3.3101702231396612,False
17283,3.3100778934418993,False
10419,3.3100524192177234,False
6561,3.3094508432537686,False
7355,3.309414738877635,False
13470,3.309251791536279,False
1357,3.309033568603791,False
5027,3.308213755145409,False
7657,3.307611908592417,False
5731,3.307582736028036,False
602,3.3072447023840734,False
12150,3.3069220080922523,False
1312,3.306752761847733,False
11122,3.3067218508710665,False
5068,3.30630151109986,False
9932,3.306272225532547,False
7209,3.3058846820535726,False
16734,3.305765835523804,False
1832,3.3052532566740425,False
14906,3.3042937712917784,False
7325,3.3034948030352895,False
9568,3.302679257122344,False
15596,3.3025763766978216,False
12180,3.302147592119626,False
17615,3.302097394050902,False
2945,3.3020168024936942,False
14432,3.3016933468159664,False
16596,3.301637415522719,False
14741,3.3010156135210664,False
10975,3.3003961207072607,False
14171,3.300060272321428,False
14394,3.2997889727926335,False
14495,3.2996541920911486,False
8494,3.299386258988831,False
2342,3.2990680710351006,False
14536,3.2981815720694243,False
11421,3.298134631681705,False
13349,3.297293321726178,False
10286,3.296429232054578,False
14453,3.296012326880776,False
14211,3.294954228013818,False
6032,3.2942273310231824,False
4621,3.2941912560712865,False
8961,3.2937444965657967,False
16428,3.293739666796567,False
16896,3.293722910481179,False
1382,3.293566951872707,False
10325,3.293437567461233,False
19920,3.2932078912317992,False
8845,3.2928109389909626,False
7744,3.292723853807356,False
6605,3.2925910443340185,False
7451,3.2916755076601674,False
13347,3.290740606562113,False
5022,3.290638096345649,False
5196,3.2903270013784574,False
6884,3.290003045452523,False
15123,3.2895975981484824,False
1384,3.2893378614292974,False
20233,3.2891098983864264,False
235,3.2890897350945103,False
3771,3.288938176116783,False
17511,3.288894583701781,False
17621,3.2888561070219673,False
298,3.288823339115666,False
129,3.288758097200434,False
20013,3.2878158516866023,False
2038,3.2856173516135825,False
12562,3.285352317169961,False
20020,3.2846561205660603,False
11086,3.283956844954006,False
4889,3.2834052214464227,False
11488,3.283141334937262,False
19956,3.2831373513047666,False
18113,3.28278511606087,False
2076,3.2827065349730233,False
20137,3.2823693825946605,False
13275,3.282340336915639,False
20400,3.28192330873493,False
16279,3.281575289912979,False
14196,3.2813578839357724,False
20188,3.2810398651048502,False
1573,3.28053113034899,False
1414,3.280104554254983,False
19302,3.2800235126781736,False
629,3.2799320895404236,False
8435,3.2797904691661923,False
18114,3.279383303884911,False
4907,3.279222314085282,False
16329,3.2782943171607686,False
7603,3.278256007676811,False
10765,3.2781213953672883,False
7162,3.2777045988802875,False
16398,3.2775729931808018,False
17267,3.2769161745266344,False
17931,3.276214028158998,False
14662,3.27576149326058,False
19570,3.275473357753836,False
1748,3.275419463825088,False
15602,3.2753863681003903,False
1608,3.2750583784086444,False
974,3.2747063005439614,False
13211,3.2739463261035873,False
4242,3.2734184043613395,False
8784,3.273352639630977,False
15151,3.272534459520129,False
8928,3.2725180744183824,False
20399,3.2718947086528063,False
14878,3.2716781421696073,False
11261,3.2712845197642646,False
16520,3.2712463251103685,False
14666,3.271208535905034,False
20132,3.271118398581172,False
19964,3.2707376304866207,False
360,3.2697421398593853,False
10907,3.2696229418383944,False
13123,3.268141814642049,False
10442,3.2680529889676,False
5672,3.2676693426755006,False
17783,3.267531920357502,False
19901,3.2671095641793055,False
6964,3.2670811896620884,False
20492,3.266988871840266,False
6645,3.266104409932627,False
18048,3.2653945092819647,False
19327,3.2651583654854264,False
11536,3.2649194561805133,False
3558,3.2639549024824963,False
877,3.263839354539906,False
12158,3.2637698707483196,False
16798,3.262860695021857,False
10697,3.262800837126812,False
8978,3.2625670351712293,False
4933,3.262082774312797,False
7869,3.2618320764191124,False
8331,3.2614694657224708,False
13335,3.2611013920911693,False
20016,3.2608656481117295,False
5127,3.2608012138393963,False
2237,3.2605543127071046,False
17954,3.260467497322944,False
591,3.2589077250273952,False
18026,3.2585077836092147,False
7435,3.2581708140913594,False
20053,3.258054033415064,False
607,3.2573130642984864,False
16002,3.257196247034308,False
15130,3.2571500453323274,False
19531,3.2565904466984534,False
5208,3.255436930179168,False
4946,3.255005642550398,False
4515,3.2543311054722217,False
969,3.2542275535495033,False
17763,3.254111277668205,False
1760,3.2540331144013344,False
19221,3.2540175182960667,False
10437,3.2539149100090654,False
1610,3.2533877234313877,False
14408,3.2533641914959492,False
15565,3.2532060761499135,False
279,3.2521513968116835,False
7302,3.2515632428787358,False
13567,3.2513897372195686,False
14072,3.2513677998514368,False
685,3.2511929470684606,False
16258,3.250716221638501,False
687,3.250539009892549,False
10100,3.249733741564857,False
2131,3.2492097058214666,False
8594,3.2491631737037974,False
8597,3.24881948821621,False
15325,3.2484989160119095,False
2409,3.248424594538913,False
4390,3.247844785639749,False
11619,3.2472467920581267,False
3999,3.246994352078398,False
757,3.2463075350938784,False
12664,3.2461473494638575,False
7208,3.2458586097277524,False
13707,3.2457163297672214,False
19230,3.245419228431402,False
11988,3.2454148277639874,False
9093,3.244960165062614,False
16539,3.2446515915986023,False
2245,3.2440528479940474,False
19630,3.2439211125948484,False
998,3.243793977496747,False
19887,3.2428007622667816,False
8245,3.2425307462295443,False
2920,3.2420582471424804,False
8265,3.2419899516702086,False
4127,3.2413884606613608,False
7350,3.241313434827398,False
2836,3.240906338313301,False
2979,3.240611893731475,False
14522,3.240314472798655,False
4204,3.2394969663135162,False
13669,3.239430902020043,False
5078,3.2391829416073525,False
4766,3.2384684629829894,False
12178,3.238394734786773,False
17782,3.2368253996632923,False
19383,3.2363182307305998,False
16496,3.236226561428639,False
12015,3.2360674043597557,False
3618,3.23518632476477,False
3192,3.2350109198263213,False
8495,3.234438106132607,False
18500,3.233694444660661,False
7908,3.23359830593773,False
452,3.2332161783006175,False
8734,3.2328668135018037,False
10620,3.2316082564751123,False
1596,3.2315430090815145,False
5184,3.231332045454568,False
14971,3.231236122186555,False
8086,3.2306588585802,False
16791,3.23022896786828,False
15070,3.2301579592028826,False
15320,3.2299372899783805,False
579,3.229809067755843,False
10608,3.229561306584361,False
5156,3.2293878638071734,False
6976,3.2291525067402413,False
7454,3.2289251899302807,False
12611,3.2286684468719393,False
14832,3.228580271703244,False
12657,3.228016310340565,False
16350,3.2279882457136306,False
14965,3.2277705802867107,False
19115,3.2275240024860032,False
4856,3.227443840979877,False
8130,3.2272888556882924,False
17080,3.2269830998185505,False
18040,3.2265980846855538,False
6960,3.2264572808856657,False
13546,3.226292120715609,False
16482,3.22625518078022,False
8933,3.2253731027168158,False
4793,3.2253590728570467,False
14451,3.2249619797109315,False
10277,3.2247156382079543,False
19900,3.2244542403889245,False
2274,3.2232237555906162,False
19543,3.2229785546776792,False
6793,3.2226485766060633,False
11413,3.222205774565686,False
14221,3.222001549356502,False
13454,3.221304834150833,False
11957,3.2209444416111834,False
15942,3.220655857588767,False
4534,3.22046258384741,False
16300,3.219982536631397,False
8926,3.219571523660476,False
837,3.218484185601705,False
4240,3.2184170463695065,False
14439,3.2182995742851936,False
12666,3.217332716472651,False
7108,3.2162653814643978,False
905,3.216230255506064,False
13394,3.2157066041822233,False
11630,3.215225299124899,False
18944,3.2149520508414557,False
14446,3.2148314174781216,False
7538,3.2147562981613635,False
3009,3.214079896027716,False
19207,3.213606268033537,False
13217,3.2131245093527943,False
16259,3.21298185053979,False
15441,3.211536760881108,False
8575,3.2112871883085887,False
14013,3.210598229274588,False
1622,3.2104317901007935,False
15940,3.2103841699847333,False
15147,3.2102149051068505,False
15522,3.210128451200571,False
9325,3.2100376636424084,False
9116,3.209970320817254,False
9578,3.209440308801619,False
13128,3.2093077736604156,False
19915,3.2091367766916745,False
17290,3.2090286525375022,False
20243,3.2087188772903237,False
18035,3.2074376301078704,False
2210,3.2071798986037705,False
14452,3.2068985808838857,False
810,3.2060254513611053,False
4348,3.2055877757517566,False
4090,3.2053250046279054,False
2010,3.205254043827049,False
652,3.2050979961116877,False
8124,3.2040431512008096,False
16450,3.203881395820373,False
8957,3.2029264544743197,False
16970,3.2026487051209998,False
19916,3.2025354250664817,False
13621,3.2023893986359884,False
15311,3.2023609628606327,False
4799,3.2018511539024628,False
10710,3.2016939054040217,False
13778,3.200794122352889,False
19081,3.2004294006422604,False
19388,3.2002989317307953,False
17959,3.2001501698901578,False
18453,3.1999865220614883,False
4355,3.199882420889579,False
20323,3.1997701289835527,False
19602,3.199416418524499,False
719,3.1993312672707113,False
3870,3.1987957954765203,False
2120,3.1987602286215218,False
13263,3.198675174406577,False
7212,3.198384431155256,False
9923,3.197003026644401,False
14443,3.196378337582688,False
11228,3.1951805532016313,False
8048,3.195072945016569,False
14991,3.193480708654331,False
2244,3.192923077965143,False
13629,3.1912270246906616,False
15358,3.190653716484343,False
752,3.1901952255932677,False
17559,3.190010876106152,False
4904,3.1897961024801744,False
14631,3.1895031369527107,False
11104,3.1894511606360245,False
14115,3.187791259236299,False
8302,3.1873641157528687,False
20255,3.1872365271270047,False
1756,3.1868978575950795,False
4708,3.1867835846430896,False
18265,3.185808900473843,False
17582,3.1857915372585897,False
10355,3.184645247341029,False
16500,3.1845187544765636,False
14382,3.183953999477769,False
18484,3.1837004128606914,False
2134,3.1827714494041017,False
658,3.182708588798423,False
17663,3.182448640904214,False
3076,3.182352139016721,False
6658,3.181980527366741,False
13605,3.1817900500419185,False
8215,3.1817724256825537,False
15900,3.1813855797611925,False
11959,3.1813227131570736,False
11428,3.1807854448978072,False
19528,3.180107956432054,False
19637,3.17970083681701,False
3055,3.1792814486108547,False
16747,3.178590067051495,False
20415,3.1774363023319316,False
17909,3.176821099253509,False
9228,3.17645504082282,False
19464,3.175848824084051,False
12641,3.1756457893934416,False
14865,3.1755672757595335,False
13749,3.1753090558334893,False
5607,3.174568500508362,False
11036,3.174330587908864,False
8112,3.174212251033069,False
7544,3.1732402075912765,False
19898,3.173227948955459,False
623,3.1730540566378806,False
15069,3.1730392383294,False
9309,3.172846033692174,False
20129,3.1727742382120923,False
4107,3.1726387271824295,False
4929,3.172460597092812,False
2985,3.1723343980112855,False
14180,3.172280294495714,False
7968,3.1720836497786573,False
14370,3.1719417209258953,False
11875,3.171824807922045,False
11571,3.171483928677613,False
14201,3.1709190021129476,False
1988,3.1708914053886383,False
20050,3.1706065838619475,False
16331,3.1699865532707214,False
15317,3.169612192601555,False
16201,3.169267820767666,False
19314,3.169167618334118,False
15577,3.1691389086337995,False
15495,3.168151726585471,False
20027,3.167922989390323,False
10130,3.1678816050360585,False
225,3.167785930787341,False
14592,3.167128798185651,False
3799,3.167068409292491,False
7031,3.167011904508112,False
17587,3.1669749677807637,False
5008,3.1669235548186023,False
7371,3.1652839679867424,False
14299,3.164393546479289,False
16396,3.1640732445723545,False
14863,3.1638112103572027,False
3175,3.163198762399399,False
9537,3.1629293626121284,False
5584,3.1624079072664997,False
3547,3.1622774661331445,False
5108,3.162110101852713,False
6157,3.16188158265685,False
11326,3.161434676354923,False
15279,3.161423638199185,False
20379,3.161404550733767,False
8408,3.1609900572709324,False
19598,3.1598637430788123,False
7235,3.159783208870215,False
18994,3.159763252812086,False
14525,3.1596799536263376,False
7230,3.159597426573091,False
8592,3.1592943370685638,False
4858,3.158402317185387,False
17140,3.1583378215633253,False
7607,3.1577336019940976,False
7503,3.1575176579138065,False
8357,3.1568608590092624,False
4434,3.156632001541455,False
19417,3.1564943762258064,False
11454,3.1564763852965454,False
5422,3.156439197479416,False
8960,3.1563242954330932,False
5789,3.1555825599139844,False
2147,3.155474454348056,False
10316,3.155046347236626,False
7525,3.1548296395280953,False
6054,3.154665654728772,False
11016,3.154019693033063,False
15519,3.1530493426025696,False
16777,3.152911975307031,False
17515,3.152737822659658,False
19917,3.1526981018706515,False
13543,3.1525177321713365,False
5204,3.1523824902984594,False
4517,3.152269388386318,False
19303,3.1519216434952106,False
8828,3.1518040568218924,False
18132,3.1511220825037807,False
20330,3.1510333024244317,False
15409,3.1508099459402956,False
20041,3.150659957341845,False
8359,3.1504881116181287,False
12680,3.149682546292963,False
18663,3.1493786287845307,False
6893,3.149317913174956,False
5021,3.14841975009767,False
5012,3.1482390046269293,False
15076,3.1482366671700444,False
5611,3.147983126713573,False
6617,3.1478612327191056,False
15428,3.1471479965925013,False
19211,3.147053211188549,False
20476,3.146815945527538,False
731,3.1464355376283706,False
14617,3.146390990181306,False
15509,3.146327904744439,False
5146,3.145766389898612,False
8859,3.145729346099133,False
16549,3.145579592644423,False
14060,3.145488919896401,False
19988,3.145445698786201,False
20358,3.1451351730355,False
19645,3.1451139712607628,False
8714,3.144885427757712,False
20047,3.1448120073456796,False
1012,3.1447637943502453,False
17958,3.144621423925056,False
7157,3.1445945640255957,False
9129,3.1435366334390507,False
6625,3.142977205868092,False
13700,3.1429109838083775,False
9244,3.1428687502137196,False
1736,3.1426289204929514,False
6871,3.142311224724415,False
15174,3.1420634939944403,False
7429,3.141979443865217,False
11913,3.1419074763600356,False
2460,3.1415393980209476,False
304,3.139826160666633,False
14109,3.139708243339838,False
2128,3.139660759273044,False
9066,3.1389365129107816,False
10104,3.1385161260478953,False
5163,3.137317581339473,False
18258,3.1369986765850477,False
14924,3.1364596968025076,False
9216,3.136291624749345,False
11180,3.136217486738734,False
19840,3.136001925947283,False
16261,3.135880981826073,False
4791,3.1356180308911443,False
19636,3.135248383957048,False
9324,3.134672997262559,False
16551,3.134660460004075,False
7273,3.1344880270036106,False
16730,3.1341659835423736,False
6317,3.1339679082333665,False
14667,3.1339421186550904,False
4005,3.1337969369547296,False
4900,3.133564727351299,False
1734,3.133442322553929,False
17120,3.1332453434341936,False
14749,3.132938999207065,False
3419,3.1325614480632087,False
1745,3.132133214294118,False
8672,3.132074547467618,False
18866,3.131817990874131,False
13192,3.1306716565945685,False
6968,3.1304877219162734,False
6795,3.1304154572098364,False
16293,3.130114706456256,False
14122,3.12993480147275,False
13524,3.1299293678653797,False
9372,3.1294962052721473,False
2368,3.128824042993825,False
768,3.1288211724904667,False
6432,3.128055094904709,False
6078,3.127842260622367,False
18134,3.127093740421289,False
17679,3.127087462611886,False
6666,3.126915435901197,False
4467,3.126433540618816,False
948,3.1259287020237494,False
19842,3.1257521983666994,False
6703,3.1256857411161865,False
6359,3.124488805687987,False
9245,3.124468651305109,False
20433,3.1244477928051295,False
13674,3.124003514469745,False
11975,3.123495753103936,False
19837,3.1234677701366698,False
11509,3.123451966902777,False
5134,3.123451932173245,False
5320,3.1220508758689975,False
20051,3.1219363668353304,False
8338,3.1216511556507465,False
18002,3.121548576901626,False
7865,3.1214187626442054,False
369,3.121384727704159,False
7216,3.120836109539411,False
19927,3.12083015741533,False
17622,3.1203337454667484,False
8976,3.120233592288851,False
19260,3.120110095598335,False
7540,3.1200454251584677,False
7405,3.1199163448965064,False
4958,3.119759059318469,False
11995,3.1192676603074814,False
7163,3.1192642712486305,False
10200,3.118966511915401,False
19674,3.118525315847234,False
5397,3.1184267681915445,False
3057,3.1182627229481783,False
14411,3.1176194710436658,False
5092,3.117416724971776,False
13193,3.1171929439839285,False
2422,3.1170126585390316,False
11935,3.116958243011484,False
14470,3.1169208246276607,False
6208,3.115987659426938,False
8522,3.115768991410905,False
19061,3.1154186792850123,False
4429,3.1151596584845835,False
5169,3.1149272736295117,False
14027,3.114626398049225,False
15590,3.1145358152257288,False
3124,3.1145165088511093,False
2445,3.113989134542054,False
7320,3.113667161645276,False
18005,3.113410755470138,False
17901,3.113365159430181,False
14885,3.1133015034244735,False
13439,3.1132170229827034,False
19895,3.1127860236497633,False
15929,3.112418978532803,False
19819,3.1122129763393582,False
7470,3.1116367581386153,False
15284,3.11109467363638,False
15009,3.1107215592064783,False
13527,3.1102503017096765,False
5868,3.1091307125907393,False
299,3.108607594750188,False
2125,3.1085595704131554,False
15941,3.1083287547318506,False
16270,3.1075992281886924,False
5563,3.1074961202938214,False
7289,3.107265997396324,False
14845,3.107018591326213,False
1709,3.1065679192940134,False
19922,3.10647737455354,False
1445,3.1063521503266305,False
20012,3.1058080827023598,False
4016,3.1057437643173156,False
7473,3.105481533818889,False
3060,3.10411530384751,False
13200,3.1033797867607182,False
4939,3.1033711218718865,False
8060,3.1023029199611276,False
716,3.100965140170846,False
1471,3.100640812221739,False
11049,3.1006172193333152,False
5123,3.1001026423938725,False
5596,3.100031798447662,False
11514,3.0980522359657856,False
7363,3.0978554695614746,False
13353,3.097601219629488,False
2962,3.097474752421159,False
19950,3.0974299395633325,False
19554,3.0969970422285,False
5551,3.0969665612075374,False
9262,3.0968609162736525,False
9964,3.0965778313181023,False
11883,3.09626645426808,False
5659,3.0956337440660726,False
1830,3.095578410199744,False
2508,3.095054548237858,False
5173,3.094346939399531,False
14880,3.0941363572723937,False
4217,3.093821470835327,False
10344,3.093729291955663,False
9165,3.0935452577463423,False
17623,3.0932066460278502,False
7824,3.0928919662298613,False
3788,3.0928154310803357,False
9983,3.092551480898411,False
2462,3.0923126517472324,False
2061,3.0921852042725257,False
5122,3.091464297705126,False
20252,3.0907510798581486,False
10663,3.0904290524430222,False
20183,3.0901439084214184,False
9950,3.0899865693287705,False
2009,3.0899686183859276,False
2914,3.089919803945924,False
11928,3.089785418937436,False
7187,3.088499775907615,False
10488,3.088343899793757,False
2151,3.0883269316497555,False
14998,3.087361636446431,False
11618,3.0867664115922873,False
6633,3.0866332052921206,False
13452,3.0858226329652574,False
15446,3.085603026298255,False
4833,3.0843276642003845,False
13122,3.083984975593424,False
5562,3.083648570600792,False
16317,3.083387887813185,False
7388,3.0822232522572923,False
2146,3.0821758337284653,False
20025,3.0819151001028127,False
5675,3.081818290824558,False
9595,3.0817906577981806,False
11672,3.0816972383277337,False
9311,3.0815215263993387,False
14909,3.0813314401355,False
9263,3.0809748270192587,False
2295,3.0808450562688012,False
17707,3.0805601568843555,False
15299,3.0803297680615636,False
9778,3.079880192197648,False
3863,3.0797052092849895,False
14033,3.079516450182984,False
5120,3.0794261232199234,False
19190,3.078875045115339,False
17938,3.078774184714307,False
7432,3.078097342923416,False
4728,3.077774397732594,False
18497,3.0777177471793555,False
2434,3.0772273866460496,False
1742,3.0761441819079884,False
653,3.07596991123326,False
2278,3.0757936220913034,False
8274,3.074123842460089,False
19126,3.073873653152315,False
4745,3.0730676079986687,False
1528,3.0728343817605968,False
15965,3.072566588718793,False
19035,3.0724987521243,False
10231,3.0724738280441435,False
2430,3.072368046460652,False
19489,3.071527603797831,False
19829,3.0711823063072745,False
7364,3.07097975840535,False
19192,3.0698954585716542,False
3174,3.069755182378329,False
13490,3.068820339539771,False
5398,3.0683917604075055,False
16401,3.06791146739235,False
16348,3.0676500874721375,False
4457,3.0672621887706937,False
6738,3.067212204297582,False
16529,3.0671813123917753,False
11402,3.0670919384265742,False
12234,3.0662677294590086,False
19195,3.0661565162055986,False
7961,3.066103289257963,False
1371,3.0651042678691613,False
15136,3.0649132382383577,False
15064,3.0648666608013393,False
14056,3.0646752434517612,False
20339,3.064663807280061,False
19566,3.0641595062707925,False
9654,3.0641316403138643,False
15352,3.062981755297775,False
8619,3.0628436045742227,False
17664,3.062813642499451,False
13317,3.062583989427316,False
14616,3.062495327323097,False
14565,3.062249879515594,False
14016,3.0621341070876937,False
11528,3.062000415250395,False
1750,3.0617538168293077,False
7490,3.0611902655493877,False
8749,3.0611642363998177,False
1284,3.0609089649708476,False
872,3.0606255713792194,False
15226,3.059853594197124,False
12024,3.0583936576574065,False
3049,3.0582968949983633,False
8834,3.058254740148422,False
17736,3.057957136248409,False
7072,3.057605568474711,False
5926,3.0575273600580344,False
17625,3.0564479099894015,False
2124,3.056262979845811,False
6834,3.056215873238308,False
5339,3.0558733865533734,False
15928,3.055605259607388,False
5680,3.0553076176443725,False
3228,3.054885382975081,False
15259,3.054846798925377,False
9063,3.054478127542302,False
12669,3.054323724682238,False
9573,3.053665224030965,False
371,3.0531848976269487,False
12609,3.0516891824920327,False
11695,3.0510967696192317,False
5415,3.050782646903193,False
10444,3.0502029017933996,False
9607,3.0495976264313622,False
1676,3.0493647938621233,False
2407,3.0489940735187657,False
1523,3.0481110766181487,False
2053,3.0477311630434727,False
4458,3.0462243961968767,False
20030,3.0462183053470167,False
7833,3.0460028552915874,False
6870,3.045923775829867,False
8055,3.0454386401229434,False
18001,3.0451735753328233,False
7410,3.0450670996766664,False
18252,3.0450610568287395,False
16801,3.045060493055008,False
17709,3.0449429978826466,False
14632,3.0449281930758136,False
7084,3.044663131836165,False
15959,3.0444776180708963,False
15384,3.0443584885586183,False
12629,3.0439685833579526,False
17606,3.0437353767315702,False
8325,3.0431424336316812,False
1295,3.0425446020137406,False
8948,3.042504110695082,False
749,3.0423230424312973,False
7575,3.0419562167246768,False
3083,3.0417375765879986,False
1771,3.0413911444023967,False
8921,3.04128644843241,False
13156,3.041250264611933,False
19424,3.040792133899447,False
4923,3.0403185803326536,False
11626,3.0395763084030705,False
1716,3.0390627377254287,False
17935,3.038346297287088,False
8720,3.0370184924578107,False
11221,3.0368526928815682,False
18101,3.0357676114696748,False
19509,3.0357434884102883,False
13264,3.035086713788128,False
1814,3.034690958040768,False
14802,3.0327853037997325,False
926,3.030158093504099,False
17700,3.0300798501674784,False
15188,3.029951699310171,False
17971,3.029561206619851,False
5524,3.0289334796585172,False
9214,3.0288975571612964,False
5690,3.0286509823487466,False
9987,3.0278037335767323,False
2316,3.0270753030577477,False
7914,3.026633178992809,False
19121,3.026440324324625,False
17967,3.0263547174650984,False
9251,3.02616972993574,False
6829,3.026020896706579,False
862,3.025577678556866,False
16287,3.025340216375562,False
9974,3.0251862709392405,False
5229,3.0251632198967364,False
6056,3.0250978077833155,False
5560,3.025034009856644,False
13568,3.0248427257173134,False
3550,3.0246399755281206,False
2382,3.0243599300122725,False
14430,3.024312033074443,False
6346,3.0241304206701303,False
11598,3.0236439371702235,False
20314,3.023382681701574,False
11166,3.023270322701513,False
11591,3.023211361999498,False
16968,3.0219817824694726,False
19582,3.021374659243952,False
2852,3.0211626853717424,False
5195,3.0208520416067466,False
10741,3.020410237163058,False
14842,3.0203443210037495,False
16257,3.0202592928407075,False
19022,3.0196400469290356,False
14380,3.0195111563183588,False
19925,3.0193033266150806,False
10493,3.0190973658383298,False
8067,3.018547472349678,False
2446,3.0184148770506143,False
16353,3.017908702847265,False
11424,3.0179077634875977,False
11923,3.017349094950286,False
14987,3.0173116138555898,False
632,3.017219444227438,False
4203,3.015898150889107,False
18194,3.0158005282102867,False
3180,3.0155780303486988,False
19069,3.0154264160246047,False
5162,3.014734172347804,False
13202,3.014137223267137,False
20545,3.0141128218624758,False
19165,3.0138699614796067,False
16537,3.0137268794494383,False
8443,3.013056085554082,False
18072,3.01238069888303,False
1702,3.0123650034038842,False
18442,3.0119204205093784,False
17060,3.011662472168389,False
4095,3.011234827113258,False
10989,3.0112227401441816,False
16973,3.010911875531857,False
11600,3.010267564970337,False
16464,3.010198295707136,False
2475,3.0101557120266467,False
20580,3.0092384917348385,False
6075,3.0090776176447056,False
19849,3.008531895973503,False
15411,3.0080778040810614,False
8429,3.0076105875764925,False
4780,3.007603131507536,False
7846,3.0070896839885375,False
8518,3.005781747795414,False
10695,3.0056331264539073,False
5435,3.0046032525247597,False
5096,3.0042089172402715,False
5034,3.0040841836684407,False
18196,3.003835831985503,False
19042,3.0033371789815986,False
2373,3.0027924242665938,False
18205,3.0027817758322914,False
2016,3.0016390370360444,False
16309,3.0010435455423465,False
1753,3.0007221151246615,False
9900,3.0002765221716334,False
1434,3.0001672068292304,False
11220,2.99972599435274,False
5882,2.999323190369327,False
6930,2.998939915606033,False
10470,2.9988657710135493,False
14059,2.998502242429332,False
220,2.99847246705275,False
17581,2.9977966946374544,False
1812,2.99757812058877,False
19891,2.9974790181397024,False
8412,2.9962778865110464,False
12031,2.996116239987378,False
14776,2.995987174333589,False
2181,2.995933403216218,False
7890,2.9958512437510754,False
8079,2.9943972140039157,False
19375,2.994152148962714,False
16214,2.994139930802328,False
14215,2.9939360985506625,False
4109,2.9937898983022104,False
13281,2.993437380641076,False
4782,2.993056127800241,False
7089,2.992453423437875,False
8979,2.9921596432541038,False
2309,2.9921459008344473,False
2100,2.9916514886672054,False
7574,2.9912740621333707,False
7312,2.9911989441526887,False
16980,2.9910268998489773,False
15024,2.991005548605134,False
14996,2.9900494878066226,False
717,2.9897541869361834,False
9609,2.9896846203812837,False
5911,2.9891097333949026,False
13753,2.9887483873912757,False
15432,2.9884968476872444,False
2469,2.988320135313023,False
14993,2.988070126862924,False
14449,2.987327388395336,False
4883,2.9873081961874894,False
16419,2.987171816250786,False
7586,2.9871137566413806,False
14688,2.9864570824983065,False
18008,2.9863215359028104,False
4575,2.9862818152461754,False
2381,2.9861156553579185,False
7535,2.9858912952791696,False
14145,2.9857401758341258,False
17794,2.9848375030183867,False
15213,2.98417373725011,False
5188,2.98415495309839,False
8047,2.983904100428877,False
4331,2.9832814796954636,False
15149,2.9826436607747926,False
5651,2.9812993795153635,False
3159,2.9812810027012127,False
5994,2.9809077493784946,False
19007,2.9808606452686686,False
4329,2.9804202742093917,False
3620,2.9801247510021747,False
5744,2.980080885900967,False
17765,2.9800075052897057,False
10870,2.9797150080846397,False
9369,2.9791878847667324,False
6747,2.9784463291617955,False
19454,2.978391257642312,False
19982,2.9781450165107457,False
16576,2.9773786522049166,False
11332,2.977338921054061,False
1473,2.9772266306017308,False
2908,2.9770985193776953,False
16480,2.976827057715023,False
20582,2.976477717718712,False
9256,2.976413851791254,False
10702,2.976032114969084,False
15161,2.9759027592168312,False
19050,2.975120411841578,False
2886,2.975117631034574,False
11683,2.9749376756226025,False
1827,2.9749354948907296,False
8015,2.9741712980186787,False
5457,2.973944580475064,False
4382,2.9738679429282184,False
1813,2.973734710769925,False
13484,2.973284971638879,False
5186,2.9730947163646064,False
5183,2.9727429410178408,False
16243,2.9714031558507816,False
12606,2.9713468116632997,False
13496,2.9707343324938282,False
2891,2.970665676056294,False
2925,2.9701735245551566,False
3236,2.969736210274054,False
10886,2.9695258826397053,False
10920,2.968907435737813,False
13404,2.968811672999151,False
13489,2.96852881568414,False
7620,2.968198418741291,False
7859,2.96819707781403,False
5053,2.968158468744118,False
18906,2.967761168265076,False
17578,2.967151784552005,False
11208,2.967083093092063,False
8904,2.9670135323678175,False
4216,2.966996801284941,False
11924,2.96585126192252,False
5062,2.965462139664915,False
13207,2.965265692586491,False
8547,2.965221321056118,False
20176,2.965105372539057,False
1296,2.964646575547743,False
2857,2.964042466949592,False
6524,2.963672260957487,False
8758,2.963581527245239,False
11699,2.96295287143456,False
801,2.9625863090723286,False
5825,2.9615037479027198,False
19517,2.9609787795511355,False
8664,2.9608157555683015,False
6979,2.9607757093122804,False
5933,2.960419559978588,False
2996,2.960074073622852,False
11440,2.9599705168286174,False
18257,2.9597179274614653,False
5262,2.9595716752037746,False
18895,2.9590386315534047,False
7543,2.958946452718568,False
13701,2.958942090085392,False
10271,2.958391063300858,False
11485,2.957713089448323,False
14363,2.957709414367077,False
2413,2.95655781861515,False
374,2.956167671665293,False
3520,2.955921110395428,False
675,2.9549765112571027,False
7299,2.9548002464906333,False
20039,2.9545013670593296,False
15492,2.9544386445873716,False
11187,2.9541954011957507,False
17874,2.9537509130098787,False
11362,2.9533671214942268,False
760,2.9530597219785086,False
913,2.952938224954327,False
569,2.952583214325415,False
13125,2.951097977259713,False
14846,2.9510936279437665,False
1703,2.951024164963682,False
19129,2.9506903196796266,False
12173,2.9504316281985368,False
12025,2.950384348044188,False
2874,2.949379884007642,False
5677,2.9489930100896076,False
12568,2.94887130010221,False
659,2.948797963308129,False
915,2.948526976559199,False
3605,2.9481330068215876,False
598,2.9480682155626496,False
3025,2.9480275489163867,False
2230,2.947558933850182,False
6972,2.94730659861857,False
4940,2.9468973889222565,False
6156,2.946173447026952,False
14529,2.946018709973771,False
13670,2.945671404093872,False
6841,2.94565491745309,False
5010,2.9456469724197856,False
18952,2.9443546802388063,False
7972,2.9443157601291055,False
4729,2.9434391988068085,False
10897,2.9429819652995297,False
6587,2.942834052458851,False
13433,2.9425615746626024,False
1540,2.9422954544066453,False
10383,2.942245333894828,False
7145,2.941962200283922,False
15022,2.9413598124728857,False
901,2.9410775327189054,False
1359,2.940507052690263,False
778,2.9396967668548957,False
2443,2.939410872256035,False
20485,2.9385700257063565,False
14014,2.938029652801495,False
20062,2.9378150713214684,False
20386,2.9378006235397045,False
5154,2.9371866467436414,False
5475,2.936965690114902,False
8950,2.9369113578865655,False
16455,2.9366174355840196,False
4080,2.9364182547597615,False
10871,2.9363524622309836,False
14584,2.936344268482946,False
8555,2.936145670084441,False
17555,2.936029182565287,False
20572,2.935585900971283,False
7892,2.9353314764929825,False
17504,2.9353218011356894,False
5458,2.9352236509570604,False
5865,2.9352070191879083,False
1478,2.9347913345921395,False
9368,2.9345256747991577,False
9134,2.9344565566051997,False
10556,2.9342373045487458,False
5927,2.934129550226272,False
7528,2.933800072172931,False
6840,2.9334489531401324,False
15901,2.933396073485211,False
17665,2.9325429785488453,False
12111,2.931368150215528,False
7442,2.9313000923444714,False
740,2.930456788606495,False
2421,2.930398027992936,False
15116,2.930157371993502,False
1746,2.9299399685067193,False
19626,2.9298572362739463,False
3659,2.929558086710008,False
5159,2.9288264365169034,False
1532,2.9283046962485795,False
9054,2.92785221877854,False
5920,2.927674750600995,False
20015,2.927669912839973,False
2877,2.9268883753778634,False
20159,2.9265795601188778,False
7942,2.9264148324450763,False
13410,2.926090174690808,False
14589,2.925908894321763,False
14678,2.9253904022076327,False
13333,2.924943873495092,False
17962,2.92427635063995,False
1392,2.923366886800844,False
2825,2.923098127153467,False
14381,2.9230950191422203,False
5157,2.9230931163317,False
1769,2.9230316771224256,False
19874,2.922607465585343,False
14379,2.922263681001427,False
9115,2.922141076159627,False
14955,2.9218614033098067,False
7797,2.9218301549145607,False
15142,2.9217428600452457,False
7974,2.921656948045447,False
19382,2.9215885305977727,False
2209,2.9215194433996468,False
8358,2.9209107589532874,False
9141,2.9204967467141287,False
12614,2.920184349953187,False
2303,2.9192323547519767,False
9569,2.9191856662626305,False
5011,2.9184981368678153,False
832,2.9181569903247215,False
17552,2.9180743186293263,False
6334,2.918007746817945,False
17641,2.9178023154950115,False
18201,2.91771514126852,False
19973,2.917412345540387,False
11442,2.9168460237101907,False
5463,2.916271311488576,False
11026,2.915992340209184,False
7896,2.9158752005320707,False
7378,2.915826701667869,False
4927,2.915272496647601,False
14978,2.9148043917919058,False
18975,2.9137924852885515,False
17646,2.9133374490973427,False
234,2.913259083447974,False
7452,2.9130797292402133,False
13148,2.9128025163113467,False
14890,2.9127059666219886,False
5193,2.912671746590174,False
20585,2.9122363937691134,False
15939,2.91211276884955,False
5142,2.9113639840044203,False
5981,2.9112189894789804,False
17637,2.910866515075263,False
9626,2.910811636034926,False
14644,2.9106910353835485,False
673,2.9106537493835773,False
11484,2.91025328054346,False
1761,2.90961466829026,False
6129,2.909560149666712,False
15121,2.909529482625551,False
13212,2.909422155622763,False
770,2.9084734536890426,False
4368,2.908299718725038,False
7433,2.9078163272524975,False
3039,2.907447203218375,False
13326,2.9074109513452413,False
6435,2.9073583856983154,False
18502,2.906962697692922,False
16280,2.9067884932844716,False
743,2.9065682367194707,False
4903,2.9053022501241714,False
920,2.9048625750039516,False
14738,2.9045454643430872,False
20393,2.9041313786655016,False
4800,2.903772338110657,False
2972,2.9029313880121226,False
8549,2.9025864428321437,False
19084,2.9024810316937995,False
7876,2.9020976449292544,False
18954,2.900503464419483,False
8890,2.9004293982993943,False
17980,2.900381346812104,False
2296,2.9003513460778794,False
7887,2.8999053660258864,False
10756,2.899673104484189,False
3976,2.8994244521981924,False
9944,2.898605483102653,False
11529,2.8976505530922014,False
13705,2.8975683963361103,False
2810,2.8974846964233496,False
7195,2.897455041039955,False
12046,2.8974230100556895,False
18181,2.897391570081057,False
7345,2.897015605499284,False
13294,2.8968835578049825,False
16479,2.89681985384171,False
19520,2.8964519955200494,False
7930,2.8961794352118617,False
9254,2.89612673540712,False
18204,2.8952489234091505,False
20234,2.8951418624304894,False
9640,2.8946004433322825,False
19835,2.894286690738055,False
7417,2.893725280769534,False
17764,2.8935827011407387,False
3406,2.893496696614463,False
625,2.8933774693443635,False
683,2.8933274805492353,False
11341,2.8933006820567253,False
11629,2.8923919629337838,False
769,2.89236350850622,False
7268,2.8922841975846216,False
9949,2.891312675702368,False
216,2.8912974937616394,False
13304,2.8909761572256043,False
2927,2.8909710059109335,False
12659,2.8904385433893784,False
11660,2.8903147896212147,False
8324,2.890169466052818,False
14252,2.8900673143188644,False
8820,2.8897892178958213,False
19238,2.889374084004203,False
7321,2.8889963192444355,False
19223,2.8888807572913144,False
4535,2.888640594565306,False
6533,2.8879923552711433,False
18993,2.887801897313892,False
5234,2.887792804415602,False
17929,2.887481344371402,False
7238,2.886869964010451,False
9103,2.8865928319636236,False
1289,2.886544887670434,False
10747,2.886413457355023,False
9965,2.886274868115507,False
9255,2.8859748126856446,False
14851,2.8859256055965226,False
1447,2.8841332134235227,False
3160,2.8840418896562308,False
20538,2.8839923641920695,False
20536,2.8829408202163878,False
2344,2.882908749366124,False
16390,2.882765060283356,False
10287,2.882724960659651,False
20144,2.88234846768515,False
13493,2.8822932667436163,False
8256,2.8818584559151685,False
16489,2.880536814156317,False
15221,2.88014254179199,False
20374,2.8798991086230736,False
13153,2.879575916235355,False
15467,2.8794955689569477,False
17661,2.8794469876285724,False
14801,2.87938119741764,False
16458,2.879228782459717,False
8027,2.8788741005122507,False
14519,2.8787630570793663,False
5152,2.8785526036827274,False
747,2.8777345754134647,False
4137,2.8768138784275825,False
13390,2.8760284639896465,False
13436,2.8759177784178434,False
7436,2.875743767723596,False
14576,2.8748930821860874,False
5873,2.874706041696515,False
678,2.8740982783852154,False
638,2.8740686709533403,False
1404,2.8739041182413203,False
16572,2.8733397085276797,False
15029,2.873036670692965,False
8439,2.8726081500969447,False
15026,2.872528114307336,False
15000,2.872081056630739,False
7585,2.8719612296199513,False
12060,2.871925221513285,False
3837,2.8696276328606367,False
18199,2.8693494101450927,False
9246,2.869103257075191,False
5856,2.8684225665835537,False
8629,2.8680397953930172,False
11946,2.8670973165062463,False
5710,2.8649970217160914,False
14767,2.8643887325503687,False
20054,2.8641630492352244,False
7143,2.864133502194603,False
8917,2.8641083116143378,False
14114,2.8640802401048475,False
8006,2.864052925868006,False
20279,2.864011951177363,False
10932,2.8638176440187384,False
3133,2.863789288169712,False
11393,2.8637304889922217,False
17911,2.8637137922853206,False
776,2.8631222261380813,False
10233,2.862870377123139,False
646,2.8627993980056505,False
8313,2.8624106027339518,False
10465,2.862256634848139,False
15557,2.861354767202835,False
1356,2.861317062790077,False
19413,2.8612227666039898,False
19856,2.8610482406216264,False
5411,2.861027214187897,False
13515,2.8609431672231356,False
1833,2.8604405594896427,False
11307,2.858510152293299,False
5623,2.8572392897539625,False
17999,2.8566775037941614,False
15493,2.8566646351027565,False
10351,2.8565747368212344,False
2113,2.856329731028148,False
5895,2.8560632684344713,False
14624,2.855979802422439,False
20551,2.8558321323120275,False
2073,2.8555197501324603,False
16444,2.85448926016152,False
11486,2.854379084238061,False
9275,2.854206056031323,False
13661,2.854110917493344,False
1341,2.853088267668415,False
14748,2.8530290429064333,False
732,2.853007477389461,False
12592,2.852936019443028,False
2417,2.8526122569368617,False
1757,2.8517811250515326,False
12647,2.851419313400985,False
8832,2.851415589467952,False
13662,2.850946074195406,False
16230,2.8504529320782908,False
903,2.8502449492779647,False
7573,2.84973903590006,False
5408,2.8494604777795596,False
3199,2.8494287081726997,False
8945,2.84915268781705,False
681,2.849080539697461,False
610,2.8488577855012682,False
17095,2.8484403087426955,False
7430,2.848308504899546,False
7146,2.847985487464064,False
7188,2.8474244560272055,False
6242,2.8469752905693197,False
6139,2.8464682147809848,False
2057,2.84644145012285,False
14412,2.8464160540676247,False
3783,2.84627435641043,False
3229,2.845948940497123,False
6644,2.8459130046879277,False
15322,2.8452091034853186,False
13692,2.8434711774199304,False
8596,2.8427936040371486,False
7563,2.842243920362464,False
7322,2.841304664791379,False
14728,2.840139465394694,False
8685,2.8400948117245575,False
796,2.8400729742988506,False
14117,2.8397710795028033,False
7248,2.839419375906247,False
12023,2.8392065525018024,False
380,2.8384381066995577,False
5813,2.838146545199278,False
20430,2.838044889228155,False
7566,2.8378850595977383,False
3581,2.8376083647397774,False
14177,2.83730509964324,False
16555,2.8371185938019687,False
6797,2.8369270848328263,False
7595,2.8367328002230296,False
18579,2.836334209892878,False
16228,2.8359358803510855,False
8200,2.835689030959858,False
2211,2.8352168612763395,False
19899,2.8352091285664422,False
11097,2.8349840709797856,False
7964,2.834758325072872,False
4798,2.834432211341279,False
5632,2.8340333675781246,False
16373,2.833832456166813,False
5526,2.8335841524344705,False
997,2.8331612621107993,False
10817,2.8329669195460307,False
19073,2.8328181955197778,False
10980,2.8323743310657816,False
19017,2.8322401111283373,False
19585,2.8315642335347255,False
6031,2.8315057556129197,False
16554,2.8311540096811343,False
8423,2.831148656350649,False
16512,2.8307071142087117,False
18003,2.830134796372059,False
6035,2.8299039345475894,False
8484,2.829150296503294,False
9357,2.8288532237189514,False
14032,2.828795275353123,False
3033,2.828629154364104,False
15518,2.828623187800023,False
3435,2.828385325848625,False
6011,2.8276850309780643,False
5025,2.8272613818555996,False
14710,2.8269980630802998,False
4803,2.8269817837095776,False
13313,2.8266880697401273,False
19098,2.8264321028058887,False
20422,2.8258557899808037,False
7171,2.8247581824699357,False
18154,2.824428698867159,False
2892,2.82348170702389,False
13222,2.8233710304593274,False
4180,2.8228005820861757,False
4396,2.8226063174698877,False
17867,2.8222475320711293,False
1474,2.822224386261631,False
8362,2.822128331396437,False
9918,2.8212531588760115,False
10913,2.8209085659428808,False
11527,2.8200892359656695,False
8105,2.8199879842117994,False
7098,2.819765382763498,False
17649,2.819530281992124,False
17955,2.8183342031750023,False
3020,2.8167753314396076,False
3827,2.8163035167570163,False
3206,2.8160050600721345,False
3604,2.8153055619823633,False
6699,2.8151366458508638,False
8707,2.8139622469902705,False
5317,2.8137614533635666,False
797,2.813122664373509,False
7602,2.8127961746071994,False
19830,2.8115049328689854,False
7943,2.8104096664577227,False
2363,2.810238246837727,False
15165,2.8100250543811036,False
15346,2.8099644178863086,False
4881,2.8098910180660077,False
892,2.8097549698919124,False
17517,2.809278884103737,False
3370,2.80889729483983,False
2916,2.808751948273796,False
9221,2.8086937019797773,False
18023,2.8083675745758327,False
8710,2.8082159983392985,False
5212,2.807693864019511,False
8963,2.8076937924538217,False
8035,2.8076371233385125,False
19946,2.807584043552091,False
2070,2.8070413701010692,False
11363,2.806676251708589,False
16470,2.806296238305957,False
16468,2.80582540406638,False
8497,2.805439878927896,False
16299,2.8053506773132524,False
8641,2.805300831140958,False
4384,2.8049934193565016,False
8873,2.804560878334913,False
14406,2.8045262874275814,False
20217,2.8044462005927264,False
4323,2.804442370240429,False
3656,2.803415151662889,False
13271,2.8033478032393644,False
18313,2.80302932756741,False
20052,2.802358780926178,False
14699,2.80234641434207,False
4502,2.801351746990472,False
12078,2.8012967638519557,False
15074,2.8010386325563594,False
8544,2.8009659852383675,False
9236,2.800528596441687,False
13355,2.799900189139997,False
8128,2.7998815503179957,False
13499,2.799136231756611,False
17102,2.798502925024776,False
9249,2.7984703733764387,False
9044,2.7974009772430573,False
859,2.7971943187538866,False
4796,2.79629577004994,False
5413,2.7954011020237717,False
3225,2.7952605587954733,False
20201,2.794845281489496,False
20143,2.7948110116578597,False
18920,2.794658493895909,False
9632,2.7943967098561036,False
20286,2.7942744017090195,False
14434,2.7942726443384984,False
8661,2.794230452682582,False
6064,2.7930361882306607,False
11613,2.7923377004724066,False
7959,2.7922846216888546,False
20262,2.7920003672019282,False
4051,2.791981569657862,False
8968,2.7917401259889676,False
7611,2.7913154110566376,False
4543,2.79112021575299,False
20049,2.7906191680148837,False
10930,2.790349674113103,False
10596,2.7903239353601155,False
13250,2.78981801388945,False
2179,2.7888572122468824,False
11295,2.7887393720793243,False
13343,2.78845885873207,False
15381,2.788315993889002,False
8292,2.788181200948026,False
8184,2.787725195899678,False
7190,2.7871446427789426,False
1019,2.7864260930580684,False
3170,2.7853752071262328,False
5206,2.784582287490615,False
17918,2.7842073040625817,False
8831,2.783790883972727,False
8366,2.783522402036366,False
5569,2.783300522087537,False
739,2.7830274284427183,False
16509,2.783009191439427,False
17996,2.7827409325800936,False
16457,2.782626868649759,False
17127,2.78219988907367,False
9219,2.782172149988022,False
9655,2.7819678923845723,False
16583,2.7817483138608523,False
10304,2.7814884679521956,False
2832,2.7808036072188527,False
6430,2.7807587219502024,False
19029,2.7806267491067693,False
4747,2.780264230937446,False
14726,2.7799924926388417,False
20173,2.779935238063464,False
19172,2.7790768205774192,False
4215,2.778860458901353,False
595,2.7784495618402154,False
7246,2.7783239730840297,False
5791,2.778259147697176,False
11952,2.7779479802575135,False
1836,2.7771592965781053,False
17650,2.776837763413125,False
8588,2.7764647007788446,False
20033,2.775684743928864,False
16333,2.7756463148547397,False
20218,2.7750639746122974,False
2118,2.774530987438185,False
7311,2.7745044381552275,False
5124,2.774383530107384,False
11048,2.774379761159687,False
17737,2.7743402725511546,False
6853,2.77428477159462,False
7237,2.7736961231965327,False
6228,2.7736666779234,False
13432,2.773655409634869,False
18959,2.7731299245193988,False
5615,2.7728981522443954,False
3756,2.772645631208374,False
5655,2.772416940423948,False
17948,2.772359808714546,False
17602,2.77227837557281,False
4882,2.771994747814684,False
19390,2.771765608217197,False
15087,2.7717016895218354,False
13216,2.7715972459149487,False
5918,2.7714897371838485,False
5565,2.769927399174738,False
11580,2.7697371422448276,False
6323,2.7692615089403017,False
873,2.7686077210573146,False
8811,2.7685389495616097,False
1018,2.7681128600407447,False
7239,2.7671910639077764,False
19817,2.7667795644274626,False
20566,2.766311836580762,False
6123,2.766205023825316,False
17703,2.766053139960844,False
18440,2.7657593660203545,False
15282,2.765692670913598,False
9986,2.7653438966576616,False
8281,2.7640632068786184,False
3412,2.7639095530832005,False
20523,2.763795542979465,False
20472,2.763533200031984,False
5897,2.7634853187636272,False
5507,2.7634380128511618,False
19827,2.763249697259772,False
11966,2.76319163160586,False
8751,2.7628124339402076,False
14069,2.7620733312138768,False
3381,2.7620119297821732,False
6807,2.7616489014496706,False
15095,2.761285629528997,False
2933,2.761048677962601,False
4171,2.760769669594332,False
13446,2.760497940211522,False
18586,2.7600178357468366,False
682,2.759489460632569,False
11247,2.759355358724898,False
20410,2.758838851926563,False
6321,2.758763331730476,False
7392,2.758665912203939,False
9146,2.7585342297556212,False
358,2.7581232594206426,False
7173,2.757988992822852,False
7379,2.757518145580059,False
6958,2.754828642876498,False
2441,2.754638472392795,False
4120,2.7543359237854266,False
6180,2.7539352064253233,False
13393,2.7535781677303994,False
7484,2.753432313790235,False
8414,2.753431423779411,False
11947,2.7531640066214287,False
3576,2.753139209694228,False
17558,2.7529464986914025,False
3188,2.752913070489985,False
3447,2.752795255165658,False
5875,2.7520668751794743,False
16386,2.7508745024061705,False
7222,2.75040599092036,False
772,2.7500577102325767,False
11051,2.7497479500550703,False
19635,2.7495072779225507,False
7569,2.7490210157286725,False
8995,2.7487664860106493,False
13442,2.748762124727091,False
5044,2.748606423180923,False
11046,2.7484260056470307,False
10232,2.7483449078423754,False
8711,2.7483089938420906,False
10229,2.747718998248729,False
5125,2.747281988088445,False
9962,2.7471831902572035,False
2383,2.7470658362408376,False
5046,2.7466381106286457,False
6974,2.745859057280945,False
6026,2.745649984846735,False
3593,2.745330237671066,False
5686,2.744142852002681,False
11671,2.7436786766645307,False
2377,2.743627621406764,False
2322,2.743370318705231,False
12261,2.742961070667283,False
15100,2.74295053767484,False
13417,2.7427987025293366,False
20351,2.7426477318060933,False
11372,2.7422315821739733,False
721,2.742083550089143,False
8940,2.7415926374585924,False
3760,2.74146119958016,False
16268,2.7402956651189356,False
7233,2.7400882274790472,False
11675,2.740012962004601,False
19080,2.738075372319626,False
5052,2.737631906686585,False
2263,2.7371750746950303,False
1754,2.737173994659532,False
7331,2.7369986207973764,False
3688,2.7368343162687667,False
20454,2.7366405851832143,False
6774,2.7365071365208435,False
10123,2.7360665420966104,False
1835,2.7350701601677443,False
6686,2.7345420482474525,False
5941,2.7338090759616978,False
4227,2.733039495166565,False
11628,2.7325278382439606,False
4444,2.732409249032925,False
16490,2.732008207326782,False
7284,2.731738517056442,False
15466,2.7311021652705882,False
5817,2.7309267758156768,False
9580,2.730686863169198,False
13371,2.730381053803197,False
6012,2.7302244226869217,False
20044,2.7298186514193543,False
5009,2.729223825367751,False
16264,2.7291747928492294,False
14698,2.7287039030932974,False
19549,2.7279932928029957,False
144,2.726320332399677,False
7515,2.7257047409882538,False
18447,2.7255032400025616,False
15606,2.724909639126409,False
7128,2.72483520746324,False
18074,2.724770596121001,False
15262,2.7244691531687355,False
1715,2.724217836407604,False
4650,2.724180641582883,False
2269,2.7240941185055614,False
8753,2.7240898789380723,False
20026,2.7238040313313774,False
1817,2.723554485132679,False
20185,2.7234566074731936,False
2926,2.7231808785069003,False
16443,2.722991552010641,False
8504,2.7228880435295335,False
7339,2.722423687644809,False
11239,2.7221186021328037,False
6704,2.722072152241027,False
6948,2.7219633084021546,False
12018,2.721852778837639,False
20164,2.721664303238846,False
9922,2.7215204896210956,False
14979,2.7211808586780055,False
17846,2.72111564458344,False
8363,2.721103315950064,False
10924,2.7205671932743556,False
4114,2.7186919245972083,False
17540,2.7182717670704886,False
11219,2.7179609866195484,False
8419,2.7177851904598325,False
5440,2.7176856430943825,False
6839,2.717329278529896,False
7988,2.716980763097493,False
7467,2.7169797982078,False
19085,2.7166040192613927,False
19601,2.7164280288795952,False
4775,2.7162146984067745,False
20345,2.7150747332927603,False
7397,2.715005108376106,False
896,2.7148137089674957,False
15372,2.714553920760629,False
951,2.7143706370382485,False
9649,2.713906901631176,False
15547,2.7135281982157338,False
784,2.7132716265768586,False
2473,2.712798846706508,False
7423,2.712163161761809,False
17940,2.711587723801493,False
12612,2.7112657882375366,False
7251,2.7104311108349632,False
7381,2.7103925054826807,False
3734,2.7097899382600397,False
7900,2.7093040456255224,False
8593,2.7092025490551066,False
2329,2.7090970665992997,False
13325,2.7090038034194652,False
698,2.7089493254219477,False
1017,2.708803784724239,False
19474,2.7087226649326066,False
19629,2.707998205983862,False
7295,2.70760782853175,False
6679,2.7068520759713466,False
587,2.706643428758426,False
4210,2.706384050247776,False
9034,2.706037823172159,False
4228,2.705984150810828,False
6740,2.705575077810742,False
2834,2.7053039566515764,False
20146,2.7049538566959823,False
8082,2.704842858151872,False
750,2.7044808328938945,False
7354,2.704428776191208,False
8096,2.704178435971976,False
684,2.703472728742799,False
13301,2.702888999553805,False
7677,2.702572483794257,False
6694,2.7023737120492037,False
8081,2.7023470122061446,False
3075,2.702248565254652,False
8893,2.7019149441100785,False
7182,2.701908139466934,False
4403,2.7010948952294687,False
6914,2.701038515155952,False
8194,2.7007802581401745,False
686,2.7004197154553893,False
3777,2.7002321116828814,False
11123,2.699598472507144,False
19034,2.6993253056747797,False
2415,2.699275084843752,False
5869,2.6988279454280266,False
14222,2.6984279682926307,False
4760,2.698005862480837,False
8005,2.697526201445822,False
16282,2.6971791516968535,False
7805,2.6971337287041277,False
15043,2.696801220784936,False
18863,2.6966540218157498,False
746,2.6963084593238236,False
10560,2.696054948291069,False
11288,2.6950177466392833,False
15082,2.6947979777456137,False
8682,2.694574670618504,False
19992,2.6945543655698136,False
759,2.6944420456432994,False
6190,2.6942417400784535,False
10918,2.6936877770801635,False
5915,2.6933521595453085,False
11267,2.6930760717628743,False
9050,2.692939291846671,False
7341,2.6928920217287278,False
15023,2.6922798243401758,False
19398,2.692092565397518,False
5102,2.691484867486796,False
8321,2.6914310316561645,False
17957,2.6911335502884253,False
9971,2.690440824097605,False
6890,2.6902031861715496,False
19846,2.6901881167476134,False
8953,2.6884057170673366,False
1446,2.686896218073098,False
5783,2.6855870139128752,False
7418,2.6850157658404026,False
388,2.6848811714840526,False
9074,2.684113544909392,False
879,2.6839264919870764,False
4781,2.6833583002954464,False
11637,2.6833363272261774,False
19888,2.683272030591625,False
10561,2.6824417301424086,False
8092,2.682354158168896,False
4860,2.6821962941737594,False
14787,2.6818779028038584,False
6004,2.6815617894763735,False
4829,2.681550497663877,False
3195,2.681425569385531,False
1308,2.6812937839492843,False
9941,2.6804536484400803,False
11105,2.6803494613309837,False
9531,2.680287152316057,False
19587,2.6802687301532466,False
7260,2.680226360520103,False
19483,2.6797834914402743,False
1501,2.6797464696568785,False
14043,2.679122123480461,False
8377,2.6790839499011208,False
19868,2.6789618375525976,False
5104,2.6784660113731755,False
793,2.678373123314403,False
7337,2.6781705675533587,False
8306,2.6781350894475646,False
19125,2.678132232072169,False
15550,2.6780811088507956,False
9539,2.6774912853232706,False
16515,2.67744455931786,False
11394,2.676871596424152,False
10711,2.67670431137027,False
6761,2.676279876738131,False
4938,2.6761900403881107,False
904,2.6761212455758,False
20230,2.6759400239092925,False
14650,2.675142340308387,False
642,2.6746186792301305,False
3697,2.6742360479538947,False
3185,2.6741976142427966,False
17942,2.673983380715537,False
4012,2.6738877800998355,False
1344,2.673863601207213,False
825,2.6730364068979195,False
8548,2.672951067979444,False
20498,2.672809069917733,False
7448,2.672710012190244,False
8326,2.6717837498335895,False
10708,2.67144237967326,False
11345,2.6712145065295236,False
16564,2.671025308111272,False
8328,2.670841150344606,False
2984,2.670738381069732,False
679,2.670540825962215,False
17951,2.6703219739877824,False
5749,2.6697848545602527,False
5892,2.668665742108114,False
10931,2.6684843460608376,False
2802,2.668415599918936,False
16399,2.668314328463415,False
7180,2.667994509775112,False
6365,2.6678904184069467,False
2143,2.6671572639312644,False
7929,2.6669503002023287,False
1411,2.66640510316131,False
10834,2.665370244045163,False
8996,2.6642602662911328,False
20202,2.6642312846185754,False
725,2.663351673711004,False
734,2.663231941368954,False
3056,2.6628981077413894,False
14586,2.662709737590541,False
13717,2.662436552714656,False
19386,2.662386854342895,False
11379,2.661991582496122,False
8433,2.6617617253531387,False
10988,2.6609083574253454,False
7994,2.660710305913233,False
19614,2.6603436884114324,False
4305,2.6598348834810923,False
18170,2.659332791614295,False
14182,2.658524367415886,False
7449,2.6583147843787613,False
2476,2.65811978596926,False
19907,2.6577114320074444,False
1426,2.6576642764274414,False
5604,2.6574023752687266,False
10686,2.65726879786171,False
7545,2.6567456127384075,False
9017,2.6567327360839603,False
8813,2.65669340344656,False
7521,2.6557612680383755,False
14342,2.6556091062189164,False
8172,2.655172933194648,False
15011,2.6548247296342176,False
9561,2.6547216237090216,False
3201,2.6546349543532615,False
3644,2.65293708765564,False
2461,2.652689732771142,False
11588,2.652683445888767,False
17930,2.6524510071197547,False
1834,2.652373010807036,False
7166,2.6523350491625206,False
14967,2.65164422447946,False
1417,2.651268914807149,False
14785,2.65086470584394,False
17915,2.65039440190575,False
16359,2.6490576026837003,False
9261,2.647718251328681,False
11045,2.6476928925775685,False
377,2.6472086669956774,False
790,2.6470381106112644,False
6823,2.6464656434684994,False
10705,2.646268712619258,False
8898,2.6462100082113458,False
5951,2.646115861881852,False
11142,2.6457814180045816,False
19580,2.645161749988105,False
19532,2.6449100044279135,False
7822,2.644771457007508,False
7981,2.644411915083479,False
19510,2.6441700672732686,False
20000,2.6436352756262695,False
15351,2.6429111144865107,False
788,2.6427463303944325,False
4507,2.642576528077235,False
9127,2.6423715061732382,False
18960,2.641917775852571,False
6934,2.640264304102215,False
18015,2.6400511290701676,False
4698,2.6395465899445583,False
17121,2.6395016564363534,False
2348,2.6393431742676725,False
2811,2.638771002862555,False
10230,2.6387366370084666,False
13147,2.638664884888069,False
15435,2.6385252322970576,False
11430,2.6383650578749784,False
6696,2.638190043765795,False
17784,2.6380578845732856,False
18690,2.6378684184898207,False
11224,2.6375810815214398,False
10659,2.6374827726356367,False
5500,2.6374717406464487,False
2059,2.6373033929218423,False
11091,2.6369686950936213,False
5505,2.6366381778527215,False
18894,2.636602262423077,False
2370,2.6365968112764837,False
18049,2.63629120950122,False
7482,2.636259902292454,False
20048,2.6356865510101954,False
7946,2.635466649628406,False
3161,2.6354643467725216,False
9037,2.6353605503415305,False
2328,2.635152315980376,False
5202,2.6350839961444334,False
7314,2.633929182638335,False
18012,2.633883536493167,False
17666,2.6337097491428008,False
11896,2.6336909995552293,False
10688,2.6326094676168426,False
1014,2.6324808255403545,False
2952,2.632088751711193,False
3151,2.6320429184056473,False
14247,2.6318773495591348,False
20309,2.6317680155945102,False
19534,2.6312584050807306,False
17917,2.6307803219432504,False
4812,2.6307774535544333,False
13291,2.6307712527920017,False
10314,2.6296435532163107,False
2307,2.6291612869442167,False
2472,2.628900191154837,False
8752,2.6286586173115762,False
8307,2.628303479847622,False
11294,2.6282243277202006,False
8411,2.628075572817642,False
6152,2.6279642249512607,False
11930,2.6265999890222753,False
1442,2.6260814622186537,False
3786,2.625725520562186,False
7274,2.625620056590803,False
6858,2.625604000612513,False
3592,2.6255798356003455,False
7156,2.625433189783361,False
9587,2.6253865388437,False
835,2.6249610467697693,False
4433,2.6248174639321986,False
11644,2.6247372352021783,False
17776,2.6245611410325687,False
2863,2.6244625637277816,False
20285,2.6244041673719787,False
15143,2.624167652935663,False
5462,2.6239374083316083,False
11650,2.6235991172096296,False
14251,2.623522317590279,False
17632,2.6233012453380464,False
5830,2.6231669208854864,False
13312,2.6231426272709646,False
6349,2.6225193158126814,False
10893,2.6223114928496893,False
19828,2.6221693343075625,False
16223,2.6215325447483417,False
8133,2.6215008686915917,False
17947,2.621297492216387,False
18135,2.621106608598449,False
14139,2.62014108864099,False
5692,2.6200481503220736,False
10392,2.619613308077784,False
11459,2.619073611171098,False
1683,2.6189349920064497,False
7236,2.6187005126380565,False
13478,2.6186836563164917,False
6021,2.618115018179642,False
4834,2.618112515661076,False
8919,2.6179600835672003,False
4102,2.6179016238899675,False
6952,2.617693017807997,False
8770,2.61722222100049,False
15369,2.6169183655910917,False
14025,2.616629484860626,False
19565,2.6144452542936816,False
7377,2.614334482406129,False
4455,2.613859816318805,False
2289,2.612851778885318,False
11405,2.6128094824951913,False
3065,2.6127648686578864,False
18185,2.612664246070885,False
12064,2.612447781006278,False
5878,2.612403627084803,False
9137,2.6122629126807837,False
19426,2.612078389547279,False
20329,2.6120680635123206,False
8335,2.611349021686768,False
6256,2.611164050203361,False
19633,2.6110566164735394,False
6851,2.6106971869894204,False
18964,2.610458008050921,False
14719,2.6103539888375096,False
2431,2.6102124181484507,False
5864,2.6092334161366137,False
15280,2.608344928849327,False
1717,2.6072860202453576,False
17916,2.6062786451992697,False
15371,2.606004101681913,False
2470,2.6058828670092353,False
8475,2.605811285143254,False
7154,2.6056488777250917,False
8970,2.604731667529201,False
15086,2.6043312582297826,False
8199,2.6042344533372863,False
16526,2.603700387368325,False
9045,2.6036238108806176,False
8724,2.603421311312081,False
580,2.6034020066277854,False
20245,2.6033728912026506,False
7562,2.6032389140608796,False
17694,2.6028430479116835,False
19373,2.6022267063776567,False
16288,2.602206124212882,False
8385,2.601912130456584,False
5886,2.6013422030839823,False
15436,2.601315820319863,False
9548,2.600925708151813,False
13228,2.600566136323902,False
8168,2.6005610011147393,False
17847,2.599643284804886,False
5650,2.599105674371239,False
7663,2.5990123942310825,False
1435,2.5988316312952566,False
10267,2.5981906691454597,False
3544,2.5980541966732376,False
596,2.597530360276762,False
14582,2.5969649632559904,False
11151,2.596607645643124,False
11056,2.596361445634047,False
14831,2.59625724101301,False
11934,2.5953277445713594,False
261,2.594990925239255,False
11956,2.593782254962682,False
8620,2.592506527570169,False
5150,2.592434152052854,False
20031,2.592154584177087,False
13458,2.59198967788285,False
3407,2.591835121170551,False
11161,2.5907083930557357,False
11673,2.590667922017251,False
3994,2.5900666899467897,False
4897,2.589245216272373,False
6854,2.589152935728957,False
19399,2.58898357421175,False
829,2.588964962061201,False
5833,2.588837111352273,False
899,2.5886140394627883,False
14042,2.5885445968612615,False
13451,2.58809057010025,False
11367,2.587935704007608,False
8736,2.587894537160668,False
2822,2.5874228996426623,False
7767,2.5868032099805136,False
19564,2.5863492088147075,False
9610,2.5853262879170154,False
5851,2.5852809943060246,False
5855,2.584798862216648,False
20222,2.5843894754842616,False
8473,2.583864462688118,False
17907,2.583410367321452,False
20432,2.583273901856006,False
17591,2.5830442045180977,False
4025,2.582754744697546,False
15237,2.582531921323083,False
728,2.5824408650889463,False
1437,2.582433345385178,False
2808,2.582039509685205,False
20147,2.5819879844261306,False
2264,2.581750174813883,False
14841,2.581184502971702,False
14435,2.5808594068152235,False
6744,2.580836913673476,False
4768,2.5803904098849704,False
2428,2.5801146660001297,False
15162,2.577847102573317,False
6222,2.5769756153287293,False
12051,2.576891242203617,False
4006,2.5765831905039134,False
7349,2.5761356375495597,False
19929,2.575968906252993,False
19893,2.575866691488409,False
9546,2.5758621658824623,False
6080,2.5757236865716435,False
13330,2.574441242674644,False
15554,2.5742980486986013,False
17588,2.574187237335419,False
19954,2.5741315818757236,False
19672,2.573549189076113,False
11248,2.5734021149826103,False
7940,2.5730625090277277,False
19539,2.5722642698590428,False
5094,2.572019233554054,False
7258,2.5717328398701182,False
14571,2.570842188839457,False
10814,2.570507942831742,False
8202,2.5698284873633046,False
10395,2.56917684368573,False
11382,2.5690450443686954,False
19556,2.568976332799407,False
20384,2.5686815790162503,False
8037,2.5686013429395014,False
6630,2.568544956036426,False
10273,2.567974672362419,False
13284,2.567759767181374,False
219,2.5672868837374345,False
17939,2.566835782843567,False
19996,2.5667478785719116,False
5699,2.566605241915848,False
8446,2.565892149366779,False
17535,2.5656006203405486,False
2464,2.565570624924277,False
14159,2.565215536597197,False
16511,2.5649883694838898,False
14137,2.5640150993500264,False
1607,2.563470004577832,False
2828,2.563286097837923,False
3742,2.5629450459418592,False
10374,2.5628733142158016,False
15281,2.562527765499091,False
20288,2.5622679398828327,False
5311,2.5618251013229596,False
5769,2.561468307939246,False
14618,2.561309251363806,False
11940,2.560983601034626,False
8480,2.560878349773372,False
7546,2.5604799987981477,False
2060,2.5600617507334738,False
7343,2.559576274691403,False
804,2.5584678677192194,False
1268,2.5582363188308506,False
14456,2.557985523051995,False
7736,2.557753180617154,False
4827,2.557618832429053,False
670,2.557340429974115,False
6739,2.5561982156945846,False
8565,2.556167907864476,False
18913,2.5560482581918382,False
7479,2.5555982680632883,False
765,2.5551783097342025,False
10301,2.554352632219876,False
17634,2.5538593949810497,False
9072,2.5538449060238553,False
5567,2.5537495571471935,False
2130,2.5528510488640377,False
7637,2.552709977705101,False
11080,2.5522538615783823,False
10965,2.5519942320150344,False
17655,2.5518676285782114,False
18903,2.5513471213540377,False
8389,2.551121731274827,False
14856,2.550436321130901,False
1711,2.550322074929692,False
17994,2.5501503128449965,False
8708,2.5500311691052806,False
19605,2.5498330284985573,False
1672,2.549709142434203,False
6308,2.5497036250550895,False
5461,2.5495094580045534,False
11639,2.5494669884010808,False
13495,2.549153483899328,False
7761,2.548843716674205,False
16314,2.5471262402072465,False
5842,2.547053800756314,False
15211,2.5470474645010377,False
5082,2.546807227349733,False
9957,2.5467716892145393,False
17913,2.54657902312589,False
2240,2.5463716925264226,False
17640,2.5458259675587147,False
17992,2.545664398109837,False
7935,2.545317929825929,False
11270,2.543738407167457,False
19440,2.5434143820761967,False
10557,2.5434065810949216,False
8464,2.5433986658450216,False
5187,2.5430434192997504,False
2447,2.542245842489246,False
11069,2.5422082705498816,False
7675,2.5418639222066077,False
3478,2.541622188202812,False
8899,2.541616955992226,False
7843,2.5414714355796657,False
773,2.540673616965627,False
929,2.5404725908814036,False
4163,2.540362334923688,False
7476,2.5401322503501502,False
6196,2.539030423626855,False
8823,2.539028429446967,False
10313,2.5386781697521696,False
20179,2.53853863437527,False
9897,2.537168052591454,False
3408,2.536560815416563,False
2435,2.5363463939565336,False
9126,2.535595021710375,False
5519,2.535275044575868,False
1263,2.5351390922303487,False
17775,2.5344173713313314,False
16586,2.534388740775004,False
6212,2.53412114921113,False
1701,2.5334143949097605,False
3854,2.5330772896214757,False
6316,2.532051409458437,False
1390,2.5317791814546666,False
14199,2.531534989119894,False
672,2.530997527915476,False
3224,2.5309227516620516,False
20036,2.530599384448185,False
2064,2.530554845372278,False
13318,2.5304023579394155,False
2095,2.5302013671282286,False
19010,2.5296463988290654,False
10978,2.5283659412801933,False
19055,2.5282890673748337,False
3972,2.5277383853480675,False
18968,2.527724557365918,False
10683,2.5274505968986354,False
594,2.5271216464522226,False
8531,2.5265037006176954,False
17860,2.5256701618269624,False
4169,2.5255364139987084,False
12062,2.525534849800567,False
7203,2.523494666359211,False
18966,2.523489763875361,False
5554,2.5222014470907874,False
16363,2.5220193257334644,False
7519,2.521867583909545,False
8282,2.5204205563439026,False
20449,2.5204138860827676,False
8750,2.520343373714158,False
2881,2.520096155244157,False
1490,2.519884179331319,False
5441,2.5197876689171297,False
14792,2.519465903064429,False
7894,2.519339604509311,False
10137,2.5191293406945228,False
7512,2.519010018997987,False
14208,2.5189923412957818,False
14136,2.5189429841147906,False
4538,2.5188356752722427,False
14392,2.5186765434310594,False
8705,2.51841763368946,False
7421,2.5181686802557337,False
8036,2.5179153996207,False
13198,2.517870053726628,False
2873,2.5177345294823508,False
1494,2.517448967727839,False
8102,2.516981663148366,False
2256,2.516304631477384,False
18138,2.516286076330049,False
12038,2.515744258542152,False
16546,2.515435715600308,False
8332,2.5153905675954555,False
15424,2.5146907975284503,False
8032,2.5141082085480373,False
8662,2.5133173610575157,False
7697,2.5124190933455823,False
4357,2.511892721060557,False
4211,2.511849205851776,False
8982,2.5113638959680404,False
20131,2.510822493452338,False
1707,2.5102659817142463,False
7399,2.510020849648964,False
10856,2.509864719999235,False
4655,2.509602243560275,False
6133,2.5095090285199886,False
1809,2.508984728690317,False
7798,2.5084641609104525,False
1600,2.508235574369129,False
6501,2.5076089316970287,False
7404,2.507604269126911,False
11931,2.5074228093115387,False
15051,2.507103873479336,False
764,2.506916774677391,False
8609,2.5064828141187143,False
19066,2.506162573120095,False
4177,2.5060157854379677,False
9175,2.504465454253113,False
11962,2.5044267797395925,False
18030,2.504341242416057,False
19495,2.5038697717233496,False
774,2.502637359170386,False
14187,2.50190446967874,False
2866,2.5017222908609575,False
10088,2.500315611519332,False
7945,2.5002042695358835,False
12061,2.500147382129973,False
11084,2.500087412783187,False
2931,2.5000168027052627,False
7386,2.499520648587911,False
15319,2.498970874269652,False
11496,2.4981950656319705,False
11338,2.4979207453653145,False
2161,2.497612945479129,False
7061,2.497021182290282,False
10848,2.49681912066792,False
15245,2.4967572212397684,False
6743,2.4955234273683478,False
7226,2.4946190381838034,False
5452,2.4945555221748177,False
4482,2.494517834672269,False
7441,2.4944546068118543,False
16563,2.494317947043993,False
7257,2.494299475637122,False
11409,2.4941906020098963,False
10736,2.4940062693228167,False
4764,2.4937294886363186,False
4225,2.4936757905536857,False
4920,2.49348373127156,False
7253,2.4929527922885026,False
3730,2.4922845691963658,False
20260,2.4919789765906653,False
9058,2.491939441626543,False
2934,2.491896421482938,False
8526,2.4913989497072047,False
10237,2.4911766080228555,False
7090,2.4907161165067055,False
14494,2.49049513915217,False
8205,2.490444737422304,False
3155,2.4901755242228605,False
2367,2.489805298515853,False
4893,2.48933069864941,False
19944,2.4892031524748557,False
7989,2.488993079692316,False
5874,2.488797196971038,False
1410,2.4886151197328257,False
20056,2.4885182442750606,False
13214,2.488381406947366,False
11466,2.4877933345706,False
3939,2.487258643893264,False
16506,2.4866218940281395,False
13131,2.4865318559405836,False
5974,2.4861117330387144,False
9046,2.4859025866245696,False
19533,2.4858489569229523,False
949,2.4854757033165136,False
8334,2.4851588944368346,False
17503,2.4845716964807707,False
2123,2.4839616680711076,False
9247,2.483779886079831,False
4919,2.4831878117474306,False
3466,2.483089401731276,False
5647,2.4830458152508914,False
6799,2.482947003791696,False
15004,2.4829040813566845,False
3022,2.482477650362063,False
19654,2.4824640367556037,False
6827,2.4818873370575654,False
19908,2.4817278595113517,False
1459,2.4816355905150793,False
9977,2.4814199153114664,False
10704,2.481293575634891,False
1708,2.4804590636120913,False
11950,2.4798896790962566,False
15448,2.4791360277081083,False
908,2.4788569075847597,False
11543,2.4776456761823065,False
11445,2.477574119680795,False
20037,2.476948808397095,False
10350,2.4761976961666736,False
564,2.4746642551379914,False
14440,2.474662705382972,False
5834,2.474655157588363,False
4802,2.4745504379856182,False
8822,2.473990803155532,False
13272,2.473957829797075,False
15429,2.47329728422155,False
5019,2.4732653806140377,False
13487,2.4726942526957725,False
16442,2.4723242878159475,False
11053,2.4722888511379777,False
11436,2.471122354246596,False
17762,2.471109582559736,False
6566,2.4708731465517793,False
16498,2.470386645001061,False
11226,2.4699833037070187,False
11281,2.469950788894596,False
13290,2.469813826909002,False
16312,2.468573014601607,False
2840,2.4682385468916492,False
20136,2.4680102137738045,False
7102,2.467788756355355,False
8152,2.467300973620384,False
4503,2.4672043668849772,False
2069,2.4671526325591864,False
8930,2.4667153144584915,False
19449,2.4666174896684137,False
6982,2.466463998083906,False
8920,2.4658773162598178,False
7998,2.465850890144983,False
11632,2.4640102620638005,False
10222,2.4638730630465644,False
10674,2.4638513936534743,False
11314,2.4636922491325675,False
1316,2.463188621497597,False
19475,2.4624420261109106,False
992,2.4622732087473445,False
7214,2.4613904245742155,False
5550,2.461146918846313,False
665,2.4607009037034597,False
4023,2.4606511596757543,False
10106,2.4606418418266216,False
11163,2.460626846778981,False
816,2.4600780772791975,False
6813,2.459962281357333,False
20057,2.459891803744741,False
17897,2.4595023396297453,False
4511,2.45915338738669,False
4732,2.4591064760486456,False
7710,2.4590839736619237,False
13628,2.459083304841057,False
2275,2.4584067886950898,False
5649,2.458019243328873,False
7576,2.4577480433973733,False
906,2.4569127287717354,False
6574,2.4567006551192594,False
3768,2.456562251541893,False
10858,2.45520313179102,False
5637,2.455183582787615,False
5795,2.454000652043797,False
1313,2.4530936172821214,False
4218,2.4530565948082788,False
19044,2.4529929135209922,False
17656,2.452661090493555,False
2858,2.4524524722676073,False
5033,2.4522814425898036,False
5190,2.4520619746421315,False
20032,2.451893731035276,False
15431,2.45179011398492,False
13354,2.4514205157818862,False
4428,2.451343596593187,False
12049,2.4513082463381783,False
3782,2.450816673720328,False
2957,2.4501727300893617,False
15159,2.4497729561643453,False
3867,2.449622996281901,False
7382,2.4491294578577105,False
7662,2.448913121229482,False
8185,2.4487628856038617,False
2268,2.447719481142112,False
6408,2.447693731093719,False
10811,2.447389506310298,False
8382,2.4473709822052307,False
19086,2.4473421458323976,False
10762,2.446314708669069,False
6411,2.4462795179062464,False
13161,2.446200057148281,False
5646,2.446149280710512,False
11230,2.445755403371636,False
16502,2.445732584371635,False
722,2.4448265563159666,False
19966,2.4441614947830925,False
4121,2.4438625936717115,False
4910,2.443506021538618,False
5067,2.443133341991009,False
8856,2.442899861827823,False
1525,2.442812697533933,False
19639,2.441476282023388,False
3552,2.441202075297979,False
9062,2.4407533784241626,False
5541,2.4402575845230725,False
2956,2.439347071829125,False
4184,2.4392883160888648,False
7147,2.4389095005507495,False
8712,2.4381836456621184,False
8824,2.4380776380992213,False
19980,2.4371981512105707,False
7415,2.437090591392536,False
931,2.4361259314664476,False
7215,2.435959235886212,False
20010,2.435765830343616,False
3523,2.4345556350911024,False
2257,2.434122933609043,False
6044,2.433318355900494,False
6179,2.4328949391224977,False
8371,2.432581293362704,False
17593,2.432516193041211,False
9227,2.432208570936558,False
5797,2.4316301697307106,False
9092,2.4311854503587966,False
6119,2.431097496747964,False
8190,2.430470788097921,False
1439,2.430288555427204,False
19472,2.4301926779541887,False
2259,2.4279190585791355,False
11479,2.42780204420924,False
13440,2.426524726495442,False
8052,2.426136877009698,False
3718,2.4257301811232583,False
14562,2.4254985549852996,False
294,2.4248972247265694,False
5645,2.424843849321087,False
3145,2.4247394497706276,False
940,2.424629409501504,False
2872,2.4244243405022083,False
17630,2.4243431881913526,False
14622,2.4237138704752184,False
13413,2.423575362191843,False
588,2.4226393323313875,False
7594,2.422044750056926,False
6017,2.4217660068383315,False
20296,2.421760976041943,False
3601,2.4216878972603553,False
14722,2.421329140765824,False
8329,2.421201025773838,False
666,2.420762812315747,False
20481,2.420748178689883,False
11631,2.4205234225657355,False
5446,2.4204552729370494,False
4491,2.4201802612749677,False
10737,2.419955182556631,False
7307,2.419528360885818,False
4508,2.4185901087050157,False
3239,2.4178261696288157,False
7995,2.41724791754758,False
11980,2.4171963183393146,False
17790,2.4171939013100054,False
3422,2.4170092663227076,False
2183,2.4169653192127787,False
10903,2.4169482587893825,False
7542,2.4168651031634023,False
3441,2.416760986115459,False
1706,2.416164488579799,False
5284,2.4161410369435474,False
8534,2.415837983153773,False
7138,2.4157296996648174,False
6513,2.415343073810728,False
3846,2.414303945296039,False
3851,2.414174867692836,False
10844,2.4140674443067978,False
10235,2.4140161091396175,False
3383,2.413981703992731,False
20135,2.4139033956368676,False
6603,2.413713265651234,False
3530,2.4133655405131247,False
15306,2.4127547343241638,False
19903,2.412372245531394,False
15019,2.412120810478738,False
7437,2.4120304685674343,False
14663,2.411971614200386,False
8181,2.411782946477905,False
7919,2.4114367930339147,False
7541,2.41138992807629,False
16275,2.4110431639199486,False
5859,2.4109949319647996,False
8179,2.4108871924312183,False
7400,2.4097002941821684,False
9780,2.4096732465311437,False
17941,2.409209839317114,False
8718,2.408702490115429,False
8033,2.408241726767144,False
8201,2.408095929134371,False
4841,2.4080349456406283,False
1279,2.408032162531004,False
7225,2.407063063020839,False
18996,2.4067943750544014,False
4474,2.406723625016021,False
7148,2.4057004668561057,False
13557,2.405608103594945,False
8264,2.4055394309899403,False
5870,2.4055260175353688,False
19673,2.4051818097884494,False
7416,2.405156496926335,False
2280,2.404258527678205,False
3079,2.402353927668078,False
1440,2.4023467657626654,False
6929,2.4015807399968736,False
10150,2.4013876734216923,False
16295,2.4009181057302063,False
17628,2.4008509758398837,False
4126,2.400601820349714,False
17659,2.4004756936062943,False
6791,2.3998575759628435,False
5581,2.399809500186665,False
8107,2.399167820105375,False
5857,2.3985324896501523,False
3780,2.398413179707591,False
2138,2.3980799447124355,False
7389,2.3977570330770783,False
6523,2.397637377092,False
5166,2.3967581556773454,False
11951,2.3964559908159053,False
10775,2.396379314836905,False
19822,2.395799802603397,False
16284,2.3955289235411596,False
7570,2.3954994723803327,False
3746,2.395411510897947,False
3598,2.394606009021264,False
8026,2.394475909783415,False
7819,2.39325376410631,False
4174,2.3929241510673838,False
7407,2.3928507875874323,False
5914,2.3925380769290703,False
10662,2.391787753769834,False
5862,2.3912925686940683,False
11920,2.391091153640734,False
775,2.3910277331552727,False
2438,2.3902610503429798,False
15546,2.390009630823709,False
4522,2.390006132843157,False
12112,2.3899896382650727,False
14892,2.3897391158297623,False
8014,2.3891231870140515,False
10706,2.3889788872336446,False
2494,2.388563878274238,False
10498,2.3885245348144313,False
766,2.3883636550222587,False
19469,2.388028831624541,False
13479,2.3879874803226944,False
2196,2.3871703406901252,False
4485,2.3871508191888995,False
12034,2.386804042607783,False
11916,2.386670327569007,False
14442,2.3865930834298776,False
2868,2.3865240857715597,False
6547,2.386312445052617,False
19609,2.385974527851291,False
16565,2.3857638420909115,False
5407,2.3851638691849444,False
807,2.3849298187788097,False
9550,2.384922656562033,False
7701,2.3848244950720807,False
2318,2.3842721337636967,False
6856,2.3841321400456748,False
11141,2.3837900731887367,False
2944,2.38339665500892,False
11340,2.382737485824476,False
10833,2.38263415913981,False
5771,2.382560563218443,False
5409,2.382294711205374,False
19478,2.3821179644982617,False
2990,2.3820522755533364,False
6470,2.3819631760487088,False
6554,2.381734731579299,False
6553,2.3812542490867115,False
14665,2.3806738148583477,False
3227,2.380194359165769,False
2192,2.379760394740548,False
7455,2.378643492468023,False
19904,2.378566762145121,False
16292,2.3782037120782284,False
3935,2.377896249852458,False
7745,2.3778105751269463,False
7661,2.377417752851475,False
1266,2.3769118507458282,False
597,2.3768789086697417,False
16242,2.376789923759441,False
7960,2.376591663239467,False
20469,2.375927706651466,False
19481,2.3758642757735893,False
7329,2.3752929345064064,False
9553,2.3751717629466294,False
2283,2.3750951015984305,False
5736,2.374801963461015,False
17541,2.3747218429545534,False
9094,2.374437158132448,False
2262,2.3738392426682893,False
8657,2.373772150039859,False
11508,2.373683530397871,False
2372,2.3736311609110023,False
2320,2.3731669929827897,False
11895,2.3728452961374398,False
3701,2.3725607703182883,False
8485,2.3710937763842983,False
11943,2.371069939038195,False
10787,2.3708475694867968,False
8607,2.370661983385575,False
7893,2.3705767294123534,False
4478,2.3704772643322682,False
17751,2.3700498350283947,False
11077,2.369982325653096,False
20011,2.369615748105953,False
5835,2.369201807125536,False
20242,2.3691326248604354,False
7193,2.3685977284375994,False
7310,2.367471177649153,False
2500,2.3672735901466755,False
2062,2.367220694401432,False
5373,2.3666022864423097,False
17900,2.3662121091668453,False
5644,2.365872284446804,False
9978,2.3653776292216193,False
10226,2.364869319970653,False
4700,2.3648637571660913,False
19407,2.362781499004344,False
9924,2.361531141953762,False
8191,2.3599860999976645,False
6429,2.3599815921709677,False
9541,2.3597473700850626,False
6221,2.3587745346436853,False
13528,2.3585906987454983,False
5143,2.358387855641808,False
1401,2.358065725515166,False
18122,2.3568516842766964,False
18482,2.356835999538535,False
9534,2.3563069676031696,False
5988,2.3559011534186354,False
11460,2.3555844276687092,False
6278,2.3550591884904106,False
6420,2.3546051754662187,False
2867,2.3543916319137583,False
18958,2.3537579748696533,False
5091,2.3533865635450995,False
7075,2.3526620038527635,False
5114,2.3526381415526387,False
3795,2.3524073534472474,False
6991,2.3514290915187477,False
19910,2.350991384975745,False
11455,2.350315722773572,False
11377,2.3494454366561026,False
7862,2.3492434853056094,False
2869,2.3483424535691673,False
2887,2.3481873475810007,False
1681,2.347961474933122,False
8445,2.3461621243114035,False
19056,2.34615703325162,False
8757,2.3457943374240533,False
3839,2.3452485710697784,False
6481,2.3451805565954493,False
7622,2.344960398421546,False
19400,2.3447325341343355,False
20241,2.344694901467924,False
11028,2.3442404004226125,False
11216,2.3442189123939827,False
8826,2.3441753152969182,False
8658,2.3438019082590364,False
11592,2.3432394737661864,False
7941,2.343182193031269,False
18492,2.342672150073719,False
2954,2.3420023567667054,False
10209,2.3413042233965866,False
7727,2.3408744168030715,False
4158,2.3406938029180977,False
3757,2.3405067330636258,False
973,2.3402312871981135,False
6701,2.340120139351076,False
7558,2.3397832550186313,False
1738,2.3395408388776406,False
11191,2.33918828467312,False
6331,2.3390336984820106,False
7978,2.338992112394321,False
6261,2.338719138329915,False
2029,2.3384093677435245,False
3374,2.338202950228391,False
1597,2.3381502265166354,False
3181,2.3373743790446992,False
8713,2.33698165847817,False
2139,2.334339032559639,False
9631,2.333569825353002,False
4695,2.3325593288452833,False
2224,2.3325485317402257,False
10138,2.332449099930092,False
827,2.332003824920408,False
19494,2.331778355748731,False
7839,2.3315740724811693,False
2454,2.331396278382774,False
8175,2.33079673939222,False
811,2.330583930572155,False
4443,2.330464359729408,False
10954,2.3300286544737734,False
11100,2.3295080781262154,False
11258,2.32914529999313,False
9596,2.328609211052683,False
805,2.328282667918243,False
7605,2.3282766197932196,False
16441,2.3280171995210175,False
7207,2.327940195885537,False
9554,2.327906853492796,False
7699,2.327766222318504,False
2491,2.327602830796272,False
8983,2.3268547602025866,False
5085,2.3259523050642286,False
4578,2.3255248553778607,False
4055,2.324756202854593,False
7460,2.324222310149891,False
5796,2.3241894708851314,False
19418,2.3234680648234463,False
16504,2.323075028784524,False
20003,2.322664040404131,False
2180,2.3225783212484346,False
677,2.3217156362260774,False
11971,2.321144797081839,False
11693,2.3205497484230926,False
4361,2.319048666199144,False
991,2.318840486425839,False
9927,2.318663555716423,False
3404,2.3174667911512317,False
8726,2.3174304842279905,False
8165,2.3165397006113873,False
10578,2.3165072912621136,False
2837,2.316355354932778,False
8487,2.316113601576634,False
3144,2.316062786866151,False
814,2.3159408925568776,False
10692,2.3145640810439927,False
6473,2.3141768943574688,False
5308,2.3134588379089704,False
3438,2.313458830940947,False
10269,2.312969892974654,False
781,2.3129123094017316,False
20471,2.312884542192653,False
11293,2.3128187935115725,False
19863,2.3123141688510045,False
11313,2.312313966018052,False
7053,2.3120786615641538,False
6214,2.3117952701512,False
2162,2.3115166505849145,False
11229,2.3099587969137425,False
17905,2.3099287608975914,False
10497,2.3093195687971644,False
7705,2.309204435603978,False
3596,2.3090263425971944,False
16501,2.3090016614660316,False
3562,2.3088934255971623,False
5228,2.3082224267684026,False
11264,2.3079039046275347,False
17914,2.307701171323826,False
6305,2.307114963379987,False
11320,2.3070034859044646,False
1409,2.3066813584100156,False
11392,2.306574437510601,False
2820,2.3064415715065283,False
11090,2.3059735454419856,False
1369,2.3055918152316295,False
7480,2.3053320572233567,False
16481,2.3044301720126423,False
1009,2.303954073247265,False
16283,2.3037902359319817,False
10841,2.3036396226127347,False
12020,2.3032099678256808,False
2135,2.3031782532874874,False
6118,2.3030650419740164,False
16540,2.302978643260211,False
9220,2.302530849517255,False
2288,2.3025004519455514,False
6013,2.3024675966510344,False
7137,2.3021848165633654,False
9638,2.302124450830932,False
7996,2.302103083962141,False
15324,2.301643116611883,False
6406,2.3013082675824936,False
6927,2.3012593455932486,False
17710,2.30112694427285,False
627,2.3006698590200294,False
5176,2.300446704437522,False
3430,2.300027253854665,False
8606,2.2999701572180453,False
777,2.2995719810575217,False
19640,2.2994409255717443,False
2335,2.2990173112922836,False
10938,2.2982651066913338,False
20391,2.297450062875603,False
20064,2.297004408947724,False
8880,2.296723059809071,False
11315,2.296345966572296,False
824,2.295916224097928,False
3495,2.294754882346706,False
8962,2.2936721625678325,False
8016,2.293344482362615,False
10583,2.2930005652780086,False
13219,2.2928654894480447,False
16332,2.292456231130151,False
3749,2.2924240251150936,False
1271,2.291410528433696,False
14089,2.291271115208591,False
12026,2.290893328188724,False
20152,2.2908440114872013,False
7475,2.290841430801144,False
14144,2.2905185492839415,False
8089,2.2901358016780704,False
11126,2.289693311729042,False
19462,2.2896923356239745,False
4372,2.289592713497781,False
11024,2.289551634343847,False
17910,2.2888746134159152,False
3241,2.2885269920450035,False
18953,2.2881952177634535,False
1480,2.287447712804328,False
11190,2.2872264104566455,False
8207,2.2871068275600077,False
950,2.287033012943878,False
7635,2.2870315640727625,False
1431,2.2869973299014763,False
19051,2.2863211261366914,False
5396,2.2862406494521075,False
6102,2.285446541509911,False
2490,2.2839845631888744,False
11593,2.2838847578089823,False
11914,2.2833529056068027,False
19387,2.2824438712930233,False
7127,2.2820874995897333,False
2212,2.2817920711329682,False
11649,2.2812880612864137,False
6970,2.2811769403030637,False
11061,2.279844666891626,False
17613,2.277491203252195,False
680,2.277311378772751,False
4195,2.276473113640774,False
19624,2.276010967952545,False
1378,2.275536338421656,False
17726,2.27545209701697,False
18864,2.2754031771411523,False
10171,2.2752278876782652,False
16488,2.274921201881134,False
12036,2.2748999136390378,False
7610,2.274882813500514,False
2042,2.274787662388399,False
7875,2.2747031585495185,False
7891,2.2745433328390945,False
20477,2.274398795555927,False
7112,2.274354376554518,False
1735,2.2741026426545403,False
2459,2.2734323020396805,False
3031,2.2731236164088067,False
7757,2.273105868799871,False
2894,2.2728020395294304,False
4124,2.2720253315594867,False
6170,2.272015939146365,False
5912,2.2715313412272558,False
15253,2.2712329133054805,False
2055,2.27118458523016,False
7790,2.2707709125646693,False
11017,2.270611354557059,False
4710,2.2702438154502715,False
7696,2.2701534175459717,False
13415,2.269178986721675,False
15549,2.2691371996945353,False
2883,2.269112728403413,False
10266,2.2687123254814034,False
11257,2.2684540679516685,False
7693,2.2672935913564847,False
8680,2.267254573539615,False
7219,2.2664838221008514,False
11273,2.266339904443325,False
20246,2.2660901823847546,False
2194,2.265532334557629,False
6381,2.2636964631011454,False
16530,2.2635199147803124,False
11607,2.2633879476085363,False
7420,2.2631495687782173,False
5955,2.2631312997220494,False
17596,2.262803191636843,False
1418,2.261971440976936,False
19866,2.26175648698155,False
834,2.261600365020996,False
851,2.261334962261465,False
5673,2.2611008397882078,False
7882,2.2609990062990444,False
7319,2.260894231048205,False
8099,2.2606100279398897,False
9104,2.2601686509630117,False
3172,2.260120870541825,False
1460,2.2598905149130513,False
19445,2.2597959311479974,False
6089,2.259755563844733,False
5929,2.2596595863721483,False
5743,2.2592788433453967,False
13331,2.2589907309759987,False
14574,2.258159300786339,False
6606,2.2577250091452763,False
7288,2.257695580102161,False
599,2.257457209481583,False
4777,2.257184760622453,False
19040,2.256337144785519,False
8044,2.2556454342491983,False
15511,2.2556167026240352,False
11118,2.2540705693483494,False
10240,2.253898078825218,False
6809,2.2534154340250785,False
6869,2.253355306839896,False
17750,2.252780305848038,False
1521,2.252703164856463,False
5762,2.252458749509187,False
7440,2.252417140032442,False
19041,2.252150176453039,False
6928,2.2515205843603323,False
7459,2.25108807654605,False
6989,2.24978287859532,False
2839,2.249249023551767,False
7991,2.2485089051756315,False
7194,2.2481229042269235,False
3915,2.247558873419143,False
7982,2.2468026318026233,False
4953,2.246741676388792,False
2911,2.2465509451558856,False
8387,2.246157495333663,False
10982,2.245800451715634,False
11343,2.2455674548775457,False
6627,2.245280906372061,False
7013,2.244911277168107,False
10766,2.2447459070276836,False
2923,2.2441613992976306,False
6818,2.2440035064755857,False
5884,2.243990068803621,False
7033,2.2434591724782456,False
6873,2.2434443335142227,False
4437,2.24235441192042,False
19933,2.241824775611444,False
2801,2.2410281443452793,False
5978,2.2400629505383636,False
6452,2.240027071696134,False
5061,2.2390933984194814,False
10866,2.238589734210646,False
10784,2.2379961857896125,False
16478,2.2378551055241536,False
4651,2.2373229644941452,False
8021,2.236792900529377,False
7658,2.2367528566259156,False
11170,2.23668005041102,False
15422,2.235029001003438,False
13340,2.2348030965574575,False
16297,2.23424052709807,False
5496,2.2337568034784434,False
12099,2.2329846959321635,False
8695,2.2325194096476397,False
3069,2.232424353815812,False
6901,2.232352349957145,False
7966,2.2322291284741267,False
9563,2.2308912372667766,False
2955,2.2306528395719476,False
6025,2.2301673996459552,False
5523,2.2300465953274737,False
7368,2.229130730025921,False
6922,2.228598605110953,False
11368,2.227631474070544,False
19488,2.2274603001838327,False
1682,2.2273531810759195,False
10227,2.2272489587252764,False
16220,2.2271511643665756,False
5444,2.2268496163545772,False
13227,2.226670776584399,False
10805,2.226333794608193,False
11158,2.2260552100646898,False
19501,2.2258599710188562,False
11452,2.2257497576471903,False
4801,2.2253210340424863,False
1463,2.224788872059902,False
1379,2.2246775427733336,False
3074,2.224209442242166,False
3194,2.2240176681224,False
815,2.2238435467214384,False
2807,2.2237885544207905,False
8779,2.2224170287325244,False
5788,2.222083016418994,False
11269,2.221688099850655,False
4179,2.221629506176824,False
20063,2.2213407690208857,False
5287,2.220845619138483,False
7597,2.2207740209212714,False
9230,2.220713652919528,False
9933,2.220107921978027,False
19826,2.2197281783506835,False
19450,2.218801974761275,False
7428,2.2186616280201763,False
17712,2.2186204446976987,False
3969,2.218189142120841,False
4689,2.21725407937811,False
20221,2.2171360025502835,False
5583,2.2170411295030314,False
6506,2.2170296372753664,False
11653,2.2164754367732975,False
13391,2.2154271825971117,False
7564,2.21523905779893,False
6882,2.2146348694901024,False
600,2.214569157747478,False
8051,2.214196128689621,False
10453,2.2134191341260534,False
8907,2.2124296629110027,False
6672,2.2121427395160502,False
8017,2.2110922655066187,False
6902,2.210845760651994,False
10555,2.2104940481270043,False
10503,2.210138744327775,False
1007,2.209799440044401,False
7835,2.2088161880620256,False
7969,2.208360433361477,False
12079,2.208299086179851,False
8772,2.208182665844555,False
19568,2.20760456769136,False
6528,2.2069234050639825,False
10504,2.20686155936741,False
7990,2.206548982392378,False
8906,2.2064084779660655,False
8542,2.2060730652950893,False
1536,2.205367684100482,False
3012,2.20520279408684,False
9599,2.204752800612563,False
19526,2.204489438649561,False
6233,2.20379456095895,False
7007,2.2031522352246187,False
11665,2.2030997434636883,False
20029,2.203094693104803,False
14390,2.203051454650316,False
2947,2.202979430775125,False
4769,2.202046203705651,False
6001,2.201903230560334,False
11573,2.2010207886742315,False
10836,2.201019078288478,False
3731,2.200942526999039,False
3722,2.200515554336789,False
19965,2.200395485454571,False
7401,2.200133965212941,False
1305,2.1998900027015527,False
8838,2.1998417122719576,False
11418,2.1998100378527172,False
7804,2.1996709722625556,False
11189,2.1995714424628354,False
9901,2.199469506846855,False
7956,2.1992975264558314,False
11981,2.1986953945652816,False
8173,2.198505515489607,False
16418,2.198089170827971,False
3403,2.1980246744973564,False
4473,2.1975732723342736,False
7170,2.1972360249190066,False
20489,2.1970653632857275,False
3599,2.196584858943283,False
3977,2.1962353388360154,False
7648,2.19582585682432,False
4521,2.1951127350359885,False
6459,2.193881848184182,False
8663,2.193500895474207,False
13224,2.191388041649568,False
10859,2.1911861981171166,False
8830,2.1909453255892504,False
6039,2.190788615657297,False
3041,2.190364640800721,False
5105,2.1898892594799793,False
8448,2.1897111432041303,False
10740,2.1896544177690043,False
11422,2.188885166914172,False
11350,2.186234611845462,False
3087,2.186020681062616,False
7579,2.1847653504863667,False
19960,2.1841367572327135,False
11972,2.1838211810248573,False
9574,2.183042208297674,False
8378,2.182351229312676,False
7025,2.182190318458438,False
9909,2.182032247982349,False
6280,2.181054241244107,False
1360,2.1809142175922673,False
11661,2.1804078771032738,False
11572,2.180115773557769,False
3641,2.17967118059972,False
3586,2.179669548313424,False
9643,2.179001351635041,False
11128,2.178704141042578,False
19993,2.178475391081015,False
11085,2.178257563903,False
2302,2.1780618571910213,False
6564,2.177931752252143,False
14457,2.1777578051320283,False
7880,2.177724479185372,False
11131,2.1773724188916432,False
3453,2.177311457902523,False
2880,2.176948788606299,False
8024,2.1767432758306153,False
18951,2.1766008054442967,False
10960,2.176302466029399,False
2287,2.17620252951827,False
8954,2.175774868139634,False
16278,2.1754157502934977,False
19512,2.175027953524744,False
6040,2.1749832458044915,False
5656,2.174636990732282,False
11691,2.1742797396696916,False
8562,2.1731610499986487,False
6053,2.1730262904417605,False
8368,2.1729151179145343,False
3991,2.172867132020946,False
691,2.172359901257227,False
12075,2.171561492817326,False
11539,2.1714544897886356,False
5681,2.1704923495830455,False
11271,2.170201368666681,False
813,2.1685935313875557,False
3936,2.1680256323490616,False
3943,2.167838665228945,False
11280,2.1676849756656624,False
10264,2.167377232768729,False
15419,2.1670920604473043,False
20401,2.1670240597624852,False
8967,2.166971169349727,False
753,2.1668422478899902,False
626,2.166686789806892,False
10260,2.1660228336655543,False
1483,2.1659504064709285,False
4476,2.1647385276407203,False
6749,2.163629200403016,False
11984,2.1635360360421414,False
6314,2.163399896639811,False
8125,2.1628343063391418,False
9544,2.1620111573803915,False
5424,2.161043721036341,False
8969,2.1607500061187794,False
16328,2.160328156978366,False
1257,2.160013707888041,False
9542,2.1599984812026576,False
7464,2.159423414228596,False
3864,2.159262751781754,False
20448,2.158658055542144,False
5614,2.158198378603192,False
8973,2.1580480136541613,False
11910,2.157789677119073,False
1265,2.156365864127057,False
6144,2.1561047718725668,False
7634,2.1556620292904105,False
7088,2.1555809212543826,False
11283,2.1553165970141905,False
8821,2.1552112649280115,False
6906,2.154913498716336,False
9926,2.1545227343205564,False
3773,2.153438556073939,False
6468,2.152926542913547,False
13186,2.152613319191982,False
2817,2.152326559778166,False
16471,2.1521913599001614,False
10179,2.1520577844272,False
7124,2.1519891008633705,False
15382,2.1518802886152937,False
2190,2.1514050044756763,False
11352,2.1513123343935634,False
17791,2.151290685857754,False
2853,2.1509506489170462,False
13266,2.1505321634788226,False
13149,2.150145493991648,False
3026,2.1495796171044277,False
11638,2.1493653260754173,False
3672,2.1491256504955376,False
11002,2.148874952189159,False
11570,2.148718481965556,False
7821,2.148305007108355,False
4804,2.1477438517943277,False
6822,2.145861088672966,False
2258,2.145793476863809,False
2455,2.1453309646399976,False
10798,2.145210615946666,False
2286,2.1448515877295136,False
6207,2.1444543452172757,False
11590,2.1432666973244046,False
10791,2.143261192105762,False
19437,2.1426829090198414,False
7609,2.1423609835498607,False
7406,2.142249931411389,False
9948,2.140267895882859,False
4825,2.13972923235808,False
4249,2.138654288948781,False
7252,2.13854980523103,False
3825,2.138363283736875,False
11171,2.1382117497676854,False
6957,2.1379802029688317,False
3642,2.137676244460259,False
13287,2.136791613669198,False
10190,2.1362828527368416,False
1448,2.1360616044288854,False
8169,2.1348226110598905,False
8290,2.134744655831815,False
6174,2.1342274935551355,False
3748,2.1335838036006756,False
7689,2.133302522612827,False
8303,2.1332644618305676,False
17870,2.1318355367318684,False
11079,2.1317936078712414,False
11023,2.131647398930296,False
11175,2.1302730135171934,False
1400,2.129894264758839,False
7140,2.129723581695427,False
15084,2.129271245631257,False
10250,2.1284375774807796,False
5991,2.1284327593904866,False
11047,2.1284163410314365,False
7122,2.127784865523091,False
19487,2.127262862617053,False
19550,2.1271935595649083,False
6783,2.1271046977829595,False
20482,2.1263426449344056,False
20002,2.1262906450261783,False
1649,2.1259751692102604,False
7685,2.1254162501212055,False
884,2.1252513939793385,False
10502,2.124555189773236,False
909,2.1243726911250196,False
604,2.123307262232151,False
7807,2.1232971090708244,False
8442,2.123158094458893,False
7977,2.1229191168355466,False
3182,2.12068110150492,False
13255,2.1201191609526093,False
11978,2.119355304877913,False
8018,2.119083747459595,False
4931,2.1187900567434546,False
4086,2.118671664897897,False
789,2.1183382227177106,False
5455,2.1182557110555256,False
3597,2.117568608415893,False
6217,2.1173090547367615,False
7505,2.1171560464742964,False
13288,2.1164258669336986,False
11193,2.116180784623185,False
19594,2.1159716267758544,False
5512,2.1153644589264564,False
10223,2.1153310743814018,False
6525,2.115328364757635,False
8370,2.1137387180730247,False
802,2.1134992797876837,False
6132,2.1127887451371326,False
8174,2.1119516143122277,False
8649,2.1119514047631553,False
13160,2.110345743518698,False
3397,2.1103040079565427,False
10851,2.1102813959075117,False
3027,2.1093311365331133,False
5359,2.1083177679022995,False
1292,2.1082479381299812,False
7409,2.1075505281717124,False
16513,2.1066198360136763,False
7205,2.106545483483729,False
11115,2.106232960172087,False
10995,2.105388804484341,False
6109,2.1052573741221767,False
6508,2.1052501674716533,False
10345,2.1048992590819102,False
11106,2.104390707830694,False
9076,2.104310465154893,False
5510,2.1024225846719227,False
5504,2.1022709227491645,False
11235,2.101518667636143,False
6000,2.1010787740122314,False
1326,2.1010530716061897,False
2037,2.1009360029977104,False
6857,2.100729160817774,False
937,2.100382698491691,False
7532,2.1003075238849545,False
11256,2.1000726242512417,False
3911,2.0998396005004123,False
15318,2.0998240961744834,False
13327,2.0997848571850533,False
6404,2.098948308706775,False
3067,2.098697133826615,False
14620,2.098209903142875,False
6499,2.0980758441401615,False
19563,2.0978582405851656,False
17697,2.096948933053195,False
4085,2.096943442019166,False
7844,2.0967961292438058,False
2282,2.096053760234165,False
9657,2.0957252395839348,False
3163,2.095516921360199,False
7126,2.095479311828727,False
5595,2.0952755795405356,False
12054,2.0937794328633004,False
8007,2.0936296737310918,False
2905,2.093278017542171,False
7110,2.092884031530888,False
6402,2.0918157309101186,False
11364,2.0914943397729973,False
3925,2.0910862974031597,False
8936,2.0901834572297027,False
1481,2.0898797325630714,False
6954,2.0898492369942936,False
16592,2.0891540379100126,False
4830,2.08895092037793,False
7801,2.0883372401197375,False
8702,2.0879387264787668,False
4386,2.0879286479082295,False
12045,2.0875976206709703,False
7043,2.0875964464099326,False
3772,2.08750927399183,False
19985,2.0873591836533807,False
5346,2.086503226969673,False
3071,2.086474710790893,False
7756,2.0861903000524777,False
7232,2.0854830742999098,False
5051,2.0854464333174367,False
7871,2.0846363027554924,False
983,2.0842856685976425,False
11555,2.082298906316508,False
14619,2.081589254041358,False
6351,2.0787825193488025,False
15028,2.078707818285851,False
11013,2.0785742102001823,False
7615,2.078137162581325,False
18929,2.077988453406844,False
5592,2.076532886150794,False
7426,2.076278694723181,False
7045,2.076272877564181,False
11687,2.0758142386079395,False
7504,2.075690643174109,False
15472,2.073667127393186,False
1302,2.0734346807010713,False
11423,2.0731961044941447,False
3738,2.072522575350134,False
2164,2.072277958582482,False
14118,2.072163755863386,False
8345,2.0712972024254337,False
11425,2.0712725048963363,False
15244,2.0710020600958465,False
13409,2.0707323207581556,False
18967,2.070538094936044,False
2924,2.0697559480759598,False
7664,2.0696909644738146,False
11059,2.06926371184998,False
10173,2.0688028615322565,False
10768,2.068787262025878,False
19508,2.0678701750672035,False
7612,2.067659057041378,False
7488,2.065832335372828,False
4239,2.0657268225390015,False
1499,2.064729243175213,False
5588,2.0634749532258394,False
3614,2.0632181340310094,False
5962,2.062771344689831,False
939,2.062482581486705,False
8627,2.062240417576211,False
6009,2.062172855409023,False
10265,2.0609181862201584,False
6016,2.060638299552801,False
16585,2.0601205198020756,False
19860,2.060008995560475,False
19604,2.0585294689381075,False
19994,2.058475865451439,False
11604,2.058069352036232,False
8070,2.0580038015644493,False
9012,2.0579462730968943,False
6160,2.057375160479021,False
14594,2.0572018931772984,False
762,2.0569554363807185,False
7103,2.05691116946461,False
7520,2.0567712392391964,False
8441,2.056020280621454,False
9629,2.0559411431341434,False
7866,2.055088325230538,False
14559,2.0544458019202008,False
3816,2.053887717201647,False
6819,2.0532856987137844,False
11206,2.0521550728781355,False
9105,2.05172145547426,False
2809,2.0515863707078763,False
10441,2.051343993579689,False
1394,2.051301760104156,False
11278,2.051235458193693,False
9075,2.050972198149052,False
7196,2.050651186458481,False
7533,2.0497851903309874,False
1422,2.0497028163265956,False
19499,2.049593457245529,False
7591,2.0491813923226654,False
7092,2.048944873559027,False
13408,2.0478304845521835,False
16298,2.0470487395019576,False
7155,2.0467208247235913,False
7764,2.046504906599925,False
4765,2.0464603237527235,False
20005,2.045495951319782,False
17785,2.045279405119567,False
10114,2.045080733765091,False
11556,2.0448475460768,False
17749,2.0439113984269213,False
8488,2.042993854481387,False
3980,2.0427654794473367,False
11147,2.042101762052211,False
8436,2.042002173422023,False
902,2.041751933846145,False
4464,2.040888395704486,False
16311,2.0369430948226457,False
3758,2.0365321917428947,False
6244,2.036128547234188,False
6464,2.036112227688759,False
10103,2.0347678588320823,False
6439,2.0346914941657768,False
8896,2.0344466722457883,False
17757,2.0338320858558347,False
9636,2.0335813731954984,False
5167,2.033537839059381,False
9641,2.0334679242338765,False
20411,2.03209519220931,False
7976,2.03186178242994,False
2986,2.031302326658515,False
10143,2.0311459539112997,False
6198,2.0310822385618366,False
3219,2.030785201201901,False
2188,2.030597426710287,False
833,2.0304413853140506,False
8812,2.0298468579648494,False
6763,2.0289203031828094,False
12028,2.028184902349782,False
10435,2.0276844379161156,False
13305,2.026375742592524,False
16407,2.0262322600629035,False
2248,2.0262236220661602,False
10225,2.0247210585273265,False
3432,2.0245527114817095,False
5973,2.0244362229554724,False
18930,2.024059727410968,False
2492,2.023528034859275,False
1539,2.023365557611255,False
3878,2.0233639443420812,False
9535,2.0233599915500293,False
15302,2.02318344654657,False
7600,2.022444515016066,False
3513,2.021934254023829,False
5872,2.021891035422359,False
6963,2.021411129052862,False
16514,2.020643630102855,False
589,2.0202200003578685,False
19958,2.020128393421378,False
3726,2.0192627415242907,False
5393,2.0192032870836285,False
7711,2.018951347145478,False
12033,2.018827155984841,False
16406,2.0187997116824867,False
7565,2.018633400502915,False
7534,2.018219269324887,False
5577,2.0179322701123734,False
3017,2.017834637861963,False
8161,2.017776978251586,False
7244,2.016784368595787,False
7816,2.016535847259887,False
5832,2.016281340795442,False
6193,2.015919314735438,False
11562,2.0156438453901493,False
11179,2.0153169090011644,False
8762,2.014785054893651,False
7676,2.0145296514508444,False
7317,2.0139866573978944,False
5617,2.013633720019159,False
2849,2.0134961468325474,False
9069,2.012889082413081,False
7766,2.0127866305191313,False
1428,2.0120592231491123,False
11070,2.0118020800222993,False
3563,2.0116061645799324,False
6471,2.0116016920546285,False
19611,2.0103321585229015,False
14588,2.010308866864026,False
20055,2.0097232368585622,False
10707,2.0091138196434644,False
5698,2.0088141784550233,False
3246,2.008578032027604,False
7328,2.0083727254198087,False
5997,2.007612615550607,False
4164,2.006958678076145,False
19588,2.0064189678751263,False
13203,2.0055031722365024,False
7390,2.005162207471409,False
8391,2.0042157987019165,False
2850,2.0041072494007843,False
5995,2.0036185728638447,False
7297,2.0034986110049138,False
20505,2.0033671992568394,False
5049,2.0028072943078183,False
8090,2.002525411851114,False
11134,2.002359007792283,False
8704,2.0022634753055084,False
7242,2.0019233632991655,False
10577,2.0008071328381707,False
6358,2.000507029955651,False
11150,2.0004816773978256,False
7967,1.9994434084516128,False
10189,1.9993325934216646,False
11427,1.9975023274828971,False
11494,1.9971426292163916,False
8012,1.9970571941090087,False
3040,1.996747633574279,False
17756,1.9965954545565943,False
6805,1.9965757042947487,False
6766,1.9956414768801958,False
15420,1.9951402569407826,False
8595,1.995082085446497,False
10152,1.9947017577789161,False
11317,1.9945205399805688,False
4451,1.994469429439989,False
3928,1.9943129554105514,False
8159,1.9941159000777628,False
3220,1.9933927521826964,False
11121,1.9932710279426766,False
12035,1.9925745220273186,False
9618,1.992364540306852,False
2285,1.9921805666193777,False
16267,1.9919503273446075,False
3838,1.9907689585181316,False
11594,1.990526206091237,False
8771,1.9905004438893577,False
9567,1.9903205459462412,False
7858,1.9900957485449848,False
897,1.9898520467777274,False
11475,1.9896018816940293,False
19569,1.9888810933846246,False
7793,1.9884353657324398,False
7965,1.9880688305668182,False
11260,1.987883978635665,False
3164,1.9875666176108182,False
4017,1.9864688103789567,False
11124,1.98472539074631,False
1003,1.9846998493948629,False
7469,1.984299656855029,False
8270,1.9842379914621149,False
3997,1.983647331224892,False
19482,1.9825073216328057,False
7366,1.9820277208226265,False
1462,1.9813385931371403,False
9653,1.9809493024232578,False
7116,1.9808390791626342,False
8470,1.980734937065285,False
13277,1.9800311290888875,False
7063,1.9796937136834454,False
6051,1.979094228287754,False
19881,1.9790868974779363,False
8994,1.978917189508714,False
2882,1.9787351269504707,False
5545,1.9775617719675846,False
2989,1.9772152100086071,False
16389,1.976824249054589,False
11133,1.9763565942325991,False
4224,1.9754257626129346,False
20061,1.9750898423429446,False
8871,1.9747926180592756,False
9144,1.97402102954727,False
3162,1.9728493027254554,False
7135,1.9728250121751838,False
10254,1.9724944725894096,False
7552,1.9722540980039591,False
6674,1.9717921712519182,False
831,1.9717544095628483,False
10835,1.9714111702594606,False
11205,1.9711600650533425,False
893,1.9709427559960684,False
3712,1.9707907082883676,False
6115,1.9707163354417956,False
6476,1.9698522400571505,False
11305,1.9694281099092747,False
18862,1.9691691842031886,False
6509,1.9685637384634829,False
11185,1.9681042929213124,False
5362,1.9679332945367207,False
1352,1.9678031616715632,False
5161,1.9675508987065635,False
2504,1.9658125018934818,False
7070,1.9657489819495435,False
13299,1.9656396644897374,False
8154,1.9656081062711932,False
17859,1.9655685664783409,False
7815,1.9647464979711087,False
16367,1.9642103550642096,False
9038,1.964051455361877,False
4756,1.9636864462437416,False
3940,1.9635460502257076,False
11234,1.96306738468612,False
11078,1.9627131547273597,False
1343,1.9627069123784082,False
6824,1.960148212297224,False
19641,1.9597551964008826,False
8143,1.95959682215419,False
6504,1.9594083469385377,False
19586,1.9593707498318667,False
11167,1.95891769257326,False
8451,1.958404401921129,False
6393,1.9582373386872827,False
8147,1.958107904721694,False
5063,1.9571932496088316,False
1438,1.9570563839134767,False
7714,1.95673565571941,False
6975,1.9566787843227127,False
7957,1.9553383700847453,False
1432,1.9550479685281683,False
2353,1.954106586127664,False
11251,1.9538396532245317,False
10781,1.9530782691045134,False
4011,1.9514825610314719,False
7008,1.9512947565487098,False
2884,1.9512171756589487,False
6796,1.9512008854484586,False
7458,1.9505267417630638,False
6116,1.9500347408456635,False
4465,1.9495052154207313,False
2165,1.9494085458093031,False
14583,1.9493553611478216,False
8170,1.9491069949434894,False
1331,1.948753751712049,False
808,1.9481542007167185,False
3693,1.9476126038203647,False
4226,1.9475041996491727,False
13285,1.9472806998622474,False
4162,1.9467045585206648,False
4499,1.946119129438678,False
11566,1.9457517317348745,False
5837,1.9455122128135827,False
15035,1.9448038301415362,False
19947,1.9441162949230326,False
3469,1.9438450965228227,False
8167,1.943814270068661,False
20398,1.9434709189414547,False
11542,1.9423147654236343,False
6135,1.94214495097029,False
5324,1.9418116008866764,False
10280,1.9417731676596484,False
16362,1.9399492379922973,False
5843,1.9390508617512552,False
5235,1.9388524542052377,False
11181,1.9386672613036953,False
8078,1.9386227893892456,False
6702,1.9376268825860423,False
4145,1.9374313646984103,False
2178,1.93711889454943,False
4719,1.9369878709370445,False
5340,1.9368304059615986,False
11212,1.9360370962531919,False
4100,1.9357521495718268,False
2185,1.9355693578066369,False
8323,1.934892659006032,False
4481,1.9348131412429677,False
8434,1.934663549301975,False
6781,1.9343820931055333,False
6485,1.9339498987828163,False
3037,1.9336779033279599,False
5889,1.933630111311457,False
6219,1.9334113886580022,False
2506,1.9331162540210596,False
7422,1.9322048993785397,False
5790,1.9319825588250408,False
5917,1.93118246733304,False
3042,1.929727799424909,False
7123,1.9295492227438285,False
5582,1.9289388989328629,False
8864,1.928331201371901,False
11065,1.9281801061932038,False
3986,1.927202783758562,False
10878,1.9267413700082638,False
13357,1.926672986985709,False
2816,1.9265989089902513,False
11569,1.9263637858636309,False
13270,1.9257199379071714,False
3995,1.9254367905771899,False
19540,1.9249656571383436,False
6601,1.9239977948179012,False
7309,1.9239506993761761,False
5959,1.9238610663164843,False
7596,1.9237099642980442,False
20465,1.923657140139181,False
7747,1.9236213934379847,False
6101,1.9235256615011433,False
8677,1.923515364554242,False
7728,1.9233313236138798,False
4009,1.9216330031134081,False
5828,1.9208632244182557,False
5447,1.9200296740451472,False
4851,1.9197778825076983,False
5390,1.9186662427311831,False
3762,1.9185927332194774,False
12052,1.9182284498328306,False
4094,1.918008066032078,False
12108,1.917188449187238,False
6894,1.9167203447759618,False
11979,1.9161816297855827,False
13269,1.9161164908542538,False
6790,1.915727504273236,False
5694,1.9153397348614059,False
11285,1.9151460009195986,False
19590,1.915047376836366,False
6167,1.9149224027726763,False
19926,1.9139268127704219,False
7633,1.9133087824853119,False
20468,1.9132750747360947,False
8176,1.9125053924412927,False
10780,1.9122278398007362,False
8041,1.9120953757479509,False
5999,1.9113657606001135,False
11060,1.911337879516947,False
7703,1.910991643094036,False
19928,1.9103777813155756,False
3527,1.9102160075896162,False
1377,1.909267070832005,False
7550,1.9090550704815419,False
6431,1.9089189350097389,False
7799,1.908522643695934,False
6570,1.9077322757171,False
13205,1.907487739147923,False
3951,1.9069052098982042,False
3845,1.9068866952515409,False
5772,1.906685048286734,False
6947,1.9066627121043478,False
4446,1.9065913381190853,False
7206,1.906144682575119,False
11279,1.9060856376534288,False
8866,1.9059231453207728,False
10276,1.9055283891203754,False
11074,1.9051948280998765,False
13265,1.9039029095047084,False
6266,1.9037362246830751,False
11985,1.9036110129860253,False
2246,1.9035793046799403,False
7529,1.902658773447556,False
10808,1.9024950725856664,False
10102,1.9022458261746955,False
7992,1.9018516867929263,False
8023,1.9018242337274631,False
5682,1.9016206165096117,False
5543,1.9014219044707832,False
1300,1.90124078629829,False
7832,1.9002335912758292,False
8566,1.8999712723072144,False
4468,1.899654626438184,False
5612,1.8992426780985299,False
10875,1.8983867595883268,False
10213,1.8981540642685166,False
7009,1.8979728447423643,False
7772,1.8965783567882282,False
1492,1.8964824450980409,False
16366,1.896108848483161,False
10099,1.895809952988789,False
6042,1.8954659145344044,False
7496,1.8950060325069487,False
11472,1.8945975571832347,False
8783,1.8938932258956318,False
7283,1.893650472510115,False
5486,1.8933680934326587,False
6136,1.8903311533245857,False
5666,1.8900938916706598,False
9570,1.8900372316647385,False
6848,1.8897010848450915,False
6094,1.8894906700953822,False
5613,1.8886085378010216,False
11939,1.8878865686244826,False
4652,1.8878763270681893,False
3691,1.8875160335807117,False
7334,1.8874523046219394,False
10861,1.88732396619611,False
7618,1.8865993053674708,False
4739,1.8864502449240144,False
11679,1.885843985023346,False
8773,1.885526042400679,False
9627,1.8847429184229616,False
7548,1.8847231421765076,False
4022,1.883841035298099,False
13261,1.8829534708631739,False
8687,1.8828717945935627,False
6005,1.8816313256221866,False
15345,1.8813729512894621,False
8989,1.881313959237025,False
8725,1.881178065266878,False
3918,1.879891746091178,False
11088,1.8797571861707363,False
11480,1.8790755023974608,False
4207,1.878915195610237,False
11633,1.8787785391400589,False
6169,1.8784054155137442,False
10105,1.877844480951583,False
3234,1.877691766082285,False
7975,1.8772723348882332,False
2436,1.8763073974891635,False
2804,1.8754439647808367,False
8422,1.8751372145564984,False
20341,1.874966143414691,False
3382,1.874527441101181,False
7951,1.8740215879392519,False
11932,1.8739182773064265,False
16595,1.8729080867048014,False
3400,1.87186333832333,False
6019,1.8718336751379567,False
7551,1.8710676051678719,False
5433,1.8707628883414604,False
2842,1.8705503470597713,False
3945,1.8697883003936235,False
7132,1.869333327466658,False
5403,1.8692426137462559,False
19912,1.8686954181666708,False
7750,1.868146547997111,False
7081,1.8669095344118842,False
3152,1.8665858017402197,False
11954,1.8657971601053607,False
7243,1.865652529128368,False
7105,1.864156560832333,False
7062,1.8640415755123794,False
4036,1.8639921798508974,False
8611,1.8638867035769908,False
10122,1.863618460883587,False
7857,1.8633826778610656,False
7963,1.8615460686980114,False
8624,1.861334905681272,False
2437,1.861237663127973,False
7825,1.8607915920787503,False
3793,1.8604906938436718,False
2056,1.8600833152364014,False
6806,1.860070834298794,False
6184,1.8581039043444,False
5993,1.8579374875357537,False
3046,1.856942006438771,False
2293,1.856252827081305,False
1519,1.8562265966309592,False
8444,1.8561346150892342,False
2977,1.8544303323575977,False
5370,1.8536654640073822,False
8069,1.8534492601143286,False
11623,1.8533102265722565,False
7485,1.8531030174672156,False
11548,1.8530559628038743,False
4566,1.8529720331852286,False
11275,1.8520705085456735,False
1406,1.851540188092784,False
6257,1.8514384454493524,False
7758,1.8514094989231213,False
8462,1.8513467505401477,False
8101,1.8510022546098708,False
9107,1.8506719594954042,False
3828,1.850667078190828,False
7561,1.8502767979340424,False
11922,1.850207536854155,False
15553,1.8499358319968664,False
3824,1.8496686709337156,False
20060,1.8496120341271884,False
6384,1.8496035740086838,False
4146,1.8493511339547566,False
5877,1.8492281197532239,False
11075,1.8484297175551738,False
7456,1.8480713919019758,False
3813,1.8480515142947116,False
3840,1.8467076167024055,False
5960,1.8465930252016918,False
4103,1.8464755602520815,False
4466,1.846400224748951,False
6194,1.8453059530311036,False
5669,1.8448523836470945,False
10935,1.8447444624026135,False
7993,1.8445571025369154,False
19668,1.8444763305447043,False
7142,1.8438987094819188,False
5712,1.8438859564268837,False
11255,1.8437490558280731,False
11991,1.842766479027059,False
5322,1.8426974203515054,False
8938,1.8423670046872904,False
19667,1.8423332449282932,False
3890,1.8416813190122614,False
7706,1.8414529344471608,False
11525,1.8404795661746145,False
2843,1.8403653855493607,False
6673,1.840219272582451,False
3662,1.8395851614815868,False
10899,1.8395164912821986,False
10422,1.8391173826517893,False
6192,1.8387439608400342,False
9096,1.8383945586103243,False
2851,1.838213077726155,False
6236,1.8382078952431193,False
7186,1.8381494782453776,False
7091,1.837988676036181,False
11550,1.8374925740310193,False
19441,1.8356746574118215,False
11983,1.8353343261437782,False
19664,1.8347051134662031,False
9212,1.8344053056377059,False
8523,1.8338411429745367,False
16285,1.8334584525746118,False
7754,1.8332365578790708,False
4250,1.8330504414327558,False
6209,1.832804407184872,False
4139,1.8306593409863092,False
7773,1.83023061573562,False
6642,1.8292646851482202,False
1472,1.829017631796793,False
7106,1.8279608276286092,False
8551,1.826258868840278,False
16561,1.8257895546525553,False
5175,1.8247838520832196,False
5431,1.8244271085867436,False
2182,1.8236950792296378,False
6493,1.8234745355223891,False
6941,1.8227867807431783,False
5399,1.8223366286642242,False
7526,1.8221287487995395,False
1449,1.8218901622838946,False
12017,1.8218211677528284,False
11240,1.8216735583349397,False
6176,1.8213280304185222,False
11949,1.8209826829242317,False
3380,1.8209096794283814,False
20130,1.8202965300044849,False
7795,1.820237423817606,False
7787,1.8201028473852805,False
4757,1.8193715915183883,False
2917,1.8191807027950517,False
3391,1.8184717838610907,False
8155,1.817593208756719,False
5908,1.817300389145182,False
7715,1.8170676206024,False
8182,1.8167031460632335,False
8011,1.8152936269987698,False
6986,1.8149542083350307,False
11417,1.814596815874724,False
11625,1.8137680640885043,False
11397,1.8130896935504106,False
3418,1.8130832099039877,False
11582,1.813080585196507,False
8269,1.812364325981195,False
7461,1.8115912751174164,False
3883,1.8111642797064613,False
8171,1.810112718368463,False
8674,1.8098627050901106,False
10133,1.8097598017216097,False
10788,1.8096130188808424,False
8675,1.8093429435258157,False
6794,1.808329326941402,False
16580,1.8078131949355196,False
1518,1.8067390556797012,False
5961,1.8056994320839515,False
5594,1.8056001001485473,False
10790,1.8053283229233337,False
11263,1.8049179687429007,False
5029,1.804726349862717,False
3709,1.8046749474399189,False
6117,1.8040569403171398,False
6567,1.8037011155906937,False
11692,1.8031597114723317,False
7818,1.8029489417220987,False
3985,1.801251176364755,False
6038,1.8008358392829553,False
5643,1.8008078996760988,False
6183,1.8006014414453047,False
8146,1.8004989265026192,False
16499,1.799500307044692,False
10452,1.7990697347458253,False
19486,1.798772107690632,False
11203,1.7978891043937306,False
2453,1.7976924480348941,False
7730,1.7968594811832124,False
8671,1.7967123786215153,False
6655,1.7966796623493382,False
7465,1.7957609794232239,False
1533,1.79526308561476,False
4431,1.7950459169953863,False
8129,1.7949357917449804,False
8061,1.794585712703992,False
11578,1.7942917000215695,False
8894,1.7941098541308826,False
11366,1.7940393739526694,False
5768,1.79366482923812,False
11938,1.7936586143762323,False
15267,1.7928740603602673,False
7152,1.7922467708184144,False
2482,1.7916380061769095,False
11429,1.7910603809237595,False
2486,1.7907024502094318,False
2011,1.79001930328803,False
6175,1.7895925183775452,False
19577,1.789181572375321,False
2803,1.7886913608529587,False
11030,1.7882499726519931,False
7457,1.7875462184380524,False
3426,1.787486396649203,False
6514,1.7870105116411814,False
7659,1.7867900585063046,False
9077,1.7863305780695775,False
11621,1.786133713993475,False
3801,1.7857619701177456,False
3667,1.7853770924779673,False
16302,1.7853098617872085,False
10732,1.785057394566019,False
8166,1.7849689515507352,False
11072,1.784690564794233,False
2845,1.7842027084000298,False
7035,1.7834753747447647,False
3930,1.7827505823571612,False
5536,1.7816891985857395,False
11564,1.7816403849710616,False
11287,1.7815492060337297,False
5676,1.7809676165929598,False
1301,1.7808515286550186,False
19655,1.7800515984595453,False
11681,1.7795213052956456,False
6855,1.7792232373144294,False
7868,1.7788688140645803,False
8399,1.7778923248172558,False
7739,1.7778001671491923,False
6086,1.777531117316924,False
3568,1.7770850334634565,False
13307,1.7765968806542798,False
8946,1.775815725993008,False
6150,1.7757888633906136,False
10857,1.774826891357538,False
11211,1.77480696194658,False
11586,1.7743288784663354,False
8696,1.7741068019484487,False
10146,1.773678212227348,False
7335,1.7732323775403818,False
2243,1.77302161749841,False
3723,1.7729842458684493,False
8895,1.772222252938053,False
3395,1.7711462995739184,False
19444,1.770607060505355,False
16354,1.7703981821075176,False
7017,1.7702760633973744,False
3683,1.77023205007041,False
20452,1.7694542142434087,False
19504,1.7692724174701917,False
6440,1.76828373620032,False
8160,1.7670177567521903,False
7133,1.7665782231736165,False
7694,1.7660253814497153,False
2166,1.765761451853849,False
7336,1.7650791326915716,False
3714,1.765075368390395,False
8498,1.7647714087439135,False
3516,1.7647123038158838,False
6836,1.764643709493929,False
16438,1.7643193213284194,False
3141,1.7640170205095846,False
10967,1.763902320912143,False
3153,1.7630423393064292,False
11107,1.7620144445286208,False
5405,1.761792067291517,False
19511,1.7615157247787923,False
7051,1.7603459694479033,False
7068,1.7603308489555838,False
7823,1.760055548722355,False
3663,1.7597823736218443,False
7446,1.7595049881389673,False
4082,1.7593877692807638,False
4854,1.7593007369379512,False
7080,1.758993285712668,False
11462,1.7582488820370252,False
6240,1.7579637016382659,False
5599,1.7567544807794677,False
8186,1.7563637881978225,False
3982,1.7559816205166832,False
1650,1.7559096670433547,False
1270,1.755546952290084,False
7933,1.7552749064502207,False
19591,1.7552375690947208,False
10943,1.7549769694305049,False
9095,1.7536579326655624,False
15266,1.7534604968556664,False
11094,1.7528758856167332,False
3673,1.7520142134352679,False
10164,1.7518398106873123,False
2175,1.7498423625641915,False
7385,1.749350392618926,False
17793,1.7490169559114683,False
10203,1.7481939163780291,False
6260,1.7476126787824944,False
6780,1.7472762545349472,False
7863,1.7469008744246994,False
8469,1.746848533439076,False
3866,1.7460814546924701,False
5705,1.745928411663328,False
10182,1.7458746032340766,False
8521,1.745486592461082,False
7010,1.7452806906925664,False
5725,1.7428364718644929,False
1259,1.7425235252847404,False
3179,1.7421607790996476,False
7999,1.7418458514667505,False
8163,1.7416621652576953,False
7204,1.741295905975246,False
3577,1.740757158091526,False
7830,1.7402562354807385,False
10862,1.739667808906753,False
8022,1.739521354601727,False
7651,1.7394834623252362,False
10651,1.7382267491984118,False
7737,1.7379171564535318,False
6917,1.7377791500277615,False
4811,1.7371797109784208,False
5626,1.7362994147569895,False
11662,1.7361094452295758,False
6985,1.7360822125260933,False
11308,1.735983417444551,False
8045,1.7359249018497338,False
4063,1.7344244372455737,False
7085,1.7343038320845063,False
6604,1.7341757726448077,False
7082,1.7341148624054457,False
7856,1.7339942124066479,False
7114,1.7329079304449246,False
8706,1.7317832149436372,False
9266,1.7316526290256913,False
6093,1.7316430401598968,False
3705,1.7315918468424174,False
8474,1.731212922222885,False
8836,1.731128730519806,False
12037,1.7310212072546474,False
3371,1.7302776092928616,False
6983,1.7296506481528238,False
10891,1.729444994291681,False
7086,1.7293393107417128,False
7069,1.7286733983692466,False
19606,1.7286287919935868,False
6428,1.728053175914118,False
3493,1.7279817280883596,False
8721,1.7277535007324536,False
8630,1.7271414707586485,False
6163,1.7270764020821305,False
7556,1.7265318723785392,False
6609,1.7261169572655621,False
3629,1.7257761390928548,False
6997,1.7255675075053691,False
5667,1.7249436808859104,False
6899,1.7249257043863189,False
6620,1.7248057407899866,False
7537,1.7247665114913113,False
3968,1.7246169930005362,False
7653,1.724182260540314,False
8050,1.7240364824288221,False
3770,1.7225923091609254,False
3183,1.7219830219146082,False
7803,1.721524691484833,False
11029,1.7208701389926846,False
3713,1.7204391716252028,False
3651,1.7186544287588172,False
5840,1.7181910859269784,False
2276,1.7180415643748483,False
8656,1.7173150729810498,False
7800,1.7173032105038724,False
3639,1.7169244324837654,False
1299,1.7158908882867259,False
4723,1.7155444979316608,False
8158,1.7147941361742145,False
6784,1.7143941570898864,False
6546,1.7128693426045505,False
3214,1.7126170473315558,False
5969,1.7125111626221319,False
10135,1.7118242174284708,False
3903,1.7117017336156448,False
3944,1.7114703219750984,False
11538,1.7114587329609656,False
6121,1.711045628464583,False
2888,1.7107537538345583,False
11324,1.7100170061285231,False
11073,1.70901072547026,False
6336,1.70883095621695,False
6786,1.707879021157452,False
10449,1.7077523758980409,False
8543,1.7070763328936711,False
7039,1.7068870439290533,False
3173,1.7068414199640554,False
3389,1.7057150342488157,False
5881,1.70540788671215,False
1461,1.7049679343606705,False
4190,1.704400483149393,False
5958,1.7042432751697163,False
8145,1.7040454843298374,False
7626,1.7040370323959935,False
10121,1.7033292434480574,False
7759,1.703171709181853,False
5967,1.702998653107188,False
11108,1.698433543345546,False
6414,1.6980137975392702,False
3424,1.6980116196453054,False
11125,1.6977480771276507,False
5600,1.6972227327161713,False
3512,1.6971484946869433,False
7987,1.696877861525953,False
6995,1.6968305578772869,False
16552,1.6962001044568114,False
5957,1.6961660497761155,False
11587,1.693801514058602,False
11674,1.6913447690283223,False
6987,1.6911930612095016,False
7380,1.6907890363818718,False
16521,1.6907672324696223,False
6049,1.6903819188543974,False
11215,1.6902789075643456,False
8546,1.688218530774086,False
2875,1.6879894958392052,False
10939,1.687550070481362,False
10873,1.686307363444116,False
5944,1.6854295163034658,False
9557,1.68529030877919,False
6486,1.6852083554205386,False
8558,1.6849286891658641,False
19991,1.684152830772473,False
11994,1.684071921118365,False
8528,1.6828898123395102,False
6103,1.6826923582986746,False
11380,1.6825112455495805,False
5729,1.6822568583129005,False
6460,1.6821240723284312,False
8867,1.682116746644565,False
5338,1.6820004858378392,False
7669,1.6815495178627526,False
3949,1.6815394527849201,False
11696,1.681515706879586,False
6548,1.6798500824684055,False
3053,1.6791989378021484,False
8564,1.6790684041488513,False
5979,1.6790536239378273,False
4718,1.6781571434226379,False
1436,1.6772609532203866,False
4105,1.6766032449262664,False
7588,1.676342201442139,False
3970,1.6762400863590727,False
4926,1.6753149551633926,False
9090,1.6749199089048714,False
2496,1.6747446244512558,False
6096,1.6743434328803444,False
6573,1.6742054382875624,False
4138,1.6720661568213027,False
3436,1.6719841033172629,False
7560,1.670213796500585,False
6200,1.6699553474621691,False
11304,1.6699381524521053,False
7104,1.668867810132511,False
7674,1.6685688090355546,False
3779,1.6682126033027251,False
16575,1.6675115895616388,False
7950,1.6666749815776143,False
8897,1.6657000125105639,False
5514,1.6654041775932287,False
11667,1.6653483742666157,False
3176,1.6645125261520923,False
6125,1.664414930033053,False
11374,1.663946476240298,False
11558,1.6639419204058905,False
12009,1.6638056613800094,False
1001,1.6637988747383687,False
5442,1.6633320979334214,False
7923,1.6621389140893208,False
2254,1.660258593753668,False
7777,1.6588820154907262,False
3938,1.658592062611746,False
3905,1.6566251887600898,False
6849,1.6565151368498872,False
15342,1.6559275186822404,False
8738,1.6553884036441326,False
13344,1.6551909501000397,False
6895,1.6542429052902219,False
12027,1.653300214722817,False
5907,1.6531066070576341,False
2815,1.651937125525807,False
2942,1.6516856808588365,False
8515,1.6500526255135979,False
8440,1.6498916136013273,False
7720,1.648642865271949,False
11645,1.6485225617317787,False
12042,1.6482191999218667,False
8483,1.6478201937949746,False
3833,1.6473113673212096,False
3998,1.6472870766064713,False
6498,1.6468048509716127,False
2818,1.6466322120859314,False
4078,1.646026852871318,False
3409,1.6454903235110527,False
16543,1.6448940876686207,False
8553,1.6435294431344967,False
7984,1.6421828734417439,False
5573,1.6418249239447316,False
3946,1.6415986437726708,False
4019,1.6413522692448148,False
8450,1.6406104944495619,False
11546,1.640408587996347,False
9597,1.6400720805151185,False
7845,1.6399523857659495,False
7044,1.6394787857831048,False
4449,1.6393385181667233,False
19468,1.6391926542142374,False
6458,1.6380869394388258,False
4172,1.6370757383517907,False
5919,1.6362121906184088,False
7183,1.636097144290122,False
6283,1.63597852807123,False
8746,1.6346652774647779,False
8003,1.6329420657325269,False
9267,1.6327184761846332,False
3962,1.6326445061546075,False
6507,1.632503688871839,False
7463,1.6316700939571618,False
8737,1.6290474465116827,False
10937,1.6289348384067095,False
8456,1.6273691492256885,False
8506,1.6271771167949054,False
5823,1.6265215652181353,False
8559,1.6264098708424166,False
6273,1.6251511776501113,False
10922,1.623252151779675,False
2186,1.6232515027257204,False
6545,1.623065982721807,False
8699,1.623030163211618,False
8009,1.6221901557029197,False
8556,1.6221157759214964,False
13412,1.6216414511933568,False
7679,1.6214332257424076,False
5767,1.6213881232790315,False
8491,1.6207887514358048,False
8272,1.6205681508817098,False
8098,1.6201567300633322,False
16523,1.619447339086892,False
6881,1.6193671177435016,False
11668,1.6193327517538503,False
10926,1.6191026927519916,False
10959,1.6174302006871626,False
5448,1.6164910588341437,False
11658,1.6164342787335046,False
10180,1.6160745489168455,False
11165,1.6154399971848905,False
7087,1.6153487662774397,False
3685,1.6153031500972568,False
8525,1.6145446864443729,False
11657,1.6142784946767215,False
11356,1.6142636675290918,False
3877,1.6135051385628256,False
7060,1.613288805944423,False
10971,1.6131366565640768,False
7555,1.6131084033128462,False
11663,1.6127751993013586,False
6107,1.6121108127462227,False
11302,1.610760638343181,False
8914,1.6106734829153933,False
3178,1.6102995682617451,False
6953,1.6092763413312263,False
7688,1.6092001484660026,False
19505,1.6088273412231588,False
1000,1.60795140794772,False
2844,1.6067736023827859,False
11378,1.6057149139361364,False
3917,1.605543200629759,False
7189,1.6053361662388177,False
2870,1.6052929798342972,False
8782,1.6050806538933209,False
3054,1.6037005607427899,False
5966,1.6029887124102427,False
7872,1.602067624860429,False
4541,1.601656211639296,False
8477,1.60056875360306,False
11244,1.6004986752955488,False
4660,1.600150104879381,False
7878,1.5996556646566988,False
6931,1.5992130937901088,False
8459,1.5990002215100225,False
6477,1.5982200651996537,False
5428,1.5981782378361067,False
20157,1.5977074417540635,False
3191,1.5971508426834355,False
11551,1.5968094652987794,False
7606,1.596188867593236,False
10785,1.5955280380952122,False
19649,1.5939452618146812,False
7938,1.5935186432340034,False
2191,1.5928734894220067,False
11183,1.5921840360490096,False
6140,1.5909492637998532,False
6110,1.590531609464164,False
10126,1.5897959314977808,False
16361,1.5897756546302482,False
7255,1.5890948073459432,False
6313,1.5874110339571414,False
9055,1.5869209349203777,False
6898,1.586361223119643,False
6480,1.585932859282416,False
3987,1.5859321108849662,False
2987,1.5854518508921451,False
7853,1.5851508774233842,False
3715,1.5848372664080224,False
3038,1.5835257698980585,False
8348,1.5828474816187708,False
2261,1.5827150788698403,False
13199,1.582306867503922,False
2463,1.582267068796352,False
19953,1.5813555029327306,False
15252,1.5810418449531696,False
7762,1.5802493404159121,False
5587,1.5781521538751084,False
6878,1.5778468483598354,False
2918,1.5776313622697151,False
6885,1.5775942071638367,False
6437,1.577152338495924,False
5454,1.5761073227296398,False
10195,1.5754267369747819,False
3392,1.5733134976894498,False
5058,1.5725212291084114,False
8472,1.572095102343714,False
7338,1.5716962556380056,False
7549,1.5712607926773456,False
8988,1.5694159680036188,False
7970,1.567755502042118,False
6875,1.5674100412896959,False
9151,1.5657232014327491,False
5782,1.5656139798672504,False
6436,1.565607457312713,False
3238,1.565504785110115,False
6943,1.5642417597068952,False
3850,1.5641549965845174,False
6816,1.5635133717684786,False
5841,1.5632847474814402,False
11242,1.563055814728635,False
8452,1.5621119829746695,False
6752,1.5609184391072017,False
13282,1.560025083085896,False
20464,1.5596961367023856,False
4079,1.5589626777289762,False
7067,1.5574996318241618,False
8905,1.5571940037318246,False
16505,1.5565860241923413,False
6946,1.5565026450053319,False
11087,1.5541345527981507,False
5419,1.5536645082991645,False
3767,1.5534303674416365,False
7812,1.5527081394490754,False
5316,1.5522173227823046,False
7879,1.5516945210777568,False
7096,1.5515081269396567,False
6426,1.5513327029014823,False
2027,1.551091001726451,False
10778,1.5505160918712386,False
7740,1.5504069661614164,False
20475,1.5485860883306617,False
8268,1.5479478433280018,False
3379,1.5471144124941056,False
11156,1.5462266859824627,False
8700,1.5461795983339726,False
8479,1.5456052302457781,False
7647,1.5444103828670181,False
20128,1.543965205145123,False
7020,1.5429890798419978,False
7681,1.542352452529336,False
19448,1.5421634245575149,False
8689,1.5415772286844103,False
6307,1.5414385794243488,False
19600,1.5409940027104843,False
10170,1.5407968051651375,False
3244,1.5407503515391756,False
11298,1.5406761608489399,False
7926,1.5405921197449253,False
5737,1.54054689094834,False
8676,1.5403283408314206,False
10174,1.5387970262515047,False
8524,1.5378955601208046,False
10782,1.5372609769392094,False
10933,1.5367723546979581,False
8540,1.5356955215997208,False
7259,1.53520531709025,False
5556,1.5348162864006114,False
3671,1.5347944735449413,False
10098,1.5347459266663126,False
7741,1.5338213167588512,False
1286,1.5332334816215543,False
2980,1.532162643726818,False
7119,1.531247977220418,False
11164,1.5304166897623124,False
8537,1.5303288137798732,False
3899,1.5300718451864372,False
3812,1.5295529408507467,False
2938,1.5292454811245821,False
8567,1.5290060753658063,False
16570,1.528204779668978,False
8532,1.5278047098518193,False
7022,1.5277510209499559,False
11346,1.5268355544337027,False
10234,1.5267625878031188,False
5930,1.526628677878402,False
3650,1.5265939555263581,False
6122,1.52649953363877,False
8420,1.5264060653416398,False
7842,1.5262945048436944,False
7939,1.5261615577542837,False
7012,1.5259955432565917,False
11109,1.5247440751751782,False
7783,1.5246512180142018,False
11684,1.5235971219971072,False
8860,1.522232679607272,False
7810,1.5216234147661312,False
10877,1.5213648882433022,False
11312,1.5211604524898323,False
6820,1.5211301158353825,False
2841,1.5209234687552131,False
7161,1.52088885196782,False
11286,1.5199758155486034,False
15438,1.519487830118793,False
10196,1.5182733682772227,False
6461,1.516963146299401,False
6999,1.5168473347443063,False
7027,1.5163095360732228,False
8076,1.5154979950877765,False
8273,1.5151367980476134,False
3961,1.5140577417802374,False
2471,1.5133891810420415,False
5909,1.5132782889500784,False
10941,1.512926067264111,False
9057,1.5128338026262993,False
3895,1.5124644737821273,False
11386,1.5122558188615844,False
5758,1.511321290334589,False
8744,1.511219821409163,False
6479,1.5111187332032099,False
8177,1.5105928038389584,False
11553,1.510412401330142,False
5060,1.510084316251064,False
9545,1.5100790095264331,False
11347,1.5100022498983598,False
10111,1.5098204815217162,False
8471,1.5090225366605297,False
6048,1.508840034463348,False
8598,1.5071659778281266,False
8002,1.5066502578784533,False
7073,1.506077753290299,False
6936,1.502867086924657,False
3250,1.5028111942412612,False
5953,1.5024749222030271,False
20459,1.5024006282032334,False
7729,1.498912694975005,False
16524,1.4986274881619996,False
3580,1.4981963534099596,False
3933,1.4978696375045781,False
7719,1.4971680272029158,False
6327,1.4970326623157657,False
8004,1.4968293118044858,False
7707,1.49568579568761,False
8458,1.49550717809156,False
11139,1.49506567306409,False
11353,1.493600131383931,False
10776,1.493592383189168,False
7016,1.492750101649619,False
11245,1.4926701785360845,False
10145,1.491603417041616,False
11174,1.4911710281977824,False
6874,1.4904107833424804,False
11471,1.4898313523556368,False
10985,1.4894408383246178,False
8500,1.4893359038994851,False
3594,1.486405526092982,False
20127,1.4858063581527199,False
7052,1.484562762178598,False
6867,1.483982882558187,False
8141,1.483924293981297,False
20446,1.4831359877190058,False
11130,1.4828705961732336,False
6469,1.4823388216403215,False
6286,1.4823141115015952,False
7915,1.4821529941100762,False
6362,1.4821384401209494,False
4360,1.480053384164375,False
6191,1.479503535692495,False
6168,1.479491054983801,False
6908,1.4787980193717436,False
11323,1.4765982301195288,False
8777,1.475201504631566,False
11310,1.4746506517096263,False
8601,1.4738556099440183,False
6238,1.471835625791555,False
3727,1.4706033096477018,False
2940,1.4703040313864686,False
7352,1.469258652469616,False
7018,1.4690659173192295,False
10795,1.4685040079975673,False
4712,1.468461413285925,False
6778,1.4682917412767038,False
8140,1.46781905328581,False
6457,1.4678049818713372,False
7076,1.4673417614786084,False
19997,1.4672752749964626,False
3628,1.4659839585554681,False
3747,1.4635213335592998,False
10194,1.4631899470894183,False
7731,1.4630100544084117,False
7814,1.462637207724467,False
4098,1.4621308617680342,False
3569,1.4620164455700944,False
5949,1.4618610312449203,False
8340,1.461172161105539,False
6474,1.4608855208132043,False
11227,1.4596430509350347,False
5374,1.4589452895282862,False
13248,1.4588753539267554,False
11114,1.4582953207834626,False
7973,1.457477731593769,False
6810,1.4570151788366736,False
7820,1.45643444279461,False
3625,1.456418308650245,False
11656,1.455913204806024,False
3209,1.4549454718137227,False
9086,1.4521860626493588,False
7641,1.4515713945652196,False
9549,1.4515659831708145,False
7776,1.4509887392132454,False
6924,1.4509035601768012,False
11654,1.4503699546616495,False
4054,1.4500755927563815,False
8189,1.449238014505879,False
7962,1.4489118993089019,False
5668,1.4486648225528906,False
11143,1.4466605170675084,False
3490,1.4452058141299553,False
2507,1.4451424167903835,False
11054,1.4448913502795788,False
8333,1.4447276233621866,False
4480,1.4436299418240006,False
6939,1.4432624118310748,False
6197,1.442928617024724,False
5609,1.4422749291592956,False
4439,1.440968361112117,False
3884,1.4406806351029953,False
6250,1.4406260606452044,False
7632,1.4405169673366216,False
9110,1.4397330369870556,False
6104,1.4389870472880242,False
7083,1.438779801727259,False
6465,1.438521660807079,False
8455,1.4379901945718205,False
6386,1.436591653575816,False
4062,1.4361464659603238,False
7023,1.4358612065324783,False
10925,1.4330363518409346,False
6992,1.4328557277403684,False
4477,1.4325055430463625,False
6984,1.4321821303789095,False
7296,1.4311543829083395,False
5356,1.4309379758945164,False
3880,1.4287012338103267,False
11291,1.4285998592451543,False
6092,1.4284813594681145,False
5480,1.4273943192358605,False
6154,1.4272692647354575,False
2063,1.423222142270692,False
6998,1.422397490855852,False
7005,1.4217108060623218,False
9079,1.421471827800819,False
11456,1.4204962914513146,False
3907,1.4198573920789714,False
7788,1.4197186419455359,False
8516,1.4188531935509197,False
6872,1.4177047955095912,False
4659,1.4168417441855117,False
7687,1.4161288986916771,False
5970,1.4150450918788717,False
10421,1.4150146183934273,False
10086,1.4145388698101735,False
6059,1.4131007101773125,False
7954,1.4129849089603144,False
9555,1.4114479949276348,False
5288,1.4111231938971707,False
13208,1.4094964940677013,False
6410,1.4088404906685787,False
5980,1.4081559094136846,False
3716,1.4080934911707266,False
8550,1.4080748001843646,False
2965,1.406773645652673,False
3491,1.4066040651676397,False
3763,1.405841436887691,False
4717,1.4053444020614383,False
6865,1.4027467209003004,False
6235,1.4015001304507182,False
7770,1.3990626129777155,False
10253,1.3989407459437508,False
1008,1.3983460546335458,False
3459,1.3977224157534855,False
1002,1.3958363896084727,False
5603,1.3949050478474434,False
5798,1.3945817712179451,False
6182,1.3945317009147074,False
11443,1.392856635537136,False
6817,1.3927322700545055,False
6536,1.3921911270127336,False
6398,1.391214456230787,False
10962,1.3904677268043413,False
4716,1.389879848289165,False
8697,1.3894863407798521,False
3385,1.38742842628678,False
6165,1.3868692744728888,False
10973,1.3867470769521173,False
10186,1.3867286844199622,False
7347,1.3860292905799918,False
3624,1.3851711270177516,False
7041,1.3848789333936242,False
3927,1.384838116174727,False
3885,1.3842356697279923,False
6988,1.3839835764798267,False
2474,1.3827312707013604,False
9223,1.3812948447636324,False
7079,1.3812386061174884,False
4776,1.380565616471594,False
10876,1.3802210515509206,False
5580,1.3787881731411638,False
3514,1.3782726974297872,False
10966,1.3777942131742638,False
8719,1.3777234519424195,False
6284,1.3769781832700598,False
10197,1.3743793603554737,False
8088,1.3734533982950947,False
10096,1.37329773368503,False
10094,1.3727184202882308,False
2831,1.3719283722015847,False
6279,1.3713402669130685,False
20495,1.3707075783873246,False
10109,1.3705416070574268,False
3013,1.3704553063840708,False
5707,1.3697680836931059,False
9164,1.368450760849284,False
8959,1.367916201521715,False
10845,1.3673898101313755,False
5939,1.3662131718577122,False
11574,1.3647564897829696,False
11195,1.364591201473714,False
19500,1.3627770489438635,False
7683,1.360766228363052,False
10185,1.3604355771104757,False
8514,1.3580662283231595,False
6159,1.3574593297191084,False
6945,1.3573784094531058,False
3856,1.3570361100716302,False
3591,1.3569259832446556,False
3849,1.3561332701475186,False
3744,1.355928155115701,False
2964,1.3540828331778902,False
6520,1.3527934333589609,False
6014,1.3518000576175933,False
7559,1.351467202247827,False
3737,1.3513284282735845,False
7686,1.3509226834692,False
11102,1.3491626310143623,False
11335,1.3465450752743857,False
16584,1.3453698229174957,False
6185,1.3445101602785794,False
6265,1.3440712604398648,False
2939,1.342192876626485,False
10895,1.3413919920472832,False
5992,1.3398773082933824,False
11241,1.3391455438652349,False
2913,1.3376611164081142,False
6539,1.336415677632247,False
10089,1.3352866523949913,False
6534,1.3345372924958898,False
7874,1.3344657211821511,False
8289,1.3338056858666603,False
7860,1.3326625510661971,False
11246,1.331653090634175,False
11371,1.3304631633576225,False
11116,1.3303551079519664,False
6994,1.3293453255880472,False
4020,1.328258256533075,False
9088,1.3275894908795554,False
11296,1.3275516021516642,False
19480,1.327126012602203,False
6360,1.3270441320291706,False
6488,1.326764848865734,False
11669,1.326563594825001,False
2941,1.326563370557491,False
3909,1.3255119218502411,False
3496,1.3248929119929398,False
7713,1.3246729577665013,False
8557,1.3245202624034103,False
8780,1.3244735032481443,False
3881,1.323760078268405,False
3955,1.3235168162640245,False
3390,1.3234244594247264,False
19451,1.3228609652101975,False
3904,1.3221290041488012,False
3803,1.31980729616187,False
5586,1.3186851916262272,False
3464,1.3185837061849917,False
5425,1.3184588000322806,False
7003,1.3180357294816138,False
11646,1.3178233079831276,False
9120,1.3171952656178632,False
7065,1.3171949966423924,False
7056,1.3165355303943471,False
3499,1.3148556410691026,False
11369,1.3146664008775586,False
3517,1.3146608163194389,False
8372,1.3140406961933406,False
3889,1.3137387486543113,False
3732,1.3136334892768353,False
11482,1.3126444244749864,False
11154,1.3122415116758352,False
11523,1.3114055054302862,False
10987,1.310749719803952,False
3582,1.3099619288437971,False
6276,1.3085370069805515,False
5602,1.3078056172311912,False
3439,1.3069028384177506,False
6665,1.306563662656052,False
7029,1.3056891414926688,False
5904,1.3046692655203584,False
7445,1.304263820160978,False
3847,1.3041909374362646,False
11336,1.3039014408482235,False
6942,1.30240342243909,False
20402,1.3016780032968083,False
5579,1.3016329476270383,False
6130,1.3007053446704164,False
3063,1.300482826184935,False
6354,1.3002926568378799,False
6837,1.299018611648255,False
3640,1.2984226491812831,False
10181,1.29838522774146,False
6900,1.2983397431399046,False
5593,1.2976823265055404,False
20133,1.296163655673617,False
11022,1.2957501501893525,False
3254,1.2948011638019665,False
3761,1.2923916015713677,False
8966,1.291174157384201,False
8367,1.2910821321755521,False
3923,1.2904881324025572,False
7037,1.2904511370981702,False
5501,1.2892479303534752,False
6201,1.2886007177866663,False
6252,1.2877097328281524,False
3610,1.2870714665315075,False
3627,1.2863351583228113,False
3736,1.2861823036080544,False
6262,1.2855041046789948,False
6270,1.2854168475446865,False
3916,1.2853673939079253,False
11112,1.2851459584967593,False
3019,1.2838462329875824,False
6155,1.2838098695367801,False
11655,1.28009910464022,False
1278,1.2788296345450672,False
4753,1.2786494061252385,False
20458,1.2784569967666346,False
7920,1.2781729066227752,False
6083,1.2780142093642128,False
11636,1.2775302512486064,False
3967,1.2774767577601693,False
3521,1.2771093910236144,False
8769,1.2766855096525629,False
3869,1.2763300066279375,False
6099,1.276119492332592,False
5726,1.275995620233613,False
8974,1.2759913784413865,False
2949,1.275068352999784,False
2465,1.275062938413079,False
3444,1.2741568637935305,False
6171,1.2740416318134304,False
5591,1.2736013000911623,False
11602,1.2697264303634808,False
3661,1.2693653112683876,False
3497,1.269178109352835,False
6272,1.2669826040259773,False
8001,1.2648584354813166,False
3674,1.264832013086947,False
7642,1.2635910245711215,False
6454,1.2613853408024296,False
7036,1.2611974410875493,False
3690,1.2610263876092582,False
10807,1.2604390733783548,False
6269,1.2599261194654865,False
11329,1.2599153734822552,False
11033,1.2596554922319,False
9121,1.25965117228708,False
8000,1.2581693462504475,False
4187,1.2579706544091183,False
7922,1.257234995284576,False
6229,1.2562158652766318,False
9637,1.256037743715448,False
7749,1.2556464412970079,False
5515,1.2549649555062778,False
9533,1.2535018856200981,False
3515,1.252600938550442,False
6215,1.2513225291573233,False
3636,1.2510645399672344,False
7684,1.250978021724856,False
3832,1.2496786034142489,False
6294,1.2495350545109263,False
6112,1.2493628093206732,False
8740,1.2491098195972747,False
3906,1.2490762128594683,False
8741,1.2470674373989938,False
11268,1.2450952419460917,False
13190,1.2443239832462094,False
7913,1.2441848079358238,False
6082,1.2427086732759198,False
6268,1.241920583426169,False
8683,1.2397156269640175,False
4175,1.239634893122128,False
10085,1.2390857756044111,False
7249,1.238617975100969,False
6225,1.238486895392473,False
7827,1.2383964799927427,False
6318,1.2376352558879757,False
7028,1.2376287097228724,False
7032,1.2370645722065485,False
6961,1.2369302595971217,False
2824,1.235529061616799,False
7927,1.2351135517771525,False
2821,1.2339980197983245,False
3372,1.2334816495887462,False
7002,1.233449015580634,False
6312,1.2333593004972103,False
8476,1.232311865550678,False
3501,1.2319511396812923,False
6172,1.2315050519790551,False
3862,1.2301538133017802,False
6993,1.229399398313424,False
3518,1.2268946315179627,False
3166,1.2259202672969887,False
10769,1.225783747811331,False
3541,1.2251836305593304,False
7174,1.225167366465799,False
10215,1.2249652429350748,False
3203,1.2242366870036074,False
7909,1.2215542247379014,False
10112,1.2186734717035907,False
3874,1.2171523106285227,False
5950,1.2164357015547234,False
11565,1.2161917756912208,False
7049,1.2157921996286607,False
10863,1.2148481648238754,False
8512,1.2142399079636546,False
7916,1.2129042739628635,False
3696,1.2123722123199618,False
6940,1.2120298256432003,False
6088,1.211526292516906,False
8502,1.210605434795439,False
11554,1.2100353463742275,False
3804,1.2081887031963912,False
6387,1.2081042193973226,False
3399,1.2070038632462512,False
3891,1.2069010342680133,False
7078,1.2068012030714783,False
6944,1.2061855022642578,False
7673,1.2043859347746255,False
3584,1.2034942690993666,False
6950,1.2032097960316275,False
7059,1.2025321286280795,False
6230,1.2017469503529616,False
8511,1.2016868155597713,False
7531,1.2014641413152019,False
8886,1.2012003483021387,False
7050,1.2003033089661823,False
2951,1.199709727959467,False
3427,1.1994170940908695,False
7925,1.197316437450099,False
6361,1.1963360712409932,False
2819,1.1962908429461052,False
6227,1.195367743320861,False
10847,1.193731924022999,False
3506,1.1936324292204321,False
11062,1.1913696125276685,False
2991,1.1910225518327653,False
10771,1.190934197586146,False
11568,1.190628364524196,False
11321,1.1887121594232504,False
6263,1.1887017517627685,False
7760,1.1877011717179249,False
6282,1.1874906275123367,False
6889,1.1874070688363654,False
11004,1.1872678210312673,False
6538,1.185574777363005,False
3888,1.1855517720610382,False
8541,1.1846229760293743,False
13283,1.183371006466988,False
5956,1.1833205485561145,False
7952,1.1815406545630474,False
11670,1.1800896145426067,False
7735,1.1797351206938536,False
3428,1.1778224259269277,False
7034,1.1749845763414033,False
6353,1.1742456770491811,False
7006,1.173799873375966,False
7855,1.1729085168144708,False
7906,1.1718221521896357,False
10175,1.1717069283557278,False
7057,1.1701151231593334,False
6996,1.169110027431234,False
3564,1.1686379011184442,False
8684,1.1675234971212114,False
11135,1.1669078121093461,False
10136,1.1667969734436312,False
20434,1.166482290974216,False
6742,1.1653498391610762,False
8533,1.1650813982994568,False
8519,1.1645723330327886,False
6654,1.163386991754635,False
3373,1.163103077409144,False
8701,1.1629325326157396,False
7742,1.1624363793804688,False
11265,1.1621538290461029,False
6828,1.1612856721548246,False
3796,1.1608203115962552,False
6907,1.1605154603607657,False
3431,1.1597565471853961,False
7131,1.1593362858490908,False
3613,1.1591582884600797,False
8881,1.1583443324298437,False
6859,1.1579581432288286,False
6177,1.1576975318235725,False
6255,1.1574500732743935,False
3223,1.1570860113469925,False
11282,1.156330057044749,False
10864,1.1558206811899279,False
3966,1.1548592598069622,False
4053,1.153991717052981,False
7743,1.1536656633678808,False
6415,1.153389716450512,False
5571,1.1533331951720625,False
6746,1.1494577394483803,False
3565,1.1491907696295809,False
5343,1.1454977890444416,False
8903,1.1449645748451884,False
3504,1.1444750547605729,False
3873,1.1427394937627828,False
6202,1.141093510046292,False
10832,1.140623928210986,False
3632,1.1403965170554202,False
3005,1.1397224592049366,False
7680,1.1383422658978701,False
7953,1.1367391777328733,False
8043,1.1366051223904003,False
10986,1.1351923617189605,False
11192,1.1346142954516507,False
7024,1.1339846429817033,False
5899,1.1336075390548381,False
7779,1.1302584746998887,False
7629,1.1296283900630302,False
6127,1.1294858859962673,False
10983,1.127264303593888,False
3602,1.126336564277834,False
3655,1.1262291234162771,False
6938,1.1260482847494053,False
3897,1.124177296832639,False
4004,1.1241354213648405,False
8781,1.1234352919044097,False
3637,1.1231448104236574,False
6891,1.1227642397684265,False
2871,1.1211076783232656,False
3988,1.1206827986653847,False
7813,1.1205563847370223,False
3420,1.1205082461591847,False
7066,1.1201941451718866,False
6234,1.1191857397346734,False
8775,1.1164429830570683,False
7342,1.1163525244786463,False
10964,1.1163371864545617,False
9633,1.1147626439999838,False
6081,1.114644846960891,False
7670,1.1141548643463883,False
7817,1.1132500483340197,False
3852,1.1127217728119403,False
10178,1.1110696361409538,False
5734,1.1083745122969795,False
10255,1.1068440995106705,False
6146,1.1023566775134013,False
7643,1.1021664975781271,False
6495,1.1017601988573897,False
6787,1.1015791851524623,False
7746,1.0999687134641642,False
3745,1.0993641278622308,False
6166,1.0992014522038724,False
6254,1.094320350708359,False
8604,1.0935014528656084,False
7829,1.0922517352337522,False
6935,1.0920484275162892,False
3924,1.0912472654704126,False
7118,1.090982515386541,False
3876,1.0908379429194908,False
10176,1.0907351125829,False
6403,1.0902447005903904,False
7789,1.0896496717481927,False
2960,1.0891233941371488,False
6905,1.088298413262347,False
7722,1.0882062742478373,False
5416,1.0872161880233993,False
7111,1.0862605043568916,False
6397,1.086053701819095,False
6821,1.0860308151289946,False
6295,1.0859264389131802,False
9111,1.0850503530478997,False
7918,1.084814602569324,False
3810,1.0844461054451304,False
19619,1.0830498544885683,False
3719,1.0821886022117,False
10120,1.081306427852616,False
5976,1.0784808571179907,False
3754,1.076239691749437,False
10981,1.073706832593314,False
3526,1.0713645069167939,False
3896,1.0690321314712046,False
3740,1.0662737117184196,False
2855,1.0656463283010644,False
6937,1.0654476365693784,False
7682,1.0644113530235204,False
3630,1.0641592226520484,False
8513,1.0637231710851958,False
8776,1.063331223214802,False
4083,1.0629642892622035,False
11322,1.0617723528873952,False
3765,1.0606664162964043,False
3865,1.060164533960624,False
4027,1.0589340077606233,False
6487,1.058899666268518,False
11680,1.058696879874316,False
6811,1.058633897485115,False
11575,1.0571037895095117,False
6496,1.0567740318262882,False
20496,1.0542006348327315,False
5358,1.0502414715830843,False
5903,1.0497328562266135,False
3448,1.0493887087027916,False
3859,1.0483904865297158,False
8482,1.0483813982755072,False
11173,1.0479889076246796,False
10214,1.0478966938067789,False
5718,1.0473095336416107,False
7021,1.0469513544342526,False
5706,1.0455231163006031,False
10256,1.0445086353455357,False
3892,1.0426984870501796,False
6861,1.0420044850466956,False
6475,1.0415156113424584,False
8686,1.0383280154657468,False
4096,1.0382836686235046,False
3510,1.030170078190939,False
11064,1.0293547154031675,False
6505,1.0271920500278595,False
6189,1.0271517154459007,False
8457,1.0269827824636373,False
5695,1.0239668110633038,False
3449,1.023942007944344,False
6281,1.0235575605702056,False
3735,1.0234259934302226,False
3920,1.0230521477623293,False
11559,1.0229518467727967,False
6251,1.0220777148622542,False
3157,1.019662610687457,False
3989,1.0167229453462534,False
7055,1.0148246306451991,False
3853,1.014519936829424,False
3684,1.0139932037285933,False
11560,1.0139730041416781,False
9117,1.0118566063041792,False
7784,1.0104465228905912,False
4088,1.0078591286493,False
3898,1.006543423097666,False
6232,1.0064867154702455,False
6540,1.0052398031746534,False
3612,1.00232711444822,False
11027,0.9985082566123102,False
3724,0.9968106702131285,False
6400,0.9961340411462904,False
3680,0.9916537712875813,False
3445,0.987794418322987,False
10132,0.9865656298479824,False
11168,0.9851725368715263,False
7058,0.983868188502937,False
6441,0.9829450189484454,False
10113,0.9827275646683562,False
7054,0.9826538537248268,False
6923,0.9825394653950141,False
3785,0.978744627233147,False
11111,0.9782667332251895,False
3679,0.9778312341689643,False
6760,0.9760510024714923,False
10095,0.9756404558947915,False
2982,0.972443516823761,False
11138,0.9717221351221035,False
4081,0.9690954648274275,False
11262,0.9679685089847885,False
3437,0.9672059729387996,False
6489,0.9658523161500447,False
11032,0.9641789662863047,False
6264,0.9630775442118775,False
6249,0.9630423434873903,False
10093,0.9610317755007438,False
6745,0.9599028581096292,False
3857,0.9576398078125956,False
6751,0.9562730740530858,False
6319,0.956095144879864,False
6860,0.9536354033973389,False
2983,0.9513049455728907,False
7672,0.9502961815761592,False
5824,0.9456396573913719,False
6274,0.9453427141612938,False
7652,0.9398320326801284,False
7074,0.939402502010318,False
3681,0.9393287522089535,False
7734,0.9384536859476253,False
2493,0.9359175489763026,False
6443,0.9353292506407893,False
11259,0.9342642961520635,False
11585,0.9338641459003236,False
3670,0.9302430012509308,False
3044,0.9299322093826605,False
6363,0.9299197976628335,False
5434,0.928598163371043,False
5693,0.924239365049059,False
7769,0.9235852846324963,False
10183,0.9225886824854985,False
3500,0.9214745426739297,False
11676,0.9140007575027678,False
11214,0.9119923865254203,False
10117,0.9117983659151561,False
11328,0.911427423501455,False
3675,0.9025470805166083,False
3587,0.9025281515518881,False
6106,0.9006050831146819,False
11197,0.8997116260865798,False
11159,0.8956288612866281,False
7095,0.8884228465250326,False
3536,0.8858198260994592,False
5913,0.8839204431046546,False
3831,0.8794173383727792,False
3879,0.8750122932782021,False
3653,0.8738767830111236,False
3660,0.8738667667428683,False
7510,0.8701512032547281,False
3626,0.8691346269690383,False
11222,0.8664081096528813,False
3822,0.8662838191118203,False
11232,0.8659419391840144,False
3398,0.8654490398721033,False
7064,0.8638604198933146,False
3774,0.8622731676117152,False
3818,0.8617826987754198,False
6926,0.8616224200051921,False
11095,0.8603029993581952,False
9157,0.8589748564466273,False
6838,0.8580353824334268,False
6716,0.8579956933569841,False
6531,0.8572444334401963,False
11233,0.8568522400869272,False
3401,0.8548060790880996,False
3657,0.8540477985276715,False
9182,0.8528945926614664,False
11541,0.8528100384097446,False
3606,0.8511185586123204,False
5708,0.8504911261514727,False
7910,0.8483429010787509,False
11327,0.847179846109106,False
3631,0.847115303654046,False
3619,0.8463707394402049,False
4087,0.8434043628631849,False
6812,0.8429113911475161,False
11664,0.840044497051534,False
11666,0.8383246774671491,False
3611,0.835964205022218,False
3384,0.8342108930005634,False
5938,0.8300560526677137,False
7678,0.8295505946630861,False
10116,0.8215135832791853,False
3868,0.8190509193165347,False
3566,0.8151964611505091,False
3252,0.8107291718592626,False
2847,0.8073214889823104,False
11184,0.8050569159832355,False
3423,0.8041550760456011,False
7042,0.7948244644332814,False
5713,0.7942310351941613,False
3861,0.7928997308577319,False
3658,0.7911892561154676,False
3902,0.7903985091231325,False
4066,0.7892160724079587,False
3929,0.7845850094914646,False
11238,0.7808572014741308,False
6453,0.7769079704291402,False
5839,0.7698689587097749,False
3855,0.758913447988288,False
3678,0.7539158215436399,False
3416,0.7449826772311159,False
20479,0.7406528999692525,False
4176,0.7276912692284463,False
2854,0.7240373549778356,False
3456,0.7125557560477014,False
6442,0.707041016067782,False
6300,0.7037961438947864,False
3835,0.6957465315427438,False
3766,0.685402303246522,False
3872,0.6835524266003745,False
3066,0.6834056427150836,False
3600,0.6767937065104477,False
9644,0.6740226116680597,False
3465,0.6722138742933534,False
3764,0.6626435073288457,False
3875,0.6622714888834498,False
3913,0.6597841181057138,False
6491,0.6596485330973891,False
2489,0.6547843946348717,False
3664,0.648663308230756,False
2846,0.620667766529752,False
3417,0.6191440304507911,False
5902,0.5857318124616757,False
2806,0.5225446119075892,False
